"Opportunity Owner","Account Name","Opportunity Name","Stage","Close Date","Created Date","Business Portfolio","Opportunity Type","Type","Business Type","Etimad Type","Opportunity Number","Total Contract Value (TCV)","Customer Submission Date"
"Rawan AlMusayid","Project T","Position prices","4-Submitted - Under Evaluation","30/11/2026","11/08/2024","Giga","","Sell Direct","MPO","Non Etimad","","1500000","10/09/2024"
"Khalid AlEnezi","Ministry of Defense ? Executive Affairs","OP-2024-152474 MOD stc MOH EA ccc","6-Cancelled","26/04/2026","26/01/2025","Sales & BD 1","","Sell Through solutions","MPO","Non Etimad","","34346724","29/01/2025"
"Khalid AlEnezi","Ministry of Defense ? Executive Affairs","OP-2024-152419 - MOD Arkan Buildings","7-Handover Completed","29/03/2026","06/02/2025","Sales & BD 1","","Sell Through solutions","MPO","Non Etimad","","17313799","13/02/2025"
"Rawan AlMusayid","ASMO","RFP labor - project 24","6-Dropped","31/03/2026","13/02/2025","Sales & BD 1","","Sell Direct","MPO","Non Etimad","","1500000","20/03/2025"
"Bayan AlOlayan","Ministry of Municipal And Rural Affairs-Riyadh","My City Offices Operations V.1 Project","6-Cancelled","06/07/2026","19/03/2025","Sales & BD 2","RFP","Sell Direct","CLM","Non Etimad","SF-2025-0128","120000000","06/07/2026"
"Majid Al-Faifi","SDAIA - National Information Center","Meteorological Platform Project","6-Lost","01/02/2026","15/04/2025","Sales & BD 2","RFP","Sell Through solutions","MPO","Etimad","SF-2025-0209","8000000","20/04/2025"
"Khalid AlEnezi","Ministry of Defense ? Executive Affairs","MOD Mega Project","6-Cancelled","03/02/2026","17/04/2025","Sales & BD 1","RFP","Sell Direct","Facility Management","Non Etimad","SF-2025-0217","107011435","31/07/2025"
"Ali Bin Zeair","Solutions by stc","Novation Agreement with Solutions & CCC & Schenker","6-Dropped","10/09/2026","23/04/2025","STC & Sub","RFQ","Sell Direct","SCM","Non Etimad","SF-2025-0258","0","09/09/2026"
"Ziyad Aldriwish","General Authority of Civil Aviation","Customer Care Center - CC","6-Lost","08/02/2026","23/04/2025","Sales & BD 1","RFI","Sell Direct","CLM","Non Etimad","SF-2025-0260","30897011","19/06/2025"
"Rawan AlMusayid","The National Unified Procurement Company","iNupco Framework Agreement Manpower","6-Cancelled","02/07/2026","24/04/2025","Sales & BD 1","RFP","Sell Direct","MPO","Non Etimad","SF-2025-0268","1500000","15/05/2025"
"Ali Bin Zeair","SCCC","Manpower Outsourcing Requirement KSA _ Alibaba","6-Lost","23/02/2026","28/04/2025","STC & Sub","RFQ","Sell Direct","MPO","Non Etimad","SF-2025-0278","15000000","26/07/2025"
"Majid Al-Faifi","Ministry of Interior - Public Security","Operation and Maintenance of Systems at the National Center for Security Operations in Riyadh","6-Lost","01/02/2026","28/04/2025","Sales & BD 2","RFQ","Sell Through solutions","MPO","Etimad","SF-2025-0285","39998994","30/04/2025"
"Ali Bin Zeair","Pulse by solutions","Giza E2E SCM Supply Chain  Centralization","7-Handover Completed","13/01/2026","29/04/2025","STC & Sub","RFQ","Sell Direct","SCM","Non Etimad","SF-2025-0306","2183104","07/10/2025"
"Khalid AlEnezi","Private Affairs of King Salman bin Abdulaziz","Maintenance and Operations","4-Submitted - Under Evaluation","17/12/2026","30/04/2025","Sales & BD 1","RFQ","Sell Through solutions","MPO","Non Etimad","SF-2025-0318","4109228","15/05/2025"
"Fajer Alsalloum","Diriyah Gate Development Authority","OP-2025-156150 | Diriyah Co.(DC) | Level 1 (L1) Support Contract for Network","6-Cancelled","21/04/2026","05/05/2025","Giga","RFP","Sell Through solutions","MPO","Non Etimad","SF-2025-0333","2167140","15/05/2025"
"Raed Hammad","Center3","IT Dep ? Resources","7-Handover Completed","19/05/2026","13/05/2025","STC & Sub","RFQ","Sell Direct","MPO","Non Etimad","SF-2025-0375","1538020","15/05/2025"
"Khalid AlEnezi","Presidency of State Security.","MPO Resources for NTC","6-Lost","04/01/2026","18/05/2025","Sales & BD 1","RFQ","Sell Through solutions","MPO","Non Etimad","SF-2025-0396","21463573","31/05/2025"
"Khalid AlEnezi","Ministry of Defense ? Executive Affairs","MPO Resources MOD- STCSQR-20084","4-Submitted - Under Evaluation","17/12/2026","20/05/2025","Sales & BD 1","RFQ","Sell Through solutions","MPO","Non Etimad","SF-2025-0411","571001","27/05/2025"
"Majid Al-Faifi","MOI - General Directorate of Narcotics Control (GDNC)","Unified Call Center for the General Directorate of Narcotics Control (GDNC)","6-Dropped","04/05/2026","27/05/2025","Sales & BD 2","RFI","Sell Direct","CLM","Non Etimad","SF-2025-0444","7000000","25/02/2026"
"Rawan AlMusayid","Digital Government Authority","DGA Parking Solution","4-Submitted - Under Evaluation","31/12/2026","27/05/2025","Sales & BD 1","RFI","Sell Direct","Facility Management","Non Etimad","SF-2025-0446","0","10/07/2025"
"Abdullah Alswelm","THIQAH","Ehkaam inbound","7-Handover Completed","08/01/2026","28/05/2025","Sales & BD 2","RFP","Sell Direct","CLM","Non Etimad","SF-2025-0450","1191100","17/06/2025"
"Abdullah Alswelm","THIQAH","Ehkaam Social Media","7-Handover Completed","08/01/2026","28/05/2025","Sales & BD 2","RFP","Sell Direct","CLM","Non Etimad","SF-2025-0451","624819","01/07/2025"
"Mohammed Rashed","Riyadh infostructure project center","Developing the Methodology for Current and Future Infrastructure Projects","7-Handover Completed","25/02/2026","01/06/2025","Sales & BD 2","RFP","Sell Direct","SCM","Etimad","SF-2025-0456","16868904","19/06/2025"
"Bayan AlOlayan","SDAIA - National Information Center","Renewal of Licenses and Technical Support for Data Management and Protection Systems ? First Phase","6-Dropped","04/05/2026","02/06/2025","Sales & BD 2","RFQ","Sell Through solutions","MPO","Etimad","SF-2025-0470","6000960","31/08/2025"
"Khalid AlEnezi","Maqaraat Office","MPO and FM Services","4-Submitted - Under Evaluation","17/12/2026","17/06/2025","Sales & BD 1","RFI","Sell Direct","HRO","Non Etimad","SF-2025-0501","11037975","17/09/2025"
"Raed Hammad","Aqalat limited Company","Manpower - Head of Maintenance ""","6-Cancelled","19/08/2026","18/06/2025","STC & Sub","RFQ","Sell Direct","MPO","Non Etimad","SF-2025-0507","694565","24/06/2025"
"Raed Hammad","Center3","Car renting","6-Cancelled","19/08/2026","24/06/2025","STC & Sub","RFQ","Sell Direct","Facility Management","Non Etimad","SF-2025-0547","572400","15/07/2025"
"Ali Bin Zeair","Saudi Telecommunications Company-STC Group-EBU","STCSQR-20478","4-Submitted - Under Evaluation","24/12/2026","25/06/2025","STC & Sub","RFQ","Sell Through solutions","MPO","Non Etimad","SF-2025-0551","30000","30/06/2025"
"Khalid AlEnezi","Presidency of State Security Special Security Forces","maintenance for IT networks and data center","6-Lost","19/08/2026","01/07/2025","Sales & BD 1","RFP","Sell Through solutions","MPO","Non Etimad","SF-2025-0586","1000000","18/07/2025"
"Majid Al-Faifi","SDAIA - National Information Center","RFI: Recruitment of 12 data scientists","6-Cancelled","01/02/2026","03/07/2025","Sales & BD 2","RFI","Sell Direct","MPO","Non Etimad","SF-2025-0599","100000","06/01/2026"
"Fajer Alsalloum","SAUDI BASIC INDUSTRIES CO.(SABIC)","MPO Framework Agreement - IT professional services","7-Handover Completed","27/01/2026","06/07/2025","Sales & BD 1","RFP","Sell Direct","MPO","Non Etimad","SF-2025-0610","0","15/09/2025"
"Majid Al-Faifi","Ministry of Interior - Public Security","RFI: Developing the Facilities Manual for all Public Security branches across Saudi Arabia","6-Dropped","04/05/2026","06/07/2025","Sales & BD 2","RFI","Sell Through solutions","Facility Management","Non Etimad","SF-2025-0611","1000000","29/04/2026"
"Rawan AlMusayid","Digital Government Authority","Support for Enhancing Interaction between Digital Government Service Providers and User","4-Submitted - Under Evaluation","30/12/2026","06/07/2025","Sales & BD 1","RFP","Sell Direct","MPO","Non Etimad","SF-2025-0615","16853622","20/07/2025"
"Ali Bin Zeair","Solutions by stc","STCSQR-20586","6-Dropped","11/03/2026","07/07/2025","STC & Sub","RFQ","Sell Direct","SCM","Non Etimad","SF-2025-0623","300573","12/07/2025"
"Majid Al-Faifi","MOI - Department of Telecommunications & Wireless","Satellite Communication Systems Maintenance Training","6-Dropped","04/05/2026","08/07/2025","Sales & BD 2","RFQ","Sell Through solutions","HRO","Non Etimad","SF-2025-0632","516930","10/09/2025"
"Khalid AlEnezi","Saudi Royal Aviation","SRA - IT Consultation Services Framework - RFP-2506-0148","6-Lost","04/01/2026","08/07/2025","Sales & BD 1","RFP","Sell Direct","MPO","Non Etimad","SF-2025-0635","3389127","24/07/2025"
"Khalid AlEnezi","General Authority for Military Industries","STCQR-20356- WO2_CR","6-Dropped","13/04/2026","08/07/2025","Sales & BD 1","RFQ","Sell Through solutions","MPO","Non Etimad","SF-2025-0636","278874","17/07/2025"
"Fajer Alsalloum","King Salman Park Foundation","Parsons Helpdesk Call Center","6-Dropped","30/04/2026","09/07/2025","Giga","RFQ","Sell Direct","CLM","Non Etimad","SF-2025-0641","1600000","14/08/2025"
"Ali Bin Zeair","SCCC","RGA project","6-Dropped","02/03/2026","16/07/2025","STC & Sub","RFQ","Sell Through solutions","MPO","Non Etimad","SF-2025-0681","259026","11/10/2025"
"Khalid AlEnezi","THIQAH","Thiqah CLM renewal for 2026","4-Submitted - Under Evaluation","30/09/2026","16/07/2025","Sales & BD 2","RFP","Sell Direct","CLM","Non Etimad","SF-2025-0682","673556","01/12/2025"
"Rawan AlMusayid","Red Sea Global","Offshore Development Center","4-Submitted - Under Evaluation","31/12/2026","17/07/2025","Giga","RFP","Sell Through solutions","MPO","Non Etimad","SF-2025-0686","0","05/08/2025"
"Mohammad Alajlan","Solutions by stc","Project Code 1218","6-Dropped","05/07/2026","20/07/2025","STC & Sub","RFQ","Sell Direct","MPO","Non Etimad","SF-2025-0689","151442","30/07/2025"
"Khalid AlEnezi","Ministry of Defense ? Executive Affairs","MOD Resource","7-Handover Completed","31/03/2026","20/07/2025","Sales & BD 1","RFQ","Sell Through solutions","MPO","Non Etimad","SF-2025-0695","715482","29/07/2025"
"Mohammad Alajlan","Saudi Telecommunications Company-STC Group-EBU","STCSQR-20199","6-Dropped","27/04/2026","22/07/2025","STC & Sub","RFQ","Sell Direct","MPO","Non Etimad","SF-2025-0719","397589","14/08/2025"
"Fajer Alsalloum","Digital Government Authority","Operation and maintenance for DGA","6-Lost","08/02/2026","27/07/2025","Sales & BD 1","RFP","Sell Through solutions","MPO","Non Etimad","SF-2025-0726","178914212","26/10/2025"
"Raed Hammad","channels by stc","DIR-CLM-HVC2025-Channels 2026","7-Handover Completed","17/02/2026","27/07/2025","STC & Sub","RFP","Sell Direct","CLM","Non Etimad","SF-2025-0728","25500000","12/02/2026"
"Bayan AlOlayan","National Housing Services Company - NHC","CR for current NHC project","4-Submitted - Under Evaluation","29/10/2026","30/07/2025","Sales & BD 2","RFQ","Sell Direct","Facility Management","Non Etimad","SF-2025-0743","470754","06/08/2025"
"Khalid AlEnezi","Ministry of Defense ? Executive Affairs","MOD Mega Project- CLM","6-Dropped","07/04/2026","31/07/2025","Sales & BD 1","RFP","Sell Direct","CLM","Non Etimad","SF-2025-0748","40894086","31/07/2025"
"Khalid AlEnezi","Ministry of Defense ? Executive Affairs","MOD Mega Project- MPO","6-Dropped","07/04/2026","31/07/2025","Sales & BD 1","RFP","Sell Direct","MPO","Non Etimad","SF-2025-0750","35006132","31/07/2025"
"Khalid AlEnezi","Ministry of Defense ? Executive Affairs","MOD Mega Project-SCM","6-Dropped","07/04/2026","31/07/2025","Sales & BD 1","RFP","Sell Direct","SCM","Non Etimad","SF-2025-0752","43426501","31/07/2025"
"Khalid AlEnezi","Ministry of Defense ? Executive Affairs","Managed services for the Information Technology department","7-Handover Completed","28/07/2026","05/08/2025","Sales & BD 1","RFP","Sell Through STC","MPO","Non Etimad","SF-2025-0758","81762482","10/08/2025"
"Rawan AlMusayid","Saudi Red Crescent Authority","Digital Products Support and Management Project","6-Cancelled","24/02/2026","05/08/2025","Sales & BD 1","RFP","Sell Through solutions","MPO","Etimad","SF-2025-0760","3950740","15/08/2025"
"Khalid AlEnezi","King Abdulaziz Darah","Maintenance and Operation of the Data Center","6-Lost","15/06/2026","05/08/2025","Sales & BD 2","RFP","Sell Direct","SCM","Etimad","SF-2025-0761","17921965","17/09/2025"
"Khalid AlEnezi","MOD - Armed Forces","MOD Frame Agreement - ???????? ????????????","6-Dropped","03/02/2026","07/08/2025","Sales & BD 1","RFQ","Sell Through solutions","MPO","Etimad","SF-2025-0765","10068264","11/08/2025"
"Khalid AlEnezi","Tourism Development Fund","OP-2025-157632 - Establishing, implementing, and developing financial and accounting control mechanisms","6-Dropped","04/05/2026","10/08/2025","Sales & BD 2","RFP","Sell Direct","F&A","Etimad","SF-2025-0767","11391304","11/08/2025"
"Raed Hammad","specialized by stc","CLM internal Project 2 agents","6-Cancelled","19/08/2026","10/08/2025","STC & Sub","RFQ","Sell Direct","CLM","Non Etimad","SF-2025-0771","150000","11/08/2025"
"Khalid AlEnezi","Private Affairs of Crown Prince","MPO Resource PACP","6-Lost","26/04/2026","12/08/2025","Sales & BD 1","RFP","Sell Direct","MPO","Non Etimad","SF-2025-0776","7512694","17/08/2025"
"Khalid AlEnezi","Hail University","OP-2024-157925 - MS FOR UOH","4-Submitted - Under Evaluation","24/12/2026","14/08/2025","Sales & BD 2","RFQ","Sell Through solutions","MPO","Non Etimad","SF-2025-0786","16286775","21/08/2025"
"Khalid AlEnezi","Ministry of Defense ? Executive Affairs","Cyber Security Project","6-Dropped","03/02/2026","17/08/2025","Sales & BD 1","RFQ","Sell Through solutions","MPO","Non Etimad","SF-2025-0793","4120491","21/08/2025"
"Khalid AlEnezi","Ministry of Defense ? Executive Affairs","Technical consulting services for Cyber Security","4-Submitted - Under Evaluation","17/12/2026","17/08/2025","Sales & BD 1","RFQ","Sell Through solutions","MPO","Non Etimad","SF-2025-0794","36934117","21/08/2025"
"Bayan AlOlayan","Ministry of Hajj","Project to Enhance the Operational Efficiency of the Guests of Allah Care Center (Phase Two)","4-Submitted - Under Evaluation","30/12/2026","18/08/2025","Sales & BD 2","RFP","Sell Direct","CLM","Non Etimad","SF-2025-0797","43418230","02/09/2025"
"Bayan AlOlayan","Ministry of Human Resources & Social Development HRSD","OP-2025-156564 - MHRSD - Cloud Infrastructure Project, Managed Services, Tools, and Technical Support for the Integrated","4-Submitted - Under Evaluation","24/12/2026","19/08/2025","Sales & BD 2","RFQ","Sell Through solutions","MPO","Non Etimad","SF-2025-0805","1400273","28/08/2025"
"Bayan AlOlayan","Medina Municipality","Network Infrastructure Medinah Region","4-Submitted - Under Evaluation","29/10/2026","20/08/2025","Sales & BD 2","RFP","Sell Through solutions","MPO","Etimad","SF-2025-0808","957458","26/08/2025"
"Majid Al-Faifi","SDAIA - National Information Center","Training Courses in Managerial and Core Skills","6-Cancelled","01/02/2026","20/08/2025","Sales & BD 2","RFP","Sell Direct","HRO","Etimad","SF-2025-0809","14597771","14/09/2025"
"Majid Al-Faifi","Higher Commission for Industrial Security","Development, Management,","7-Handover Completed","12/01/2026","20/08/2025","Sales & BD 2","RFQ","Sell Through solutions","MPO","Etimad","SF-2025-0810","3806127","03/09/2025"
"Bayan AlOlayan","National Housing Services Company - NHC","NHC - OP-2025-158091","6-Lost","13/04/2026","20/08/2025","Sales & BD 2","RFQ","Sell Through solutions","MPO","Non Etimad","SF-2025-0811","1667317","28/08/2025"
"Majid Al-Faifi","Ministry of Interior - Public Security","Network Operations Center (NOC) MP- MOI/PSD","6-Lost","01/02/2026","20/08/2025","Sales & BD 2","RFQ","Sell Through solutions","MPO","Etimad","SF-2025-0813","7292002","17/09/2025"
"Ali Bin Zeair","Solutions by stc","STCSQR-21135","6-Lost","18/08/2026","25/08/2025","STC & Sub","RFQ","Sell Direct","Facility Management","Non Etimad","SF-2025-0834","6234609","13/08/2025"
"Sultan Alzahrani","Saudi Telecommunications Company-STC Group-EBU","Integral New Project","7-Handover Completed","30/06/2026","26/08/2025","STC & Sub","RFQ","Sell Direct","CLM","Non Etimad","SF-2025-0840","2770736","31/08/2025"
"Khalid AlEnezi","Ministry of Defense - Medical Services","Contact center Eco-System Project","4-Submitted - Under Evaluation","17/12/2026","27/08/2025","Sales & BD 1","RFQ","Sell Through solutions","CLM","Non Etimad","SF-2025-0841","55424789","18/09/2025"
"Raed Hammad","STC Bank","Stc Bank CLM","6-Won","30/06/2026","28/08/2025","STC & Sub","RFQ","Sell Direct","CLM","Non Etimad","SF-2025-0854","39500000","14/09/2025"
"Khalid AlEnezi","Ministry of Sport","OP-2025-156727 - Broadcasting infrastructure - MOS - upsource","4-Submitted - Under Evaluation","24/12/2026","31/08/2025","Sales & BD 2","RFQ","Sell Through solutions","MPO","Non Etimad","SF-2025-0858","3883359","08/09/2025"
"Khalid AlEnezi","Initiatives Management Office IMO","OP-2025-158201-Initiatives and Missions Affairs Office","4-Submitted - Under Evaluation","30/09/2026","02/09/2025","Sales & BD 1","RFQ","Sell Through solutions","MPO","Non Etimad","SF-2025-0874","1662031","09/09/2025"
"Ali Bin Zeair","Solutions by stc","STCSQR-21222","4-Submitted - Under Evaluation","24/12/2026","03/09/2025","STC & Sub","RFQ","Sell Direct","Facility Management","Non Etimad","SF-2025-0881","2193809","10/09/2025"
"Raed Hammad","specialized by stc","Transfer employee - 2025 - Ahmed Reda (App Expert)  Specialized by STC","4-Submitted - Under Evaluation","30/09/2026","09/09/2025","STC & Sub","RFQ","Sell Through solutions","MPO","Non Etimad","SF-2025-0905","366253","18/09/2025"
"Khalid AlEnezi","Ministry of Culture","OP-2025-158211 MOC - Jeddah Albalad Parking","6-Dropped","04/05/2026","10/09/2025","Sales & BD 2","RFQ","Sell Through solutions","Facility Management","Non Etimad","SF-2025-0912","14583097","17/09/2025"
"Bayan AlOlayan","State Properties General Authority","CLM - SPGA","6-Lost","13/04/2026","10/09/2025","Sales & BD 2","RFP","Sell Direct","CLM","Etimad","SF-2025-0913","826525","08/10/2025"
"Bayan AlOlayan","General Organization for Social Insurance","Asset and Liability Management Tool","4-Submitted - Under Evaluation","24/12/2026","10/09/2025","Sales & BD 2","RFP","Sell Direct","F&A","Non Etimad","SF-2025-0915","2459419","01/10/2025"
"Abdulrhman Alshwaier","Saudi Telecommunications Company-STC Group-EBU","Captive Project AI","7-Handover Completed","21/09/2026","11/09/2025","STC & Sub","RFQ","Sell Through solutions","HRO","Non Etimad","SF-2025-0918","6346798","29/10/2025"
"Khalid AlEnezi","Saudi Electronic University","SEU - ????? ?????? ??????? ???? 2025 ? - HRO","6-Lost","26/04/2026","11/09/2025","Sales & BD 2","RFP","Sell Direct","HRO","Etimad","SF-2025-0920","10133153","30/09/2025"
"Khalid AlEnezi","Jockey Club of Saudi Arabia","Provision of operation, maintenance, and cleaning services for the sites and facilities of the Horse Racing Club","6-Dropped","28/04/2026","14/09/2025","Sales & BD 2","RFQ","Sell Direct","Facility Management","Non Etimad","SF-2025-0924","26075454","11/02/2026"
"Mohammad Alajlan","Solutions by stc","STCSQR-21499 \ Project 1362","4-Submitted - Under Evaluation","30/09/2026","16/09/2025","STC & Sub","RFQ","Sell Direct","MPO","Non Etimad","SF-2025-0936","488602","23/09/2025"
"Ziyad Aldriwish","Saudi Railway Company","RFQ: 668621 - Software quality assurance - OMR1293759","7-Handover Completed","30/04/2026","17/09/2025","Sales & BD 1","RFQ","Sell Direct","MPO","Non Etimad","SF-2025-0939","267504","24/09/2025"
"Rawan AlMusayid","Research Development and Innovation Authority","Consulting services to support the activation of business activities related to the innovation ecosystem","7-Handover Completed","20/01/2026","18/09/2025","Sales & BD 1","RFQ","Sell Direct","MPO","Non Etimad","SF-2025-0946","914353","25/09/2025"
"Mohammad Alajlan","Saudi Telecommunications Company-STC Group-EBU","STC HRO 2026 Q1","7-Handover Completed","08/02/2026","18/09/2025","STC & Sub","RFQ","Sell Direct","MPO","Non Etimad","SF-2025-0949","100000000","31/12/2025"
"Khalid AlEnezi","National Company of Telecommunications & information security","Contact Center - NTIS","6-Dropped","04/05/2026","21/09/2025","STC & Sub","RFP","Sell Direct","CLM","Non Etimad","SF-2025-0954","2007825","28/09/2025"
"Mohammed Rashed","Saudi Tourism Authority","STA - Managed services - OP-2025-157883","6-Dropped","27/01/2026","21/09/2025","Sales & BD 2","RFQ","Sell Through solutions","SCM","Non Etimad","SF-2025-0956","2604000","09/10/2025"
"Majid Al-Faifi","Ministry of Hajj","RFI: Hosting and Renting the Minister of Hajj and Umrah Riyadh Office","6-Dropped","04/05/2026","21/09/2025","Sales & BD 2","RFI","Sell Direct","Facility Management","Non Etimad","SF-2025-0957","100000","19/02/2026"
"Malak AlSuhaim","Ministry of Hajj","Operation of IT Services at the Ministry of Hajj and Umrah - Phase Two","1-Identified","24/12/2026","21/09/2025","Sales & BD 2","RFI","Sell Through solutions","MPO","Non Etimad","SF-2025-0958","35000000","01/03/2026"
"Majid Al-Faifi","Ministry of Hajj","RFI: Construction, Preparation, Operation, Maintenance, and Cleaning of the Ministry of Hajj and Umrah Sites in Mina","6-Dropped","04/05/2026","21/09/2025","Sales & BD 2","RFI","Sell Direct","Facility Management","Non Etimad","SF-2025-0959","100000","24/02/2026"
"Majid Al-Faifi","Ministry of Hajj","RFI: Improvement and Development of the Internal Work Environment of the Ministry of Hajj and Umrah Buildings","6-Dropped","04/05/2026","21/09/2025","Sales & BD 2","RFI","Sell Direct","Facility Management","Non Etimad","SF-2025-0960","100000","14/01/2026"
"Majid Al-Faifi","Ministry of Interior - Special Forces For Environmental Security","RFI: Initiative for Training, Development, and Empowerment of Environmental Security Competencies","6-Dropped","04/05/2026","24/09/2025","Sales & BD 2","RFI","Sell Direct","HRO","Non Etimad","SF-2025-0968","100000","30/04/2026"
"Rawan AlMusayid","Saudi Aramco","OP-2025-157177 | System Engineer","6-Cancelled","02/03/2026","25/09/2025","Sales & BD 1","RFQ","Sell Through solutions","MPO","Non Etimad","SF-2025-0972","270828","30/09/2025"
"Rawan AlMusayid","Saudi Aramco","OP-2025-158401 | System Support Engineer + Systems Specialist","6-Dropped","26/01/2026","25/09/2025","Sales & BD 1","RFQ","Sell Through solutions","MPO","Non Etimad","SF-2025-0973","2801802","28/09/2025"
"Khalid AlEnezi","Ministry of Tourism","OP-2025-158545 - Managed Services for Technical Data Centers - MoT","6-Dropped","04/05/2026","25/09/2025","Sales & BD 2","RFQ","Sell Through solutions","SCM","Non Etimad","SF-2025-0974","24974071","07/10/2025"
"Ziyad Aldriwish","Saudi Railway Company","Restart - overtime august","6-Dropped","28/04/2026","25/09/2025","Sales & BD 1","RFQ","Sell Direct","MPO","Non Etimad","SF-2025-0976","56421","02/10/2025"
"Majid Al-Faifi","Ministry of Interior - Special Forces For Environmental Security","Training Project for Providing Professional Services in Information Technology, Communications, and AI","6-Dropped","01/02/2026","28/09/2025","Sales & BD 2","RFQ","Sell Through solutions","HRO","Non Etimad","SF-2025-0980","9817639","05/10/2025"
"Abdullah Alswelm","National Maritime Academy","CR for salary increase","7-Handover Completed","19/01/2026","30/09/2025","Sales & BD 2","RFQ","Sell Direct","MPO","Non Etimad","SF-2025-0996","177012","09/10/2025"
"Khalid AlEnezi","AFC Asian Cup Saudi Arabia 2027 Local Organizing committee","OP-2025-158965 - RFP-094-Design And Delivery of Visitor & Fan Care Customer Experience Framework","7-Handover Completed","07/05/2026","01/10/2025","Sales & BD 2","RFP","Sell Through solutions","CLM","Non Etimad","SF-2025-1002","894418","15/10/2025"
"Rawan AlMusayid","Red Sea Global","RSG MSP and Resourcing Services RFP","4-Submitted - Under Evaluation","15/11/2026","01/10/2025","Giga","RFP","Sell Direct","MPO","Non Etimad","SF-2025-1004","7184670","26/08/2026"
"Majid Al-Faifi","Ministry of Interior - Public Security","RFI: Customer Contact Center Development Initiative","6-Dropped","04/05/2026","01/10/2025","Sales & BD 2","RFI","Sell Direct","CLM","Non Etimad","SF-2025-1006","500000","20/11/2025"
"Raed Hammad","specialized by stc","CLM 2 Agents + 1 SV","6-Cancelled","27/04/2026","02/10/2025","STC & Sub","RFQ","Sell Direct","CLM","Non Etimad","SF-2025-1008","982851","09/10/2025"
"Khalid AlEnezi","Ministry of Defense ? Executive Affairs","Training Course -STCSQR-21645","7-Handover Completed","07/01/2026","02/10/2025","Sales & BD 1","RFQ","Sell Through solutions","HRO","Etimad","SF-2025-1010","80000","07/10/2025"
"Rawan AlMusayid","Saudi Aramco","MPO : Saudi Aramco_6000180796_Electrical System of CDC TCC","6-Dropped","26/01/2026","05/10/2025","Sales & BD 1","RFQ","Sell Through solutions","MPO","Non Etimad","SF-2025-1015","26942895","08/10/2025"
"Rawan AlMusayid","National Energy services company","Outsourced IT Technician (Level 1)- Tarshied","6-Cancelled","02/03/2026","05/10/2025","Sales & BD 1","RFQ","Sell Direct","MPO","Non Etimad","SF-2025-1016","214062","09/10/2025"
"Rawan AlMusayid","SAUDI ELECTRICAL COMPANY","Help Desk Agents","6-Cancelled","02/03/2026","05/10/2025","Sales & BD 1","RFQ","Sell Direct","CLM","Non Etimad","SF-2025-1017","200000","16/10/2025"
"Bayan AlOlayan","General Organization for Social Insurance","Implementation of the Performance & Risk Monitoring System","6-Lost","02/02/2026","05/10/2025","Sales & BD 2","RFP","Sell Direct","F&A","Non Etimad","SF-2025-1018","4543529","16/10/2025"
"Raed Hammad","Devoteam Company Saudi Limited","Laptops 11","6-Cancelled","19/08/2026","06/10/2025","STC & Sub","RFQ","Sell Direct","SCM","Non Etimad","SF-2025-1024","10000","30/10/2025"
"Raed Hammad","Devoteam Company Saudi Limited","Raed Kanaan Project Manager","6-Cancelled","19/08/2026","06/10/2025","STC & Sub","RFQ","Sell Direct","MPO","Non Etimad","SF-2025-1026","798414","12/10/2025"
"Raed Hammad","Devoteam Company Saudi Limited","1.	GRC Cybersecurity","6-Cancelled","19/08/2026","07/10/2025","STC & Sub","RFQ","Sell Direct","MPO","Non Etimad","SF-2025-1028","740204","09/10/2025"
"Ziyad Aldriwish","Saudi Ports Authority","MPO - for the Ports Authority and its ports","6-Cancelled","02/04/2026","07/10/2025","Sales & BD 1","RFP","Sell Through solutions","MPO","Etimad","SF-2025-1029","99701212","12/12/2025"
"Mohammad Alajlan","TAWAL","SDNs - Upsource 2025 Remaining Mount","7-Handover Completed","09/04/2026","08/10/2025","STC & Sub","RFQ","Sell Through solutions","MPO","Non Etimad","SF-2025-1033","598500","15/10/2025"
"Sultan Alzahrani","Saudi Telecommunications Company-STC Group-EBU","Finance Collection Project 2026 - 2027","7-Handover Completed","17/03/2026","08/10/2025","STC & Sub","RFP","Sell Direct","CLM","Non Etimad","SF-2025-1034","7475812","31/10/2025"
"Raed Hammad","Solutions by stc","Renewal Project 1206","7-Handover Completed","08/01/2026","13/10/2025","STC & Sub","RFQ","Sell Direct","MPO","Non Etimad","SF-2025-1037","28034534","20/10/2025"
"Mohammad Alajlan","Solutions by stc","Renewal Project 1381","4-Submitted - Under Evaluation","30/09/2026","13/10/2025","STC & Sub","RFQ","Sell Direct","MPO","Non Etimad","SF-2025-1039","657210","20/10/2025"
"Bayan AlOlayan","SDAIA - National Information Center","Request to Share Revised Costing Based on SDAIA Adjustments ? RFP Budget Booking","6-Dropped","04/05/2026","13/10/2025","Sales & BD 2","RFI","Sell Direct","CLM","Non Etimad","SF-2025-1040","1000000","21/10/2025"
"Fajer Alsalloum","Shared Services Program","MPO Framework Agreement","7-Handover Completed","07/01/2026","13/10/2025","Sales & BD 1","RFP","Sell Direct","MPO","Non Etimad","SF-2025-1041","0","18/11/2025"
"Rawan AlMusayid","Ministry of Investment","MPO renewal project","7-Handover Completed","28/06/2026","13/10/2025","Sales & BD 1","RFQ","Sell Through solutions","MPO","Non Etimad","SF-2025-1042","6296436","23/10/2025"
"Sultan Alzahrani","Saudi Telecommunications Company-STC Group-EBU","CEX Voice of customer project 2026-2027","7-Handover Completed","25/03/2026","14/10/2025","STC & Sub","RFP","Sell Direct","CLM","Non Etimad","SF-2025-1045","1400000","21/10/2025"
"Sultan Alzahrani","Saudi Telecommunications Company-STC Group-EBU","EBU Collection Project 2026-2027","7-Handover Completed","09/03/2026","14/10/2025","STC & Sub","RFP","Sell Direct","CLM","Non Etimad","SF-2025-1046","15000000","31/12/2025"
"Ali Bin Zeair","Saudi Telecommunications Company-STC Group-EBU","Wholesale","7-Handover Completed","03/06/2026","15/10/2025","STC & Sub","RFQ","Sell Through solutions","MPO","Non Etimad","SF-2025-1048","5000000","22/10/2025"
"Raed Hammad","Devoteam Company Saudi Limited","CV to be Hired for NHSC","6-Cancelled","19/08/2026","15/10/2025","STC & Sub","RFQ","Sell Direct","MPO","Non Etimad","SF-2025-1052","504758","22/10/2025"
"Bayan AlOlayan","Modern Building Leaders","MPO for MLB","6-Lost","13/04/2026","16/10/2025","Sales & BD 2","RFQ","Sell Direct","MPO","Non Etimad","SF-2025-1053","1256645","26/10/2025"
"Raed Hammad","Devoteam Company Saudi Limited","NHSC hiring","6-Cancelled","19/08/2026","19/10/2025","STC & Sub","RFQ","Sell Direct","MPO","Non Etimad","SF-2025-1064","300000","19/10/2025"
"Bayan AlOlayan","Real Estate General Authority","REGA FM -","6-Lost","13/04/2026","20/10/2025","Sales & BD 2","RFP","Sell Direct","Facility Management","Etimad","SF-2025-1071","28414781","20/11/2025"
"Rawan AlMusayid","The National Unified Procurement Company","RFP - 1000076 - Wasfaty Call Center","6-Lost","02/02/2026","20/10/2025","Sales & BD 1","RFP","Sell Direct","CLM","Non Etimad","SF-2025-1074","0","06/11/2025"
"Khalid AlEnezi","Ministry of Foreign Affairs","Unified contact center","6-Lost","19/01/2026","20/10/2025","Sales & BD 1","RFP","Sell Direct","CLM","Non Etimad","SF-2025-1075","69699981","27/10/2025"
"Majid Al-Faifi","Higher Commission for Industrial Security","CR - Developing, Managing, and Operating the comperhensive platform of the supreme authority for MOI-IS","6-Dropped","04/05/2026","21/10/2025","Sales & BD 2","RFQ","Sell Through solutions","CLM","Non Etimad","SF-2025-1077","166455","28/10/2025"
"Bayan AlOlayan","SDAIA - National Information Center","Central System for Monitoring Systems and Networks ? Phase III","6-Dropped","04/05/2026","21/10/2025","Sales & BD 2","RFQ","Sell Through solutions","MPO","Etimad","SF-2025-1079","5115090","28/10/2025"
"Mohammad Alajlan","Saudi Telecommunications Company-STC Group-EBU","Project code 1355 \ Consultant proposal","4-Submitted - Under Evaluation","24/09/2026","21/10/2025","STC & Sub","RFQ","Sell Through solutions","MPO","Non Etimad","SF-2025-1080","565386","28/10/2025"
"Raed Hammad","Solutions by stc","34330-1245 - remining amount","6-Cancelled","19/08/2026","21/10/2025","STC & Sub","RFQ","Sell Direct","MPO","Non Etimad","SF-2025-1082","218192","07/12/2025"
"Majid Al-Faifi","SDAIA - National Information Center","SDAIA Future Program Training","6-Dropped","13/04/2026","21/10/2025","Sales & BD 2","RFP","Sell Direct","HRO","Etimad","SF-2025-1083","9194127","12/11/2025"
"Majid Al-Faifi","Al Elm Company","AlAula Call Center Project","6-Dropped","04/05/2026","21/10/2025","Sales & BD 2","RFQ","Sell Direct","CLM","Non Etimad","SF-2025-1085","7500000","06/11/2025"
"Ziyad Aldriwish","Riyadh Airport Company","MPO - 1 employee OP-2025-159237 - Riyadh Air Port","6-Cancelled","08/02/2026","22/10/2025","Sales & BD 1","RFQ","Sell Through solutions","MPO","Non Etimad","SF-2025-1086","431902","30/10/2025"
"Bayan AlOlayan","Ministry of Human Resources & Social Development HRSD","MEP - Human Resources and Social Assistance","4-Submitted - Under Evaluation","24/12/2026","22/10/2025","Sales & BD 2","RFQ","Sell Through solutions","MPO","Non Etimad","SF-2025-1088","9008660","29/10/2025"
"Khalid AlEnezi","Ministry of Defense ? Executive Affairs","MOD Mega Project - Facility","6-Dropped","07/04/2026","22/10/2025","Sales & BD 1","RFQ","Sell Direct","Facility Management","Non Etimad","SF-2025-1093","69980000","23/10/2025"
"Rawan AlMusayid","Saudi Aramco","STCSQR-21825","6-Dropped","08/02/2026","23/10/2025","Sales & BD 1","RFQ","Sell Through solutions","Facility Management","Non Etimad","SF-2025-1096","1217829","12/11/2025"
"Majid Al-Faifi","Ministry of Interior - Headquarters","MOI-Maintenance and Technical Support for Security and Technical Systems in Private Sites","6-Dropped","04/05/2026","23/10/2025","Sales & BD 2","RFQ","Sell Through solutions","HRO","Etimad","SF-2025-1097","1399804","03/11/2025"
"Rawan AlMusayid","Ministry of Investment","Hiring 1 Resource","4-Submitted - Under Evaluation","30/09/2026","23/10/2025","Sales & BD 1","RFQ","Sell Direct","MPO","Non Etimad","SF-2025-1099","126703","30/10/2025"
"Bayan AlOlayan","Medina Municipality","6 resource from Madarat","4-Submitted - Under Evaluation","29/10/2026","26/10/2025","Sales & BD 2","RFQ","Sell Through solutions","MPO","Non Etimad","SF-2025-1102","2214712","30/10/2025"
"Khalid AlEnezi","Ministry of Foreign Affairs","A unified platform for all services provided by MOFA","6-Dropped","13/04/2026","26/10/2025","Sales & BD 1","RFQ","Sell Through solutions","SCM","Non Etimad","SF-2025-1103","1000000","30/10/2025"
"Ali Bin Zeair","Saudi Telecommunications Company-STC Group-EBU","Captive Centers \ Operating Model and Consultation","4-Submitted - Under Evaluation","30/11/2026","27/10/2025","STC & Sub","RFQ","Sell Direct","F&A","Non Etimad","SF-2025-1105","4824064","31/10/2025"
"Abdullah Alfawaz","Ministry of Culture","Feasibility study for establishing a commercial company affiliated with the Museums Commission - 10008645","4-Submitted - Under Evaluation","24/12/2026","27/10/2025","Sales & BD 2","RFP","Sell Direct","F&A","Non Etimad","SF-2025-1108","4697147","10/11/2025"
"Fajer Alsalloum","Diriyah Gate Development Authority","1 Resource","6-Cancelled","18/06/2026","27/10/2025","Giga","RFQ","Sell Through solutions","MPO","Non Etimad","SF-2025-1110","43424","05/11/2025"
"Ziyad Aldriwish","Saudi Ports Authority","Mawani Contact Center","7-Handover Completed","13/05/2026","28/10/2025","Sales & BD 1","RFP","Sell Direct","CLM","Etimad","SF-2025-1113","4086957","25/11/2025"
"Rawan AlMusayid","Small and Medium Enterprises General Authority","Operation of Monsha?at Customer Contact Center","6-Dropped","28/04/2026","29/10/2025","Sales & BD 2","RFP","Sell Direct","CLM","Non Etimad","SF-2025-1115","18993852","27/11/2025"
"Mohammad Alajlan","Saudi Telecommunications Company-STC Group-EBU","Renewal project 1400","4-Submitted - Under Evaluation","30/09/2026","29/10/2025","STC & Sub","RFQ","Sell Through solutions","MPO","Non Etimad","SF-2025-1116","622289","04/11/2025"
"Khalid AlEnezi","Ministry of Defense ? Executive Affairs","COE Building MOD","3-Qualified In Progress","30/11/2026","29/10/2025","Sales & BD 1","RFQ","Sell Through solutions","Facility Management","Non Etimad","SF-2025-1118","16111767","29/10/2025"
"Mohammad Alajlan","Solutions by stc","Project increase 1289","6-Won","21/09/2026","30/10/2025","STC & Sub","RFQ","Sell Direct","MPO","Non Etimad","SF-2025-1119","723922","06/09/2025"
"Rawan AlMusayid","SAUDI GROUND SERVICES","Cybersecurity Consultant","7-Handover Completed","12/01/2026","02/11/2025","Sales & BD 1","RFQ","Sell Direct","MPO","Non Etimad","SF-2025-1122","654682","06/11/2025"
"Rawan AlMusayid","SAUDI ELECTRICAL COMPANY","STCSQR-21753","6-Dropped","08/02/2026","02/11/2025","Sales & BD 1","RFQ","Sell Through solutions","MPO","Non Etimad","SF-2025-1123","142862","06/11/2025"
"Rawan AlMusayid","SAUDI GROUND SERVICES","SGS-MPOs","6-Cancelled","16/02/2026","02/11/2025","Sales & BD 1","RFQ","Sell Direct","MPO","Non Etimad","SF-2025-1124","1099153","09/11/2025"
"Rawan AlMusayid","Principal Buyer Oil and Gas","RFP - Outsourcing of Qualified Human Resources","7-Handover Completed","02/02/2026","02/11/2025","Sales & BD 1","RFP","Sell Direct","MPO","Non Etimad","SF-2025-1125","0","11/11/2025"
"Khalid AlEnezi","Ministry of Defense ? Executive Affairs","Event Management MOD","4-Submitted - Under Evaluation","17/12/2026","02/11/2025","Sales & BD 1","RFQ","Sell Through solutions","SCM","Non Etimad","SF-2025-1126","3402729","06/11/2025"
"Bayan AlOlayan","Jeddah Municipality","Jeddah Scrap Yard HSSE Services","6-Dropped","13/04/2026","02/11/2025","Sales & BD 2","RFQ","Sell Direct","Facility Management","Non Etimad","SF-2025-1128","2820000","06/11/2025"
"Raed Hammad","Aqalat limited Company","Professional real estate appraiser position","6-Dropped","17/02/2026","02/11/2025","STC & Sub","RFQ","Sell Direct","MPO","Non Etimad","SF-2025-1132","362805","09/11/2025"
"Khalid AlEnezi","Rackspace Arabia for Information Technology","Supply Chain Managed Services for P-Cloud Services","6-Dropped","20/08/2026","05/11/2025","Sales & BD 2","RFQ","Sell Direct","SCM","Non Etimad","SF-2025-1140","2000000","01/03/2026"
"Fajer Alsalloum","National Water Company","NWC - Innovation LAB","7-Handover Completed","29/06/2026","05/11/2025","Sales & BD 1","RFQ","Sell Through solutions","Facility Management","Non Etimad","SF-2025-1142","6900000","13/11/2025"
"Rawan AlMusayid","Ministry of Investment","CR 1","6-Cancelled","27/08/2026","06/11/2025","Sales & BD 1","RFQ","Sell Through solutions","MPO","Non Etimad","SF-2025-1145","36801","13/11/2025"
"Raed Hammad","iotsquered","games competition for iot employees","6-Cancelled","19/08/2026","06/11/2025","STC & Sub","RFQ","Sell Direct","Event Management","Non Etimad","SF-2025-1146","10957","06/11/2025"
"Rawan AlMusayid","Al-Taknia company","internal employees to move to new vendor","7-Handover Completed","07/01/2026","06/11/2025","Sales & BD 1","RFQ","Sell Direct","MPO","Non Etimad","SF-2025-1147","2011198","16/11/2025"
"Rawan AlMusayid","Ministry of Investment","CR 2","6-Cancelled","27/08/2026","06/11/2025","Sales & BD 1","RFQ","Sell Through solutions","MPO","Non Etimad","SF-2025-1148","411928","20/11/2025"
"Rawan AlMusayid","National Water Company","Contact Center and Supporting the Complaints Management Department","6-Lost","03/03/2026","09/11/2025","Sales & BD 1","RFP","Sell Direct","SCM","Non Etimad","SF-2025-1151","7768843","25/11/2025"
"Khalid AlEnezi","Ministry of Defense ? Executive Affairs","MOD- HRO WO Request","6-Dropped","10/02/2026","09/11/2025","Sales & BD 1","RFQ","Sell Through solutions","HRO","Non Etimad","SF-2025-1152","1000000","12/11/2025"
"Sultan Alzahrani","Saudi Telecommunications Company-STC Group-EBU","Consumer Insights Survey Project 2026-2027 - 2028","7-Handover Completed","09/03/2026","09/11/2025","STC & Sub","RFP","Sell Direct","CLM","Non Etimad","SF-2025-1155","3133142","28/02/2026"
"Bayan AlOlayan","Development Authority Support Office","Procurement, Contracts, Finance, and Budget Empowerment Project","7-Handover Completed","14/01/2026","09/11/2025","Sales & BD 2","RFP","Sell Direct","F&A","Non Etimad","SF-2025-1156","8695300","07/12/2025"
"Mohammed Rashed","National Center For Government Resources System","NCGR Digital Factory requirements - Event","7-Handover Completed","04/02/2026","10/11/2025","Sales & BD 2","RFQ","Sell Through solutions","Event Management","Non Etimad","SF-2025-1160","348034","17/11/2025"
"Abdullah Alfawaz","Ministry of Culture","Writers' Incubator Project - 10007912","4-Submitted - Under Evaluation","24/12/2026","10/11/2025","Sales & BD 2","RFP","Sell Direct","Facility Management","Non Etimad","SF-2025-1161","21448251","18/11/2025"
"Bayan AlOlayan","Remat Al-Riyadh Development Company","New Contact Center for Riyadh Parking","6-Lost","19/08/2026","10/11/2025","Sales & BD 2","RFI","Sell Direct","CLM","Non Etimad","SF-2025-1162","2466479","12/12/2025"
"Fajer Alsalloum","Shared Services Program","MPO for Support and Operation","6-Cancelled","08/02/2026","10/11/2025","Sales & BD 1","RFQ","Sell Through solutions","MPO","Non Etimad","SF-2025-1163","247689","13/11/2025"
"Rawan AlMusayid","National Water Company","Communication with NWC customers through anonymous calls","6-Dropped","03/02/2026","11/11/2025","Sales & BD 1","RFP","Sell Direct","CLM","Non Etimad","SF-2025-1167","0","24/11/2025"
"Raed Hammad","Devoteam Company Saudi Limited","2 Saudi Female Project Coordinators","6-Cancelled","19/08/2026","11/11/2025","STC & Sub","RFQ","Sell Direct","MPO","Non Etimad","SF-2025-1170","366346","20/11/2025"
"Khalid AlEnezi","Ministry of National Guard","Management Development Ministry of National Guard","6-Dropped","13/04/2026","12/11/2025","Sales & BD 1","RFQ","Sell Through solutions","MPO","Non Etimad","SF-2025-1173","791263","13/11/2025"
"Fajer Alsalloum","King Salman Park Foundation","KSP Unified CLM 2026","6-Cancelled","08/02/2026","12/11/2025","Giga","RFI","Sell Direct","CLM","Non Etimad","SF-2025-1174","1382380","20/11/2025"
"Khalid AlEnezi","Ministry of Defense ? Executive Affairs","Training Services Framework Agreement MOD","4-Submitted - Under Evaluation","30/11/2026","12/11/2025","Sales & BD 1","RFQ","Sell Through solutions","HRO","Etimad","SF-2025-1175","0","28/12/2025"
"Khalid AlEnezi","Ministry of Human Resources & Social Development HRSD","Operation of the Family Protection and Child Protection Hotline 1919","7-Handover Completed","29/03/2026","12/11/2025","Sales & BD 2","RFP","Sell Direct","CLM","Etimad","SF-2025-1177","52046340","23/11/2025"
"Ali Bin Zeair","Jafeer Technologies","Jafeer cars","6-Lost","01/07/2026","13/11/2025","STC & Sub","RFQ","Sell Direct","Facility Management","Non Etimad","SF-2025-1179","100000","18/11/2025"
"Ziyad Aldriwish","Bahri","PMO Resources","6-Cancelled","08/02/2026","13/11/2025","Sales & BD 1","RFQ","Sell Direct","MPO","Non Etimad","SF-2025-1180","2065939","23/11/2025"
"Fajer Alsalloum","Royal Comission of Al Ula","Media Monitoring and Data Analytics","6-Lost","28/08/2026","13/11/2025","Giga","RFP","Sell Direct","SCM","Non Etimad","SF-2025-1181","1500000","18/12/2025"
"Ali Bin Zeair","Solutions by stc","Store 3 in Akaria","7-Handover Completed","28/04/2026","16/11/2025","STC & Sub","RFQ","Sell Direct","Facility Management","Non Etimad","SF-2025-1182","160071","20/11/2025"
"Ali Bin Zeair","Solutions by stc","Invoice ? Gitex Proposal","7-Handover Completed","13/04/2026","16/11/2025","STC & Sub","RFQ","Sell Direct","Event Management","Non Etimad","SF-2025-1185","72850","19/01/2026"
"Rawan AlMusayid","Saudi Aramco","Saudi Aramco - High Computing Storage","6-Cancelled","02/03/2026","16/11/2025","Sales & BD 1","RFQ","Sell Through solutions","MPO","Non Etimad","SF-2025-1186","3829288","24/11/2025"
"Mohammad Alajlan","Solutions by stc","renewal project 1407","4-Submitted - Under Evaluation","30/09/2026","16/11/2025","STC & Sub","RFQ","Sell Direct","MPO","Non Etimad","SF-2025-1187","350041","23/11/2025"
"Mohammed Rashed","Saudi Esports Federation","HC Services (Non-Saudi Manpower)","7-Handover Completed","23/02/2026","16/11/2025","Sales & BD 2","RFP","Sell Direct","MPO","Non Etimad","SF-2025-1189","5304348","26/11/2025"
"Majid Al-Faifi","Al Elm Company","FA for Call Center Services and Operation of the Inquiry Unit ? ELM Doc228528987","6-Dropped","04/05/2026","16/11/2025","Sales & BD 2","RFQ","Sell Direct","CLM","Non Etimad","SF-2025-1190","0","13/01/2026"
"Ziyad Aldriwish","Ministry of Transportation","IT - Managed Services","6-Lost","08/02/2026","16/11/2025","Sales & BD 1","RFQ","Sell Through solutions","MPO","Non Etimad","SF-2025-1191","4276659","30/11/2025"
"Bayan AlOlayan","National Real Estate Registration Service Company","RER Abrus Users","7-Handover Completed","17/03/2026","17/11/2025","Sales & BD 2","RFQ","Sell Direct","CLM","Non Etimad","SF-2025-1195","140000","27/11/2025"
"Abdullah Alfawaz","Imam University","STCSQR-21544 - Imam Abdulrahman","4-Submitted - Under Evaluation","24/12/2026","17/11/2025","Sales & BD 2","RFQ","Sell Through solutions","MPO","Non Etimad","SF-2025-1196","289926","27/11/2025"
"Abdullah Alfawaz","Imam University","STCSQR-21545 - Imam Abdulrahman","4-Submitted - Under Evaluation","24/12/2026","17/11/2025","Sales & BD 2","RFQ","Sell Through solutions","MPO","Non Etimad","SF-2025-1197","305821","24/11/2025"
"Rawan AlMusayid","Project T","Position prices WO2","1-Identified","30/11/2026","18/11/2025","Giga","RFQ","Sell Direct","MPO","Non Etimad","SF-2025-1199","1500000","30/06/2026"
"Rawan AlMusayid","Project T","Position prices WO3","1-Identified","30/11/2026","18/11/2025","Giga","RFQ","Sell Direct","MPO","Non Etimad","SF-2025-1200","1500000","30/09/2026"
"Rawan AlMusayid","Project T","Position prices WO4","1-Identified","01/12/2026","18/11/2025","Giga","RFQ","Sell Direct","MPO","Non Etimad","SF-2025-1201","1500000","01/12/2026"
"Khalid AlEnezi","Sofon Naval Company","IT Hardware supply","6-Lost","26/04/2026","18/11/2025","Sales & BD 1","RFQ","Sell Direct","SCM","Non Etimad","SF-2025-1202","2734564","25/11/2025"
"Khalid AlEnezi","General Authority for Military Industries","Framework Agreement for Event Management - GAMI","6-Lost","01/02/2026","18/11/2025","Sales & BD 1","RFP","Sell Direct","Event Management","Etimad","SF-2025-1204","0","29/11/2025"
"Abdulrhman Alshwaier","Saudi Telecommunications Company-STC Group-EBU","STC HRO 2026 Q2","7-Handover Completed","05/04/2026","18/11/2025","STC & Sub","RFQ","Sell Direct","MPO","Non Etimad","SF-2025-1205","100000000","18/11/2025"
"Abdulrhman Alshwaier","Saudi Telecommunications Company-STC Group-EBU","STC HRO 2026 Q3 & Q4","7-Handover Completed","12/04/2026","18/11/2025","STC & Sub","RFQ","Sell Direct","MPO","Non Etimad","SF-2025-1206","136894317","18/11/2025"
"Abdulrhman Alshwaier","Saudi Telecommunications Company-STC Group-EBU","STC HRO 2026 Q4","6-Cancelled","12/04/2026","18/11/2025","STC & Sub","RFQ","Sell Direct","MPO","Non Etimad","SF-2025-1207","100000000","18/11/2025"
"Mohammad Alajlan","Solutions by stc","STCSQR-21945 - related to project 1470","7-Handover Completed","31/03/2026","19/11/2025","STC & Sub","RFQ","Sell Direct","MPO","Non Etimad","SF-2025-1208","200000","25/11/2025"
"Rawan AlMusayid","Global Business Exchange Office for Commercial Services","Call Center","6-Dropped","08/02/2026","19/11/2025","Sales & BD 1","RFQ","Sell Direct","CLM","Non Etimad","SF-2025-1209","898365","26/11/2025"
"Ziyad Aldriwish","Saudi Global Ports Co","IT Service","6-Cancelled","08/02/2026","23/11/2025","Sales & BD 1","RFQ","Sell Through solutions","MPO","Non Etimad","SF-2025-1215","12000000","27/11/2025"
"Khalid AlEnezi","Ministry of Defense ? Executive Affairs","Design Fees for COE Building","4-Submitted - Under Evaluation","17/12/2026","23/11/2025","Sales & BD 1","RFQ","Sell Through solutions","Facility Management","Non Etimad","SF-2025-1216","142857","27/11/2025"
"Rawan AlMusayid","Saudi Aramco","5 Electrical technicals - Request for Manpower Support ? Electrical Technicians for OHTL TowersDear","6-Dropped","08/02/2026","23/11/2025","Sales & BD 1","RFQ","Sell Through solutions","MPO","Non Etimad","SF-2025-1217","100000","27/11/2025"
"Raed Hammad","iotsquered","Operations Resource","4-Submitted - Under Evaluation","30/12/2026","23/11/2025","STC & Sub","RFQ","Sell Direct","MPO","Non Etimad","SF-2025-1218","5900000","27/11/2025"
"Khalid AlEnezi","Ministry of Defense ? Executive Affairs","Research Leadership Program","6-Dropped","13/04/2026","23/11/2025","Sales & BD 1","RFQ","Sell Through solutions","SCM","Non Etimad","SF-2025-1219","3975000","27/11/2025"
"Mohammad Alajlan","Solutions by stc","STCSQR-21946","7-Handover Completed","26/02/2026","24/11/2025","STC & Sub","RFQ","Sell Direct","MPO","Non Etimad","SF-2025-1220","150000","27/11/2025"
"Abdullah Alfawaz","Umm Al-Qura University","Dar Al-Nsher","6-Dropped","23/08/2026","24/11/2025","Sales & BD 2","RFI","Sell Direct","Facility Management","Non Etimad","SF-2025-1221","0","31/12/2025"
"Abdullah Alfawaz","Umm Al-Qura University","unified call center for UQU","6-Dropped","23/08/2026","24/11/2025","Sales & BD 2","RFP","Sell Direct","CLM","Non Etimad","SF-2025-1222","0","31/12/2025"
"Mohammad Alajlan","Center3","Service Admin Renewal","7-Handover Completed","15/03/2026","24/11/2025","STC & Sub","RFQ","Sell Direct","Facility Management","Non Etimad","SF-2025-1223","78236","18/12/2025"
"Mohammed Rashed","Princess Nora bint Abdul Rahman University","PNU SCM/FA","7-Handover Completed","15/02/2026","24/11/2025","Sales & BD 2","RFQ","Sell Through solutions","SCM","Non Etimad","SF-2025-1224","9052952","06/12/2025"
"Fajer Alsalloum","Riyadh Expo 2030 Company","Facility for EXPO","6-Cancelled","08/04/2026","24/11/2025","Giga","RFQ","Sell Direct","Facility Management","Non Etimad","SF-2025-1225","16093867","31/12/2025"
"Bayan AlOlayan","National Center For Government Resources System","Risk Assessment of Systems and Technical Sites","7-Handover Completed","12/05/2026","25/11/2025","Sales & BD 2","RFQ","Sell Through solutions","MPO","Non Etimad","SF-2025-1226","13861260","01/12/2025"
"Bayan AlOlayan","National Center For Government Resources System","NCGR Offshore Initiative","4-Submitted - Under Evaluation","29/10/2026","25/11/2025","Sales & BD 2","RFI","Sell Direct","MPO","Non Etimad","SF-2025-1227","11532461","02/12/2025"
"Fajer Alsalloum","Shared Services Program","Work Order - Budget Utilizition","6-Lost","29/01/2026","25/11/2025","Sales & BD 1","RFQ","Sell Through solutions","MPO","Non Etimad","SF-2025-1228","426490","01/12/2025"
"Mohammad Alajlan","Solutions by stc","Ismel Abed Almasri \ accommodations - 1579","6-Cancelled","06/07/2026","26/11/2025","STC & Sub","RFQ","Sell Direct","MPO","Non Etimad","SF-2025-1229","13500","09/12/2025"
"Mohammad Alajlan","Solutions by stc","STCSQR-20167","7-Handover Completed","20/04/2026","26/11/2025","STC & Sub","RFQ","Sell Direct","MPO","Non Etimad","SF-2025-1230","140000","09/12/2025"
"Osayed Shadid","Saudi Railway Company","Overtime Hours 26112025","4-Submitted - Under Evaluation","30/09/2026","26/11/2025","Sales & BD 1","RFQ","Sell Direct","MPO","Non Etimad","SF-2025-1231","434783","07/12/2025"
"Ali Bin Zeair","Solutions by stc","Solutions Luxury Cars Services \ OPP-25-108","4-Submitted - Under Evaluation","24/12/2026","26/11/2025","STC & Sub","RFQ","Sell Direct","Facility Management","Non Etimad","SF-2025-1232","200000","04/12/2025"
"Sultan Alzahrani","Saudi Telecommunications Company-STC Group-EBU","STC- Customer Care - CLM 2026-2029","7-Handover Completed","25/03/2026","26/11/2025","STC & Sub","RFQ","Sell Direct","CLM","Non Etimad","SF-2025-1233","210000000","05/12/2025"
"Raed Hammad","sirar by stc","Sirar 1467 renewal +7%","7-Handover Completed","19/01/2026","26/11/2025","STC & Sub","RFQ","Sell Direct","MPO","Non Etimad","SF-2025-1234","1714271","04/12/2025"
"Bayan AlOlayan","SDAIA - National Information Center","Storage Systems Expansion and Renewal - Phase III","6-Dropped","04/05/2026","27/11/2025","Sales & BD 2","RFQ","Sell Through solutions","MPO","Etimad","SF-2025-1236","5598678","02/12/2025"
"Rawan AlMusayid","National Water Company","OP-2025-159781 NWC - SD WAN","6-Lost","26/01/2026","27/11/2025","Sales & BD 1","RFQ","Sell Through solutions","MPO","Non Etimad","SF-2025-1237","1227229","07/12/2025"
"Rawan AlMusayid","Saudi Aramco","MPO - RFQ # 12432","6-Dropped","08/02/2026","29/11/2025","Sales & BD 1","RFQ","Sell Through solutions","MPO","Non Etimad","SF-2025-1238","200000","02/12/2025"
"Fajer Alsalloum","National Water Company","1st Batch - O&M Engineer / GAP03925-01011","6-Lost","22/01/2026","30/11/2025","Sales & BD 1","RFQ","Sell Direct","MPO","Non Etimad","SF-2025-1239","199967","07/12/2025"
"Bayan AlOlayan","Real Estate General Authority","OP-2025-159631 - REGA Resource","6-Dropped","13/04/2026","30/11/2025","Sales & BD 2","RFQ","Sell Through solutions","MPO","Non Etimad","SF-2025-1240","2285888","07/12/2025"
"Khalid AlEnezi","Ministry of Defense ? Executive Affairs","Specialized and Professional Leadership Training Frame Agreement-WO4","4-Submitted - Under Evaluation","24/12/2026","30/11/2025","Sales & BD 1","RFQ","Sell Through solutions","HRO","Non Etimad","SF-2025-1241","131752","31/12/2025"
"Ziyad Aldriwish","Saudi Global Ports Co","GRC Specialist/Manager","6-Cancelled","08/02/2026","30/11/2025","Sales & BD 1","RFQ","Sell Through solutions","MPO","Non Etimad","SF-2025-1242","885053","04/12/2025"
"Khalid AlEnezi","Ministry of Defense ? Executive Affairs","MOD Resource -STCSQR-22343","7-Handover Completed","08/01/2026","30/11/2025","Sales & BD 1","RFQ","Sell Through solutions","MPO","Non Etimad","SF-2025-1243","246660","04/12/2025"
"Fajer Alsalloum","Saudi Aramco","OP-2025-158786","6-Dropped","02/04/2026","30/11/2025","Sales & BD 1","RFQ","Sell Through solutions","MPO","Non Etimad","SF-2025-1244","517013","04/12/2025"
"Ziyad Aldriwish","Saudi Railway Company","VRO Officer, SP&C","7-Handover Completed","08/02/2026","01/12/2025","Sales & BD 1","RFQ","Sell Direct","MPO","Non Etimad","SF-2025-1245","153348","04/12/2025"
"Majid Al-Faifi","SDAIA - National Information Center","Upgrade and Expansion of the Distributed Systems Infrastructure","6-Dropped","13/04/2026","01/12/2025","Sales & BD 2","RFQ","Sell Through solutions","HRO","Non Etimad","SF-2025-1246","836008","14/12/2025"
"Fajer Alsalloum","SAUDI ELECTRICAL COMPANY","Customer Care Manpower Outsourcing","6-Dropped","08/02/2026","01/12/2025","Sales & BD 1","RFI","Sell Direct","CLM","Non Etimad","SF-2025-1247","12600000","07/12/2025"
"Ali Bin Zeair","Saudi Telecommunications Company-STC Group-EBU","STCSQR-22371 - project 1291","7-Handover Completed","04/01/2026","02/12/2025","STC & Sub","RFQ","Sell Through solutions","MPO","Non Etimad","SF-2025-1248","2000000","09/12/2025"
"Abdulrhman Alshwaier","Saudi Telecommunications Company-STC Group-EBU","BAUs & Projections Forecast - CBU Service Order BAU 1183 BB","7-Handover Completed","25/05/2026","02/12/2025","STC & Sub","RFQ","Sell Through solutions","MPO","Non Etimad","SF-2025-1250","63882798","15/04/2026"
"Abdulrhman Alshwaier","Saudi Telecommunications Company-STC Group-EBU","ITP CAM","7-Handover Completed","19/05/2026","02/12/2025","STC & Sub","RFQ","Sell Through solutions","MPO","Non Etimad","SF-2025-1251","4655588","14/05/2026"
"Mohammad Alajlan","Solutions by stc","Renewal project 1237","1-Identified","30/09/2026","02/12/2025","STC & Sub","RFQ","Sell Direct","MPO","Non Etimad","SF-2025-1252","1216893","25/08/2026"
"Mohammad Alajlan","Solutions by stc","STCSQR-24809","7-Handover Completed","18/08/2026","02/12/2025","STC & Sub","RFQ","Sell Direct","MPO","Non Etimad","SF-2025-1253","1652140","29/07/2026"
"Mohammad Alajlan","Solutions by stc","Renewal project 1238","1-Identified","31/12/2026","02/12/2025","STC & Sub","RFQ","Sell Direct","MPO","Non Etimad","SF-2025-1254","765610","20/05/2026"
"Mohammad Alajlan","Solutions by stc","Renewal project 1357","1-Identified","24/11/2026","02/12/2025","STC & Sub","RFQ","Sell Direct","MPO","Non Etimad","SF-2025-1255","300000","23/09/2026"
"Mohammad Alajlan","Solutions by stc","Renewal 1367","6-Cancelled","06/07/2026","02/12/2025","STC & Sub","RFQ","Sell Direct","MPO","Non Etimad","SF-2025-1256","800000","01/07/2026"
"Mohammad Alajlan","Solutions by stc","Renewal project 1208","1-Identified","24/11/2026","02/12/2025","STC & Sub","RFQ","Sell Direct","MPO","Non Etimad","SF-2025-1257","540000","03/08/2026"
"Mohammad Alajlan","Solutions by stc","Renewal project 1357","3-Qualified In Progress","25/10/2026","02/12/2025","STC & Sub","RFQ","Sell Direct","MPO","Non Etimad","SF-2025-1258","761486","21/09/2026"
"Raed Hammad","TAWAL","TAWAL 2026 IT department TM","7-Handover Completed","17/03/2026","02/12/2025","STC & Sub","RFP","Sell Direct","MPO","Non Etimad","SF-2025-1259","28110000","04/02/2026"
"Raed Hammad","TAWAL","Tawal HR - NW Consultancy - Outsource - Network 2026","7-Handover Completed","17/03/2026","02/12/2025","STC & Sub","RFQ","Sell Direct","MPO","Non Etimad","SF-2025-1260","20764488","31/12/2025"
"Raed Hammad","TAWAL","Tawal HR - ES&OP","7-Handover Completed","17/03/2026","02/12/2025","STC & Sub","RFQ","Sell Direct","MPO","Non Etimad","SF-2025-1261","5984994","31/12/2025"
"Raed Hammad","TAWAL","Tawal HR - Consultancy OS T&I 2026","1-Identified","30/09/2026","02/12/2025","STC & Sub","RFQ","Sell Direct","MPO","Non Etimad","SF-2025-1262","3396444","31/12/2025"
"Raed Hammad","TAWAL","Tawal HR - In House- Inspection 2026","7-Handover Completed","17/03/2026","02/12/2025","STC & Sub","RFQ","Sell Direct","MPO","Non Etimad","SF-2025-1264","3500000","15/03/2026"
"Raed Hammad","TAWAL","Tawal HR - O&M Capex 2026","7-Handover Completed","17/03/2026","02/12/2025","STC & Sub","RFQ","Sell Direct","MPO","Non Etimad","SF-2025-1265","332004","15/03/2026"
"Raed Hammad","TAWAL","Tawal HR - T&I 2026","1-Identified","30/12/2026","02/12/2025","STC & Sub","RFQ","Sell Direct","MPO","Non Etimad","SF-2025-1266","1500000","31/12/2025"
"Raed Hammad","TAWAL","Finance - Budget, Tax & AP - 2026","7-Handover Completed","20/05/2026","02/12/2025","STC & Sub","RFQ","Sell Direct","MPO","Non Etimad","SF-2025-1267","784796","14/05/2026"
"Raed Hammad","TAWAL","O&M Opex2 2026","7-Handover Completed","17/03/2026","02/12/2025","STC & Sub","RFQ","Sell Direct","MPO","Non Etimad","SF-2025-1268","1539216","15/03/2026"
"Raed Hammad","TAWAL","Tawal-12447","1-Identified","30/12/2026","02/12/2025","STC & Sub","RFQ","Sell Direct","MPO","Non Etimad","SF-2025-1269","600000","31/12/2025"
"Mohammad Alajlan","Solutions by stc","renewal 1371","6-Dropped","05/07/2026","02/12/2025","STC & Sub","RFQ","Sell Direct","MPO","Non Etimad","SF-2025-1270","259124","12/05/2026"
"Mohammad Alajlan","Solutions by stc","Senior Engineer - solutions Manpower 1393","4-Submitted - Under Evaluation","08/10/2026","02/12/2025","STC & Sub","RFQ","Sell Direct","MPO","Non Etimad","SF-2025-1271","355165","07/07/2026"
"Mohammad Alajlan","Saudi Telecommunications Company-STC Group-EBU","STCSQR-24093 - Renewal project 1390","7-Handover Completed","06/07/2026","02/12/2025","STC & Sub","RFQ","Sell Through solutions","MPO","Non Etimad","SF-2025-1272","549548","14/05/2026"
"Abdulrhman Alshwaier","Saudi Telecommunications Company-STC Group-EBU","Renewal project H1","7-Handover Completed","22/04/2026","02/12/2025","STC & Sub","RFQ","Sell Direct","MPO","Non Etimad","SF-2025-1273","29300000","01/04/2026"
"Abdulrhman Alshwaier","Saudi Telecommunications Company-STC Group-EBU","Jawwy BAU Project 2025","7-Handover Completed","05/05/2026","02/12/2025","STC & Sub","RFQ","Sell Through solutions","MPO","Non Etimad","SF-2025-1274","439065","31/03/2026"
"Abdulrhman Alshwaier","Saudi Telecommunications Company-STC Group-EBU","Renewal project","7-Handover Completed","06/04/2026","02/12/2025","STC & Sub","RFQ","Sell Through solutions","MPO","Non Etimad","SF-2025-1275","55948","05/02/2026"
"Abdulrhman Alshwaier","Saudi Telecommunications Company-STC Group-EBU","Renewal project 1183","7-Handover Completed","05/04/2026","02/12/2025","STC & Sub","RFQ","Sell Through solutions","MPO","Non Etimad","SF-2025-1276","399705","05/02/2026"
"Abdulrhman Alshwaier","Saudi Telecommunications Company-STC Group-EBU","Renewal project 1641","6-Cancelled","05/05/2026","02/12/2025","STC & Sub","RFQ","Sell Through solutions","MPO","Non Etimad","SF-2025-1277","6354798","05/05/2026"
"Abdulrhman Alshwaier","Saudi Telecommunications Company-STC Group-EBU","AI&DS - AI Digital Solutions Excellence BAU 2026","7-Handover Completed","12/07/2026","02/12/2025","STC & Sub","RFQ","Sell Through solutions","MPO","Non Etimad","SF-2025-1278","10782172","06/07/2026"
"Abdulrhman Alshwaier","Saudi Telecommunications Company-STC Group-EBU","Renewal project CAD wallet 1183s","4-Submitted - Under Evaluation","24/12/2026","02/12/2025","STC & Sub","RFQ","Sell Through solutions","MPO","Non Etimad","SF-2025-1279","361718","05/02/2026"
"Abdulrhman Alshwaier","Saudi Telecommunications Company-STC Group-EBU","Renewal project 1455","7-Handover Completed","16/04/2026","02/12/2025","STC & Sub","RFQ","Sell Through solutions","MPO","Non Etimad","SF-2025-1280","73266","05/02/2026"
"Mohammad Alajlan","Saudi Telecommunications Company-STC Group-EBU","STCSQR-21449 - project code1297","1-Identified","30/11/2026","02/12/2025","STC & Sub","RFQ","Sell Through solutions","MPO","Non Etimad","SF-2025-1281","150000","06/10/2026"
"Abdulrhman Alshwaier","Saudi Telecommunications Company-STC Group-EBU","ITP CAM Renewal project","7-Handover Completed","24/05/2026","02/12/2025","STC & Sub","RFQ","Sell Through solutions","MPO","Non Etimad","SF-2025-1282","1984429","20/05/2026"
"Abdulrhman Alshwaier","Saudi Telecommunications Company-STC Group-EBU","Renewal project","7-Handover Completed","14/05/2026","02/12/2025","STC & Sub","RFQ","Sell Through solutions","MPO","Non Etimad","SF-2025-1283","3681652","17/04/2026"
"Abdulrhman Alshwaier","Saudi Telecommunications Company-STC Group-EBU","Renewal project 1641","6-Cancelled","30/06/2026","02/12/2025","STC & Sub","RFQ","Sell Through solutions","MPO","Non Etimad","SF-2025-1284","2758571","29/06/2026"
"Abdulrhman Alshwaier","Saudi Telecommunications Company-STC Group-EBU","Renewal project","7-Handover Completed","24/05/2026","02/12/2025","STC & Sub","RFQ","Sell Through solutions","MPO","Non Etimad","SF-2025-1285","2573207","22/05/2026"
"Abdulrhman Alshwaier","Saudi Telecommunications Company-STC Group-EBU","Renewal project 1183","7-Handover Completed","29/03/2026","02/12/2025","STC & Sub","RFQ","Sell Through solutions","MPO","Non Etimad","SF-2025-1286","392527","05/02/2026"
"Mohammad Alajlan","Saudi Telecommunications Company-STC Group-EBU","Corpe Renewal project 1633","7-Handover Completed","30/07/2026","02/12/2025","STC & Sub","RFQ","Sell Through solutions","MPO","Non Etimad","SF-2025-1287","877600","08/07/2026"
"Abdulrhman Alshwaier","Saudi Telecommunications Company-STC Group-EBU","BAUs & Projections Forecast - EBU Service Order BAU 1183 BB","7-Handover Completed","11/06/2026","03/12/2025","STC & Sub","RFQ","Sell Through solutions","MPO","Non Etimad","SF-2025-1289","45579175","12/08/2025"
"Abdulrhman Alshwaier","Saudi Telecommunications Company-STC Group-EBU","Service standardization for closed","7-Handover Completed","30/07/2026","03/12/2025","STC & Sub","RFQ","Sell Through solutions","MPO","Non Etimad","SF-2025-1290","9259037","01/07/2026"
"Abdulrhman Alshwaier","Saudi Telecommunications Company-STC Group-EBU","INFRA-Renewal project 1314","6-Cancelled","05/05/2026","03/12/2025","STC & Sub","RFQ","Sell Through solutions","MPO","Non Etimad","SF-2025-1291","10049159","05/05/2026"
"Abdulrhman Alshwaier","Saudi Telecommunications Company-STC Group-EBU","CAM - EBU Demand 2025 - CAM Apps - Tribe Q1","7-Handover Completed","30/07/2026","03/12/2025","STC & Sub","RFQ","Sell Through solutions","MPO","Non Etimad","SF-2025-1292","6494232","13/07/2026"
"Abdulrhman Alshwaier","Saudi Telecommunications Company-STC Group-EBU","Renewal project 1632","6-Cancelled","05/05/2026","03/12/2025","STC & Sub","RFQ","Sell Through solutions","MPO","Non Etimad","SF-2025-1293","7881632","05/05/2026"
"Abdulrhman Alshwaier","Saudi Telecommunications Company-STC Group-EBU","Renewal project 1183","7-Handover Completed","31/03/2026","03/12/2025","STC & Sub","RFQ","Sell Through solutions","MPO","Non Etimad","SF-2025-1294","8977419","05/02/2026"
"Abdulrhman Alshwaier","Saudi Telecommunications Company-STC Group-EBU","Renewal project 1641","6-Cancelled","05/05/2026","03/12/2025","STC & Sub","RFQ","Sell Through solutions","MPO","Non Etimad","SF-2025-1295","6354798","05/05/2026"
"Abdulrhman Alshwaier","Saudi Telecommunications Company-STC Group-EBU","BFM Renewal-1","7-Handover Completed","30/07/2026","03/12/2025","STC & Sub","RFQ","Sell Through solutions","MPO","Non Etimad","SF-2025-1296","3691460","06/07/2026"
"Abdulrhman Alshwaier","Saudi Telecommunications Company-STC Group-EBU","Consultancy Budget-SEA-2026-2027 - project 1306","7-Handover Completed","12/04/2026","03/12/2025","STC & Sub","RFQ","Sell Direct","MPO","Non Etimad","SF-2025-1297","4147947","30/03/2026"
"Abdulrhman Alshwaier","Saudi Telecommunications Company-STC Group-EBU","CAM - 1404","7-Handover Completed","07/09/2026","03/12/2025","STC & Sub","RFQ","Sell Through solutions","MPO","Non Etimad","SF-2025-1298","624067","11/08/2026"
"Abdulrhman Alshwaier","Saudi Telecommunications Company-STC Group-EBU","Renewal project 1633","7-Handover Completed","27/07/2026","03/12/2025","STC & Sub","RFQ","Sell Through solutions","MPO","Non Etimad","SF-2025-1299","727795","14/07/2026"
"Abdulrhman Alshwaier","Saudi Telecommunications Company-STC Group-EBU","Renewal project 1183","7-Handover Completed","16/03/2026","03/12/2025","STC & Sub","RFQ","Sell Through solutions","MPO","Non Etimad","SF-2025-1300","678364","05/02/2026"
"Mohammad Alajlan","Nile","Renewal project 1682","7-Handover Completed","18/06/2026","03/12/2025","STC & Sub","RFQ","Sell Through solutions","SCM","Non Etimad","SF-2025-1301","556121","18/02/2026"
"Mohammad Alajlan","Solutions by stc","Renewal project 1616","1-Identified","13/10/2026","03/12/2025","STC & Sub","RFQ","Sell Direct","Facility Management","Non Etimad","SF-2025-1302","2040909","11/08/2026"
"Mohammad Alajlan","Solutions by stc","Renewal project 1605","1-Identified","13/10/2026","03/12/2025","STC & Sub","RFQ","Sell Direct","Facility Management","Non Etimad","SF-2025-1303","500526","04/08/2026"
"Mohammad Alajlan","Solutions by stc","Renewal project 1676","6-Dropped","05/07/2026","03/12/2025","STC & Sub","RFQ","Sell Direct","Event Management","Non Etimad","SF-2025-1304","683254","05/07/2026"
"Mohammad Alajlan","Solutions by stc","Renewal project 1683","1-Identified","30/09/2026","03/12/2025","STC & Sub","RFQ","Sell Direct","HRO","Non Etimad","SF-2025-1305","300000","09/07/2026"
"Ziyad Aldriwish","Saudi Arabia Catering","SAP Data Entry Resource","6-Cancelled","02/03/2026","03/12/2025","Sales & BD 1","RFQ","Sell Through solutions","MPO","Non Etimad","SF-2025-1306","700000","09/12/2025"
"Majid Al-Faifi","Ministry of Interior - Headquarters","Traveling of: SatCom On-the-Move Units (SOTM Units)","6-Dropped","13/04/2026","03/12/2025","Sales & BD 2","RFQ","Sell Through solutions","Event Management","Non Etimad","SF-2025-1307","337838","08/12/2025"
"Fajer Alsalloum","Communications, Space and Technology Commission - CST","CR - Budget Increase","6-Dropped","19/01/2026","03/12/2025","Sales & BD 1","RFQ","Sell Through solutions","MPO","Non Etimad","SF-2025-1308","175371","10/12/2025"
"Bayan AlOlayan","National Real Estate Registration Service Company","MPO Q1 2026","6-Cancelled","03/03/2026","03/12/2025","Sales & BD 2","RFQ","Sell Through solutions","MPO","Non Etimad","SF-2025-1309","24859950","28/02/2026"
"Bayan AlOlayan","National Real Estate Registration Service Company","MPO Q2 2026","4-Submitted - Under Evaluation","30/09/2026","03/12/2025","Sales & BD 2","RFQ","Sell Through solutions","MPO","Non Etimad","SF-2025-1310","27000000","31/05/2026"
"Bayan AlOlayan","National Real Estate Registration Service Company","MPO Q3 2026","4-Submitted - Under Evaluation","30/09/2026","03/12/2025","Sales & BD 2","RFQ","Sell Through solutions","MPO","Non Etimad","SF-2025-1311","27000000","31/08/2026"
"Bayan AlOlayan","National Real Estate Registration Service Company","MPO Q4 2026","1-Identified","31/12/2026","03/12/2025","Sales & BD 2","RFQ","Sell Through solutions","MPO","","SF-2025-1312","24859950","30/11/2026"
"Bayan AlOlayan","National Real Estate Registration Service Company","RER Agent's renewal 1 year","7-Handover Completed","12/02/2026","03/12/2025","Sales & BD 2","RFQ","Sell Direct","CLM","Non Etimad","SF-2025-1313","8179326","08/02/2026"
"Bayan AlOlayan","National Real Estate Registration Service Company","RER CLM Technology","7-Handover Completed","18/05/2026","03/12/2025","Sales & BD 2","RFQ","Sell Direct","CLM","Non Etimad","SF-2025-1314","950000","12/02/2026"
"Abdullah Alfawaz","Tatweer Education Holding Company","TBC +1000 MPO","4-Submitted - Under Evaluation","30/09/2026","03/12/2025","Sales & BD 2","RFP","Sell Direct","MPO","Non Etimad","SF-2025-1315","150000000","03/03/2026"
"Bayan AlOlayan","National Housing Services Company - NHC","NHC MBN Building Rental","7-Handover Completed","09/08/2026","03/12/2025","Sales & BD 2","RFP","Sell Direct","Facility Management","Non Etimad","SF-2025-1316","12001062","30/12/2025"
"Bayan AlOlayan","National Development Fund","Frame work agreement for contact center WO3","6-Dropped","28/04/2026","03/12/2025","Sales & BD 2","RFQ","Sell Direct","CLM","Non Etimad","SF-2025-1317","1200000","28/04/2026"
"Bayan AlOlayan","Development Authority Support Office","framework-Procurement, Contracts, Finance, and Budget Empowerment Project","6-Dropped","19/08/2026","03/12/2025","Sales & BD 2","RFI","Sell Direct","Facility Management","Non Etimad","SF-2025-1318","50000000","30/03/2026"
"Bayan AlOlayan","Royal Commission For Riyadh City","cyber security","6-Dropped","19/08/2026","03/12/2025","Sales & BD 2","RFI","Sell Direct","MPO","Non Etimad","SF-2025-1319","15000000","30/03/2026"
"Khalid AlEnezi","Ministry of Sport","Digital Transformation Agency Operations Manual - MOS - FRI","6-Cancelled","15/06/2026","03/12/2025","Sales & BD 2","RFP","Sell Through solutions","MPO","Non Etimad","SF-2025-1320","90000000","18/01/2026"
"Khalid AlEnezi","Saudi Tourism Authority","WO 1 - Operating Visitor Care Contact Center","7-Handover Completed","18/03/2026","03/12/2025","Sales & BD 2","RFP","Sell Direct","CLM","Etimad","SF-2025-1321","1677832","26/02/2026"
"Bayan AlOlayan","Ministry of Human Resources & Social Development HRSD","Renewal - Managing and Operating the Call Centers at HRSD","1-Identified","30/11/2026","03/12/2025","Sales & BD 2","RFP","Sell Direct","CLM","Etimad","SF-2025-1322","20826094","30/07/2026"
"Bayan AlOlayan","National Center For Government Resources System","Renewal of the Framework Agreement ? Project for Developing Systems and Applications Using Agile Methodology","1-Identified","29/10/2026","03/12/2025","Sales & BD 2","RFP","Sell Direct","Facility Management","Non Etimad","SF-2025-1323","0","30/04/2026"
"Bayan AlOlayan","National Center For Government Resources System","Rate Card NCGR","1-Identified","22/12/2026","03/12/2025","Sales & BD 2","RFI","Sell Direct","MPO","Non Etimad","SF-2025-1324","93763963","26/08/2025"
"Mohammad Alajlan","Saudi Telecommunications Company-STC Group-EBU","Renewal project 1311","6-Dropped","19/08/2026","04/12/2025","STC & Sub","RFQ","Sell Through solutions","F&A","Non Etimad","SF-2025-1325","5829287","01/07/2026"
"Mohammad Alajlan","Solutions by stc","Renewal project 1680","1-Identified","28/10/2026","04/12/2025","STC & Sub","RFQ","Sell Direct","SCM","Non Etimad","SF-2025-1326","335760","05/08/2026"
"Mohammad Alajlan","Pulse by solutions","Renewal project 1681","1-Identified","28/10/2026","04/12/2025","STC & Sub","RFQ","Sell Direct","SCM","Non Etimad","SF-2025-1327","46403","15/09/2026"
"Mohammad Alajlan","Solutions by stc","Renewal project 1677","1-Identified","30/12/2026","04/12/2025","STC & Sub","RFQ","Sell Direct","SCM","Non Etimad","SF-2025-1328","999912","30/11/2026"
"Mohammad Alajlan","Solutions by stc","Renewal project 1676","1-Identified","03/11/2026","04/12/2025","STC & Sub","RFQ","Sell Direct","SCM","Non Etimad","SF-2025-1329","10000","22/09/2026"
"Mohammad Alajlan","Solutions by stc","Renewal project 1673","1-Identified","18/11/2026","04/12/2025","STC & Sub","RFQ","Sell Direct","SCM","Non Etimad","SF-2025-1330","59000","09/09/2026"
"Mohammad Alajlan","Solutions by stc","Renewal project 1659","1-Identified","13/12/2026","04/12/2025","STC & Sub","RFQ","Sell Direct","SCM","Non Etimad","SF-2025-1332","2224679","04/11/2026"
"Mohammad Alajlan","Solutions by stc","Renewal project 1667","1-Identified","21/10/2026","04/12/2025","STC & Sub","RFQ","Sell Direct","SCM","Non Etimad","SF-2025-1333","204021","12/08/2026"
"Mohammad Alajlan","Solutions by stc","Renewal project 1665","1-Identified","11/11/2026","04/12/2025","STC & Sub","RFQ","Sell Direct","SCM","Non Etimad","SF-2025-1334","414142","26/08/2026"
"Ziyad Aldriwish","SAL Saudi Logistics Services","Operation and Management - Contact Center","6-Cancelled","01/04/2026","04/12/2025","Sales & BD 1","RFQ","Sell Direct","CLM","Non Etimad","SF-2025-1335","1973730","11/12/2025"
"Ziyad Aldriwish","Riyadh Airport Company","CTV access control | operations, maintenance, and support","6-Cancelled","08/02/2026","04/12/2025","Sales & BD 1","RFQ","Sell Through solutions","MPO","Non Etimad","SF-2025-1336","15000000","11/12/2025"
"Ali Bin Zeair","Saudi Telecommunications Company-STC Group-EBU","renewal project 1183  \ STC - EDW and BI Enhancement for Customer Experience Index 2020","7-Handover Completed","01/01/2026","07/12/2025","STC & Sub","RFQ","Sell Through solutions","MPO","Non Etimad","SF-2025-1338","19663","17/12/2025"
"Abdulrhman Alshwaier","Saudi Telecommunications Company-STC Group-EBU","Renewal project : 1166  - 2026","6-Cancelled","30/06/2026","07/12/2025","STC & Sub","RFQ","Sell Through solutions","MPO","Non Etimad","SF-2025-1339","19500000","29/06/2026"
"Abdulrhman Alshwaier","Saudi Telecommunications Company-STC Group-EBU","STC HR Infra H2 \ 2026","7-Handover Completed","05/04/2026","07/12/2025","STC & Sub","RFQ","Sell Direct","MPO","Non Etimad","SF-2025-1340","75000000","29/03/2026"
"Abdulrhman Alshwaier","Saudi Telecommunications Company-STC Group-EBU","TSA budget 2026 - 1166","1-Identified","24/12/2026","08/12/2025","STC & Sub","RFQ","Sell Through solutions","MPO","Non Etimad","SF-2025-1342","44587156","01/05/2026"
"Mohammad Alajlan","Solutions by stc","GITEX Experience","6-Dropped","18/08/2026","08/12/2025","STC & Sub","RFQ","Sell Direct","Event Management","Non Etimad","SF-2025-1343","7864062","28/05/2026"
"Fajer Alsalloum","Communications, Space and Technology Commission - CST","AI solutions for multi-channel call center","6-Dropped","22/01/2026","08/12/2025","Sales & BD 1","RFI","Sell Direct","SCM","Non Etimad","SF-2025-1344","600000","25/12/2025"
"Rawan AlMusayid","D360 Bank","Call Center CX Partner","4-Submitted - Under Evaluation","31/12/2026","08/12/2025","Sales & BD 1","RFP","Sell Direct","CLM","Non Etimad","SF-2025-1345","8613538","09/07/2026"
"Khalid AlEnezi","General Commission for Audiovisual Media","PPP - OP-2025-159830 - Advertising Sector Governance RFI (GAMR)","6-Dropped","04/05/2026","08/12/2025","Sales & BD 2","RFI","Sell Through solutions","CLM","Non Etimad","SF-2025-1346","2274694","20/12/2025"
"Ali Bin Zeair","Pulse by solutions","Winter Event","6-Dropped","08/04/2026","08/12/2025","STC & Sub","RFQ","Sell Direct","Event Management","Non Etimad","SF-2025-1348","18500","11/12/2025"
"Fajer Alsalloum","National Water Company","Innovation LAB - MPO","4-Submitted - Under Evaluation","29/10/2026","08/12/2025","Sales & BD 1","RFQ","Sell Through solutions","MPO","Non Etimad","SF-2025-1350","2626947","15/12/2025"
"Khalid AlEnezi","Ministry of Defense ? Executive Affairs","operate and develop the infrastructure on different location on MOD","6-Cancelled","29/01/2026","09/12/2025","Sales & BD 1","RFQ","Sell Through solutions","SCM","Non Etimad","SF-2025-1351","6700000","10/12/2025"
"Sultan Alzahrani","Saudi Telecommunications Company-STC Group-EBU","This SF is duplicated please remove","6-Cancelled","11/03/2026","09/12/2025","STC & Sub","RFP","Sell Direct","MPO","Non Etimad","SF-2025-1354","0","14/12/2025"
"Raed Hammad","sirar by stc","Sirar Cars and Driver","7-Handover Completed","29/03/2026","09/12/2025","STC & Sub","RFQ","Sell Direct","Event Management","Non Etimad","SF-2025-1355","672247","18/12/2025"
"Bayan AlOlayan","Remat Al-Riyadh Development Company","operation and management of the local urban identity application center in Riyadh city","1-Identified","24/12/2026","09/12/2025","Sales & BD 2","RFP","Sell Direct","MPO","Non Etimad","SF-2025-1356","2000000","18/12/2025"
"Abdullah Alfawaz","Ministry of Interior - Public Security","Etimad RFI: Operations and Maintenance of Public Security Devices, Systems, Applications, and Local Networks","3-Qualified In Progress","31/12/2026","10/12/2025","Sales & BD 2","RFQ","Sell Through solutions","MPO","Etimad","SF-2025-1358","70000000","10/11/2026"
"Majid Al-Faifi","Ministry of Interior - Public Security","FA for event management for technology and AI activities","6-Dropped","04/05/2026","10/12/2025","Sales & BD 2","RFQ","Sell Direct","Event Management","Non Etimad","SF-2025-1359","7000000","04/05/2026"
"Majid Al-Faifi","Ministry of Interior - Development Program","Manpower Projects","6-Dropped","04/05/2026","10/12/2025","Sales & BD 2","RFP","Sell Direct","MPO","Etimad","SF-2025-1360","7000000","04/05/2026"
"Majid Al-Faifi","Ministry of Interior - Special Forces For Environmental Security","FA to handle the event management and PR activities","6-Dropped","04/05/2026","10/12/2025","Sales & BD 2","RFQ","Sell Direct","Event Management","Non Etimad","SF-2025-1361","7000000","04/05/2026"
"Majid Al-Faifi","Ministry of Interior - Special Forces For Environmental Security","IT and Tele Training Program","6-Dropped","04/05/2026","10/12/2025","Sales & BD 2","RFP","Sell Direct","HRO","Non Etimad","SF-2025-1362","14000000","01/04/2026"
"Majid Al-Faifi","MOI - General Directorate of Narcotics Control (GDNC)","Call Center for Saudi National Commission for Narcotics Control (SNC)","6-Dropped","04/05/2026","10/12/2025","Sales & BD 2","RFQ","Sell Direct","CLM","Non Etimad","SF-2025-1363","3500000","04/05/2026"
"Majid Al-Faifi","Al Elm Company","FA Call Center for Eastern Projects","6-Dropped","04/05/2026","10/12/2025","Sales & BD 2","RFP","Sell Direct","CLM","Non Etimad","SF-2025-1364","14000000","03/05/2026"
"Majid Al-Faifi","Al Elm Company","FA Call Center for Western Projects","6-Dropped","04/05/2026","10/12/2025","Sales & BD 2","RFP","Sell Direct","CLM","Non Etimad","SF-2025-1365","14000000","04/05/2026"
"Bayan AlOlayan","SDAIA - National Information Center","Technical Training for the first Camp","6-Dropped","04/05/2026","10/12/2025","Sales & BD 2","RFP","Sell Direct","HRO","Non Etimad","SF-2025-1366","14000000","01/03/2026"
"Bayan AlOlayan","SDAIA - National Information Center","Technical Training for the second camp","6-Dropped","04/05/2026","10/12/2025","Sales & BD 2","RFP","Sell Direct","HRO","Non Etimad","SF-2025-1367","14000000","04/05/2026"
"Bayan AlOlayan","SDAIA - National Information Center","FA SDAIA leadership training program for 2026","6-Dropped","19/08/2026","10/12/2025","Sales & BD 2","RFP","Sell Direct","HRO","Non Etimad","SF-2025-1368","21000000","01/06/2026"
"Bayan AlOlayan","SDAIA - National Information Center","SDAIA Call Center for 2027","1-Identified","31/12/2026","10/12/2025","Sales & BD 2","RFP","Sell Direct","CLM","Etimad","SF-2025-1369","100000000","01/12/2026"
"Khalid AlEnezi","Rackspace Arabia for Information Technology","Supporting Manpower for the Could Projects","6-Dropped","20/08/2026","10/12/2025","Sales & BD 2","RFP","Sell Direct","MPO","Non Etimad","SF-2025-1370","5000000","20/08/2026"
"Bayan AlOlayan","SDAIA - National Information Center","Financial Management support MS","6-Dropped","04/05/2026","10/12/2025","Sales & BD 2","RFQ","Sell Direct","F&A","Non Etimad","SF-2025-1371","5000000","04/05/2026"
"Raed Hammad","sirar by stc","Contact Center","4-Submitted - Under Evaluation","30/12/2026","10/12/2025","STC & Sub","RFP","Sell Direct","CLM","Non Etimad","SF-2025-1372","730762","05/03/2026"
"Abdullah Alfawaz","Entrustment and Liquidation Center - Infath","Contact Center for Infath","1-Identified","24/12/2026","10/12/2025","Sales & BD 2","RFP","Sell Direct","CLM","Non Etimad","SF-2025-1373","30000000","01/06/2026"
"Bayan AlOlayan","Saudi Credit Bank","Operation of the Unified Contact Center and Digital Services","6-Lost","27/01/2026","10/12/2025","Sales & BD 1","RFP","Sell Direct","CLM","Etimad","SF-2025-1374","34601439","28/12/2025"
"Sultan Alzahrani","Saudi Telecommunications Company-STC Group-EBU","CBU Residential Retention 2026","7-Handover Completed","12/04/2026","10/12/2025","STC & Sub","RFQ","Sell Direct","CLM","Non Etimad","SF-2025-1375","29000000","17/12/2025"
"Ziyad Aldriwish","Executive Offices Company","Call Center Services","7-Handover Completed","24/02/2026","10/12/2025","Sales & BD 1","RFQ","Sell Direct","CLM","Non Etimad","SF-2025-1377","449640","14/12/2025"
"Rawan AlMusayid","Shared Services Program","SSP Call Center","4-Submitted - Under Evaluation","31/12/2026","11/12/2025","Sales & BD 1","RFP","Sell Direct","CLM","Etimad","SF-2025-1378","0","07/01/2026"
"Khalid AlEnezi","Ministry of Defense ? Executive Affairs","HRO Services to MOD's Career Transition Program","1-Identified","24/12/2026","13/12/2025","Sales & BD 1","RFI","Sell Direct","HRO","Non Etimad","SF-2025-1380","3000000","07/03/2026"
"Fajer Alsalloum","Misk Charity Foundation","STCSQR-22546","7-Handover Completed","02/02/2026","14/12/2025","Sales & BD 1","RFQ","Sell Through solutions","MPO","Non Etimad","SF-2025-1381","126115","21/12/2025"
"Fajer Alsalloum","Diriyah Gate Development Authority","L3 Resources for Infrastructure Project","7-Handover Completed","21/04/2026","14/12/2025","Giga","RFQ","Sell Through solutions","MPO","Non Etimad","SF-2025-1382","2167140","21/12/2025"
"Ziyad Aldriwish","Saudi Railway Company","Budget Analyst","7-Handover Completed","27/01/2026","14/12/2025","Sales & BD 1","RFQ","Sell Direct","MPO","Non Etimad","SF-2025-1383","153350","17/12/2025"
"Osayed Shadid","Council of Cooperative Health Insurance","Digital and Technical Solutions Development","6-Dropped","08/02/2026","14/12/2025","Sales & BD 1","RFI","Sell Direct","MPO","Non Etimad","SF-2025-1384","15000000","25/12/2025"
"Osayed Shadid","Health Holding Company","Contact Center","6-Cancelled","03/06/2026","14/12/2025","Sales & BD 1","RFI","Sell Direct","CLM","Non Etimad","SF-2025-1385","5000000","25/12/2025"
"Raed Hammad","channels by stc","Transfer from Channels to Solutions - STCSQR-22462","6-Cancelled","19/08/2026","14/12/2025","STC & Sub","RFQ","Sell Through solutions","MPO","Non Etimad","SF-2025-1386","487900","21/12/2025"
"Raed Hammad","Center3","New Hire Request - Alajlan & Alshiha","6-Cancelled","19/08/2026","14/12/2025","STC & Sub","RFQ","Sell Direct","MPO","Non Etimad","SF-2025-1387","1532653","21/12/2025"
"Ali Bin Zeair","Solutions by stc","STCSQR-22093","7-Handover Completed","28/04/2026","15/12/2025","STC & Sub","RFQ","Sell Direct","MPO","Non Etimad","SF-2025-1388","89081","18/12/2025"
"Khalid AlEnezi","Shaqraa University","MPO RFP Shaqra University","6-Lost","26/04/2026","15/12/2025","Sales & BD 2","RFP","Sell Direct","MPO","Etimad","SF-2025-1392","29829271","15/01/2026"
"Abdulrhman Alshwaier","Saudi Telecommunications Company-STC Group-EBU","Specialized MVNO Migration - STCS","6-Dropped","20/08/2026","15/12/2025","STC & Sub","RFQ","Sell Through solutions","MPO","Non Etimad","SF-2025-1393","0","21/12/2025"
"Fajer Alsalloum","National Water Company","ITMS _ MS - NWC - facility","7-Handover Completed","23/02/2026","15/12/2025","Sales & BD 1","RFQ","Sell Through solutions","Facility Management","Non Etimad","SF-2025-1394","18517659","24/12/2025"
"Ali Bin Zeair","Solutions by stc","Cloud Manage Services","7-Handover Completed","18/02/2026","16/12/2025","STC & Sub","RFQ","Sell Direct","SCM","Non Etimad","SF-2025-1396","4544748","17/02/2026"
"Osayed Shadid","Ministry of Industry And Mineral Resources","MIM - MPO framework agreement","4-Submitted - Under Evaluation","22/11/2026","16/12/2025","Sales & BD 1","RFQ","Sell Through solutions","SCM","Non Etimad","SF-2025-1397","3588191","20/12/2025"
"Raed Hammad","specialized by stc","Resource","6-Cancelled","19/08/2026","16/12/2025","STC & Sub","RFQ","Sell Through solutions","MPO","Non Etimad","SF-2025-1398","454189","25/12/2025"
"Ali Bin Zeair","Saudi Telecommunications Company-STC Group-EBU","Corporate GD project 1641","7-Handover Completed","01/01/2026","17/12/2025","STC & Sub","RFQ","Sell Through solutions","MPO","Non Etimad","SF-2025-1399","1994993","24/12/2025"
"Ali Bin Zeair","Saudi Telecommunications Company-STC Group-EBU","STCSQR-22463 Project code 1297","7-Handover Completed","02/02/2026","17/12/2025","STC & Sub","RFQ","Sell Through solutions","MPO","Non Etimad","SF-2025-1402","198708","24/12/2025"
"Mohammad Alajlan","Pulse by solutions","Giza Offices Proposal","7-Handover Completed","22/04/2026","17/12/2025","STC & Sub","RFQ","Sell Direct","Facility Management","Non Etimad","SF-2025-1403","1500000","24/12/2025"
"Rawan AlMusayid","First Abu Dhabi Bank  ( FAB )","IVR & Contact Center Hybrid Managed Services","4-Submitted - Under Evaluation","30/11/2026","17/12/2025","Sales & BD 1","RFP","Sell Direct","CLM","Non Etimad","SF-2025-1404","14000000","08/02/2026"
"Fajer Alsalloum","Saudi Aramco","One Non OEM-System Engineer OP-2025-160239","7-Handover Completed","01/02/2026","17/12/2025","Sales & BD 1","RFQ","Sell Through solutions","MPO","Non Etimad","SF-2025-1405","252756","31/12/2025"
"Rawan AlMusayid","Konecta","HR Services for Konecta MEA (KSA Office)","6-Dropped","08/02/2026","17/12/2025","Sales & BD 1","RFQ","Sell Direct","HRO","Non Etimad","SF-2025-1406","20000","31/12/2025"
"Ali Bin Zeair","Saudi Telecommunications Company-STC Group-EBU","STCSQR-22459","6-Cancelled","12/01/2026","18/12/2025","STC & Sub","RFQ","Sell Through solutions","MPO","Non Etimad","SF-2025-1407","533333","25/12/2025"
"Rawan AlMusayid","Red Sea Global","USS RSG RESERVED CAPACITY","6-Dropped","03/02/2026","18/12/2025","Giga","RFQ","Sell Through solutions","SCM","Non Etimad","SF-2025-1410","225000","25/12/2025"
"Ali Bin Zeair","Saudi Telecommunications Company-STC Group-EBU","Office automation \ manpower project 1613","7-Handover Completed","01/02/2026","18/12/2025","STC & Sub","RFQ","Sell Through solutions","MPO","Non Etimad","SF-2025-1411","970000","25/12/2025"
"Ziyad Aldriwish","Ministry of Industry And Mineral Resources","Activate the Partner Communication Center Channels","6-Lost","15/06/2026","18/12/2025","Sales & BD 1","RFP","Sell Direct","CLM","Etimad","SF-2025-1412","13753556","20/01/2026"
"Abdulrhman Alshwaier","Saudi Telecommunications Company-STC Group-EBU","AI&DS \ 1183 \ 2026","7-Handover Completed","21/06/2026","21/12/2025","STC & Sub","RFQ","Sell Through solutions","MPO","Non Etimad","SF-2025-1413","80305","05/02/2026"
"Sultan Alzahrani","Saudi Telecommunications Company-STC Group-EBU","GCT - STCS - CLM - 2026","7-Handover Completed","28/04/2026","21/12/2025","STC & Sub","RFQ","Sell Through solutions","CLM","Non Etimad","SF-2025-1415","3032646","24/12/2025"
"Raed Hammad","iotsquered","Senior Director - Automated MRO Transformation Project","6-Cancelled","19/08/2026","21/12/2025","STC & Sub","RFQ","Sell Direct","MPO","Non Etimad","SF-2025-1417","1531105","25/12/2025"
"Mohammed Rashed","Ministry of Human Resources & Social Development HRSD","TEMP resources hiring for 3 months","7-Handover Completed","01/01/2026","21/12/2025","Sales & BD 2","RFQ","Sell Through solutions","MPO","Non Etimad","SF-2025-1418","939082","28/12/2025"
"Mohammad Alajlan","Solutions by stc","STCSQR-22576 \ 1355","4-Submitted - Under Evaluation","30/09/2026","22/12/2025","STC & Sub","RFQ","Sell Direct","MPO","Non Etimad","SF-2025-1419","186603","29/12/2025"
"Bayan AlOlayan","Alhasa Municipality","OP-2025-159834","6-Lost","02/02/2026","22/12/2025","Sales & BD 2","RFP","Sell Through solutions","MPO","Non Etimad","SF-2025-1420","47539900","30/12/2025"
"Fajer Alsalloum","Digital Government Authority","Change Request","6-Dropped","08/02/2026","23/12/2025","Sales & BD 1","RFQ","Sell Through solutions","MPO","Non Etimad","SF-2025-1421","24102","30/12/2025"
"Fajer Alsalloum","Royal Comission of Al Ula","Network Engineers","6-Cancelled","02/07/2026","23/12/2025","Giga","RFQ","Sell Through solutions","MPO","Non Etimad","SF-2025-1422","720334","31/12/2025"
"Ali Bin Zeair","Solutions by stc","EV Chargers","6-Cancelled","29/04/2026","23/12/2025","STC & Sub","RFQ","Sell Direct","Facility Management","Non Etimad","SF-2025-1423","84873","30/12/2025"
"Mohammad Alajlan","Solutions by stc","Analyst - Solution Manpower 1510","4-Submitted - Under Evaluation","30/09/2026","24/12/2025","STC & Sub","RFQ","Sell Direct","MPO","Non Etimad","SF-2025-1426","273061","11/05/2026"
"Abdulrhman Alshwaier","Solutions by stc","IT Specialist -Solution Manpower-1222","6-Cancelled","30/06/2026","24/12/2025","STC & Sub","RFQ","Sell Direct","MPO","Non Etimad","SF-2025-1428","442716","29/12/2025"
"Osayed Shadid","Al Yamamah Medical Company","Call Center Services","6-Dropped","08/02/2026","24/12/2025","Sales & BD 1","RFQ","Sell Direct","CLM","Non Etimad","SF-2025-1429","1000000","06/01/2026"
"Ali Bin Zeair","Solutions by stc","STCSQR-21223 - Car 1","4-Submitted - Under Evaluation","24/12/2026","24/12/2025","STC & Sub","RFQ","Sell Direct","Facility Management","Non Etimad","SF-2025-1430","872845","30/12/2025"
"Mohammad Alajlan","Solutions by stc","Renewal Project","7-Handover Completed","06/04/2026","25/12/2025","STC & Sub","RFQ","Sell Direct","MPO","Non Etimad","SF-2025-1432","839695","30/01/2026"
"Ali Bin Zeair","Saudi Telecommunications Company-STC Group-EBU","Growth and Configuration projects  \ project 1408","7-Handover Completed","12/01/2026","25/12/2025","STC & Sub","RFQ","Sell Through solutions","MPO","Non Etimad","SF-2025-1433","11329073","31/12/2025"
"Ali Bin Zeair","Saudi Telecommunications Company-STC Group-EBU","Growth and Configuration projects \ project 1408 -2","7-Handover Completed","03/02/2026","25/12/2025","STC & Sub","RFQ","Sell Through solutions","MPO","Non Etimad","SF-2025-1434","9851037","30/12/2025"
"Fajer Alsalloum","Riyadh Expo 2030 Company","EXPO at PNU","6-Cancelled","01/03/2026","27/12/2025","Giga","RFQ","Sell Direct","Facility Management","Non Etimad","SF-2025-1435","87230285","27/12/2025"
"Mohammad Alajlan","Solutions by stc","| Project 1543 renewal","4-Submitted - Under Evaluation","30/09/2026","27/12/2025","STC & Sub","RFQ","Sell Direct","MPO","Non Etimad","SF-2025-1436","460648","27/03/2026"
"Mohammad Alajlan","Solutions by stc","Operations Manager-Solution Manpower","7-Handover Completed","17/09/2026","27/12/2025","STC & Sub","RFQ","Sell Direct","MPO","Non Etimad","SF-2025-1437","505599","24/05/2026"
"Mohammad Alajlan","Solutions by stc","Specialist-Solution Manpower","7-Handover Completed","13/05/2026","27/12/2025","STC & Sub","RFQ","Sell Direct","MPO","Non Etimad","SF-2025-1438","272325","30/04/2026"
"Raed Hammad","TAWAL","ERP ID 13376","1-Identified","30/12/2026","27/12/2025","STC & Sub","RFQ","Sell Through solutions","MPO","Non Etimad","SF-2025-1439","84795","10/04/2026"
"Abdulrhman Alshwaier","Saudi Telecommunications Company-STC Group-EBU","Renewal for - OP","7-Handover Completed","07/05/2026","27/12/2025","STC & Sub","RFQ","Sell Through solutions","MPO","Non Etimad","SF-2025-1440","3782548","10/04/2026"
"Abdulrhman Alshwaier","Saudi Telecommunications Company-STC Group-EBU","MASA Batch 6 - 2026","7-Handover Completed","22/06/2026","27/12/2025","STC & Sub","RFQ","Sell Through solutions","MPO","Non Etimad","SF-2025-1441","3559151","09/04/2026"
"Abdulrhman Alshwaier","Saudi Telecommunications Company-STC Group-EBU","Office Automation V2 1606","7-Handover Completed","12/07/2026","27/12/2025","STC & Sub","RFQ","Sell Through solutions","MPO","Non Etimad","SF-2025-1442","980196","09/06/2026"
"Abdulrhman Alshwaier","Saudi Telecommunications Company-STC Group-EBU","ITP CAM - EBU BAU Projection 2025 - CAM Apps","7-Handover Completed","24/06/2026","27/12/2025","STC & Sub","RFQ","Sell Through solutions","MPO","Non Etimad","SF-2025-1443","2732728","09/04/2026"
"Mohammad Alajlan","Solutions by stc","Project Control & Planning - Solutions Manpower 1377","7-Handover Completed","17/06/2026","27/12/2025","STC & Sub","RFQ","Sell Direct","MPO","Non Etimad","SF-2025-1444","432334","29/04/2026"
"Mohammad Alajlan","Saudi Telecommunications Company-STC Group-EBU","Solutions Architect - solutions Manpower","7-Handover Completed","07/05/2026","27/12/2025","STC & Sub","RFQ","Sell Through solutions","MPO","Non Etimad","SF-2025-1445","752315","05/05/2026"
"Ali Bin Zeair","Saudi Telecommunications Company-STC Group-EBU","Hiring Request | customer: stc","7-Handover Completed","24/08/2026","27/12/2025","STC & Sub","RFQ","Sell Through solutions","MPO","Non Etimad","SF-2025-1446","492500","30/03/2026"
"Mohammad Alajlan","Saudi Telecommunications Company-STC Group-EBU","STCS-MPO-STCSQR-20119-Solutions","7-Handover Completed","28/06/2026","27/12/2025","STC & Sub","RFQ","Sell Through solutions","MPO","Non Etimad","SF-2025-1447","615582","14/04/2026"
"Mohammad Alajlan","Devoteam Company Saudi Limited","Audit services - 2026","1-Identified","30/09/2026","27/12/2025","STC & Sub","RFQ","Sell Direct","SCM","Non Etimad","SF-2025-1448","314370","16/06/2026"
"Mohammad Alajlan","Solutions by stc","Chief Network Engineer - solutions Manpower","7-Handover Completed","05/08/2026","27/12/2025","STC & Sub","RFQ","Sell Direct","MPO","Non Etimad","SF-2025-1449","493718","20/05/2026"
"Mohammad Alajlan","Saudi Telecommunications Company-STC Group-EBU","Digital Solutions Demand Management","7-Handover Completed","12/08/2026","27/12/2025","STC & Sub","RFQ","Sell Through solutions","MPO","Non Etimad","SF-2025-1450","325019","14/05/2026"
"Mohammad Alajlan","Solutions by stc","PR -Solution Manpower-1252","6-Cancelled","15/06/2026","27/12/2025","STC & Sub","RFQ","Sell Direct","MPO","Non Etimad","SF-2025-1451","709660","19/04/2026"
"Mohammad Alajlan","Saudi Telecommunications Company-STC Group-EBU","Technical Lead - Solution Manpower 1209","7-Handover Completed","24/06/2026","27/12/2025","STC & Sub","RFQ","Sell Through solutions","MPO","Non Etimad","SF-2025-1452","474373","30/04/2026"
"Mohammad Alajlan","Solutions by stc","Engineer-Solution Manpower","7-Handover Completed","29/06/2026","27/12/2025","STC & Sub","RFQ","Sell Direct","MPO","Non Etimad","SF-2025-1453","269239","29/04/2026"
"Raed Hammad","specialized by stc","OP-2024-150038  Specialized - 2026","7-Handover Completed","24/08/2026","27/12/2025","STC & Sub","RFQ","Sell Direct","MPO","Non Etimad","SF-2025-1454","19709239","15/02/2026"
"Raed Hammad","Devoteam Company Saudi Limited","2 manpower - 2026","6-Cancelled","19/08/2026","27/12/2025","STC & Sub","RFQ","Sell Direct","MPO","Non Etimad","SF-2025-1455","747942","30/06/2025"
"Raed Hammad","Devoteam Company Saudi Limited","IT Project Manager - 2026","6-Cancelled","19/08/2026","27/12/2025","STC & Sub","RFQ","Sell Direct","MPO","Non Etimad","SF-2025-1456","713857","30/06/2025"
"Mohammad Alajlan","channels by stc","Jawwy Project 2026","6-Cancelled","21/04/2026","27/12/2025","STC & Sub","RFQ","Sell Direct","MPO","Non Etimad","SF-2025-1457","2994077","21/04/2026"
"Mohammad Alajlan","channels by stc","HR Project 2026","6-Cancelled","21/04/2026","27/12/2025","STC & Sub","RFQ","Sell Direct","MPO","Non Etimad","SF-2025-1458","9989826","21/04/2026"
"Raed Hammad","Devoteam Company Saudi Limited","BPM Consultant Contracting - 2026","6-Cancelled","19/08/2026","27/12/2025","STC & Sub","RFQ","Sell Direct","MPO","Non Etimad","SF-2025-1459","513969","24/07/2026"
"Mohammad Alajlan","Solutions by stc","Renewal project code 1542","7-Handover Completed","09/04/2026","28/12/2025","STC & Sub","RFQ","Sell Direct","MPO","Non Etimad","SF-2025-1460","348050","31/12/2025"
"Raed Hammad","sirar by stc","SIRAR EVENT Calendar","6-Cancelled","19/08/2026","28/12/2025","STC & Sub","RFQ","Sell Direct","Event Management","Non Etimad","SF-2025-1461","100000","31/01/2026"
"Mohammad Alajlan","Solutions by stc","STCSQR-22591 - Renewal project 1485","4-Submitted - Under Evaluation","30/09/2026","28/12/2025","STC & Sub","RFQ","Sell Direct","MPO","Non Etimad","SF-2025-1462","300000","31/12/2025"
"Khalid AlEnezi","Bahah University","Operation and Maintenance of Digital Education and IT Services, and Support for Digital Transformation Solutions","6-Dropped","20/08/2026","28/12/2025","Sales & BD 2","RFP","Sell Direct","MPO","Non Etimad","SF-2025-1463","50000000","03/01/2026"
"Mohammad Alajlan","Solutions by stc","STCSQR-22682 - Renewal","7-Handover Completed","14/05/2026","29/12/2025","STC & Sub","RFQ","Sell Direct","MPO","Non Etimad","SF-2025-1464","291398","06/01/2026"
"Rawan AlMusayid","Ministry of Energy","Unified Contact Center Operation and Development Project","6-Dropped","22/01/2026","29/12/2025","Sales & BD 1","RFI","Sell Direct","CLM","Non Etimad","SF-2025-1465","0","05/01/2026"
"Ali Bin Zeair","Saudi Telecommunications Company-STC Group-EBU","Renewal project 1633 \ Footprint Technology Systems MPA","7-Handover Completed","01/01/2026","29/12/2025","STC & Sub","RFQ","Sell Through solutions","MPO","Non Etimad","SF-2025-1467","2992498","23/12/2025"
"Rawan AlMusayid","Shared Services Program","SSP Work order","7-Handover Completed","21/05/2026","29/12/2025","Sales & BD 1","RFQ","Sell Through solutions","MPO","Non Etimad","SF-2025-1470","1403769","31/12/2025"
"Ali Bin Zeair","Saudi Telecommunications Company-STC Group-EBU","CBU - 2","1-Identified","15/12/2026","30/12/2025","STC & Sub","RFQ","Sell Direct","Facility Management","Non Etimad","SF-2025-1472","20000000","28/01/2026"
"Ali Bin Zeair","Solutions by stc","Partnership & VAP Management 2026","7-Handover Completed","12/02/2026","30/12/2025","STC & Sub","RFQ","Sell Direct","SCM","Non Etimad","SF-2025-1473","12322369","09/02/2026"
"Ali Bin Zeair","Solutions by stc","STCSQR-22947","7-Handover Completed","02/02/2026","30/12/2025","STC & Sub","RFQ","Sell Direct","SCM","Non Etimad","SF-2025-1474","4031437","27/01/2026"
"Raed Hammad","Devoteam Company Saudi Limited","Request for DevOps candidates","6-Cancelled","19/08/2026","31/12/2025","STC & Sub","RFQ","Sell Direct","MPO","Non Etimad","SF-2025-1475","1671766","15/01/2026"
"Raed Hammad","Devoteam Company Saudi Limited","Process Mining & Business Process Consultant Job Role - STC TEC BPT","6-Cancelled","19/08/2026","31/12/2025","STC & Sub","RFQ","Sell Direct","MPO","Non Etimad","SF-2025-1476","376832","20/01/2026"
"Mohammad Alajlan","Solutions by stc","Renewal Project","7-Handover Completed","10/05/2026","31/12/2025","STC & Sub","RFQ","Sell Direct","MPO","Non Etimad","SF-2025-1477","383026","07/01/2026"
"Sultan Alzahrani","Saudi Telecommunications Company-STC Group-EBU","CBU Mobility Retention Project 2026","7-Handover Completed","13/04/2026","31/12/2025","STC & Sub","RFP","Sell Direct","CLM","Non Etimad","SF-2025-1478","33000000","04/03/2026"
"Rawan AlMusayid","Small and Medium Enterprises Bank","STCS-MPO-STCSQR 18620-SME Bank","4-Submitted - Under Evaluation","30/09/2026","31/12/2025","Sales & BD 1","RFQ","Sell Through solutions","MPO","Non Etimad","SF-2025-1479","337383","06/01/2026"
"Mohammad Alajlan","Solutions by stc","Renewal Engineer-Solutions Manpower 1338","7-Handover Completed","11/03/2026","31/12/2025","STC & Sub","RFQ","Sell Direct","MPO","Non Etimad","SF-2025-1480","635263","06/01/2026"
"Bayan AlOlayan","Riyadh infostructure project center","RIPC Resources","6-Lost","02/02/2026","31/12/2025","Sales & BD 2","RFQ","Sell Through solutions","MPO","Non Etimad","SF-2025-1481","14333333","04/01/2026"
"Abdullah Alfawaz","Ministry of Culture","Consolidation of Ministry of Culture Projects","4-Submitted - Under Evaluation","30/12/2026","01/01/2026","Sales & BD 2","RFI","Sell Direct","MPO","Non Etimad","SF-2026-1482","32748893","02/03/2026"
"Khalid AlEnezi","Ministry of Defense ? Executive Affairs","MOD - Unified Secure Network Project (Arkan Project)","6-Cancelled","03/02/2026","01/01/2026","Sales & BD 1","RFQ","Sell Through solutions","MPO","Etimad","SF-2026-1483","19514675","15/01/2026"
"Khalid AlEnezi","Presidency of State Security.","NE Resource STCSQR-22580","6-Dropped","26/04/2026","04/01/2026","Sales & BD 1","RFQ","Sell Through solutions","MPO","Non Etimad","SF-2026-1485","700000","08/01/2026"
"Ziyad Aldriwish","Saudi Airlines","Call center agent outsourcing","6-Lost","15/06/2026","04/01/2026","Sales & BD 1","RFP","Sell Direct","CLM","Non Etimad","SF-2026-1486","182401350","19/02/2026"
"Ali Bin Zeair","Solutions by stc","Renewal project 1389","7-Handover Completed","03/02/2026","04/01/2026","STC & Sub","RFQ","Sell Direct","MPO","Non Etimad","SF-2026-1487","178042","08/01/2026"
"Raed Hammad","Aqalat limited Company","Dammam Square","6-Cancelled","19/08/2026","04/01/2026","STC & Sub","RFI","Sell Direct","SCM","Non Etimad","SF-2026-1488","500000","31/01/2026"
"Raed Hammad","STC Bank","warehousing","6-Cancelled","19/08/2026","04/01/2026","STC & Sub","RFI","Sell Direct","SCM","Non Etimad","SF-2026-1489","200000","28/02/2026"
"Raed Hammad","Center3","Center 3 bonus","7-Handover Completed","16/06/2026","04/01/2026","STC & Sub","RFQ","Sell Direct","MPO","Non Etimad","SF-2026-1491","92034","14/04/2026"
"Raed Hammad","channels by stc","Channels IT","6-Cancelled","05/02/2026","04/01/2026","STC & Sub","RFI","Sell Direct","MPO","Non Etimad","SF-2026-1492","57000000","31/01/2026"
"Rawan AlMusayid","Umm Al-Qura for Dev. and Construction Co","Customer Service Agents","6-Cancelled","05/04/2026","04/01/2026","Giga","RFP","Sell Direct","CLM","Non Etimad","SF-2026-1493","2388098","15/01/2026"
"Bayan AlOlayan","Kidana Development Company","Permanent Call Center Project","1-Identified","23/11/2026","05/01/2026","Sales & BD 2","RFI","Sell Direct","CLM","Non Etimad","SF-2026-1494","0","18/08/2026"
"Mohammad Alajlan","Solutions by stc","STCSQR-22731 - Renewal project","7-Handover Completed","13/05/2026","05/01/2026","STC & Sub","RFQ","Sell Direct","MPO","Non Etimad","SF-2026-1495","2978712","13/01/2026"
"Majid Al-Faifi","MOI - Department of Telecommunications & Wireless","Prisons Call Management","6-Dropped","04/05/2026","05/01/2026","Sales & BD 2","RFI","Sell Direct","CLM","Non Etimad","SF-2026-1496","50000000","03/05/2026"
"Rawan AlMusayid","National Water Company","NWC - Ref#160343","6-Dropped","26/01/2026","06/01/2026","Sales & BD 1","RFQ","Sell Through solutions","MPO","Non Etimad","SF-2026-1498","250000","15/01/2026"
"Mohammad Alajlan","Solutions by stc","STCSQR-22629 \ project code 1145","4-Submitted - Under Evaluation","30/09/2026","07/01/2026","STC & Sub","RFQ","Sell Direct","MPO","Non Etimad","SF-2026-1499","139918","13/01/2026"
"Rawan AlMusayid","Hyperpay Company","Contact Center","6-Dropped","20/04/2026","07/01/2026","Sales & BD 1","RFQ","Sell Direct","CLM","Non Etimad","SF-2026-1501","1732965","25/01/2026"
"Fajer Alsalloum","King Salman Park Foundation","Land Acquisition CLM","6-Cancelled","09/09/2026","08/01/2026","Giga","RFP","Sell Direct","CLM","Non Etimad","SF-2026-1502","1201347","31/07/2026"
"Fajer Alsalloum","Sports Boulevard Foundation","SBF Contact Center","6-Lost","09/09/2026","08/01/2026","Giga","RFP","Sell Direct","CLM","Non Etimad","SF-2026-1503","1559966","31/08/2026"
"Fajer Alsalloum","SAUDI BASIC INDUSTRIES CO.(SABIC)","GSRM Vendor Management","1-Identified","30/11/2026","08/01/2026","Sales & BD 1","RFP","Sell Direct","SCM","Non Etimad","SF-2026-1504","2717758","31/08/2026"
"Bayan AlOlayan","National Real Estate Registration Service Company","Dashboard","6-Lost","19/08/2026","08/01/2026","Sales & BD 2","RFP","Sell Direct","CLM","Non Etimad","SF-2026-1505","5500000","08/01/2026"
"Raed Hammad","iotsquered","SCM Management of Smart Locks","6-Cancelled","19/08/2026","08/01/2026","STC & Sub","RFI","Sell Direct","SCM","Non Etimad","SF-2026-1506","1000000","31/01/2026"
"Ziyad Aldriwish","Advanced Innovations Business Company","Manpower","6-Cancelled","08/02/2026","08/01/2026","Sales & BD 1","RFQ","Sell Direct","MPO","Non Etimad","SF-2026-1508","2647044","19/01/2026"
"Ali Bin Zeair","Saudi Telecommunications Company-STC Group-EBU","New resource under project 1608","6-Cancelled","16/02/2026","10/01/2026","STC & Sub","RFQ","Sell Through solutions","MPO","Non Etimad","SF-2026-1509","1307427","14/01/2026"
"Ali Bin Zeair","Saudi Telecommunications Company-STC Group-EBU","Stc Warehouses","6-Lost","18/08/2026","10/01/2026","STC & Sub","RFP","Sell Direct","SCM","Non Etimad","SF-2026-1510","16343165","22/04/2026"
"Raed Hammad","STC Bank","STC Bank 2026 Consumption Report","1-Identified","30/12/2026","12/01/2026","STC & Sub","RFQ","Sell Direct","MPO","Non Etimad","SF-2026-1511","12000000","15/01/2026"
"Raed Hammad","iotsquered","On site project engineer","6-Cancelled","19/08/2026","12/01/2026","STC & Sub","RFQ","Sell Direct","F&A","Non Etimad","SF-2026-1512","0","15/01/2026"
"Bayan AlOlayan","State Properties General Authority","Ehkaam project transfer","6-Lost","19/08/2026","12/01/2026","Sales & BD 2","RFQ","Sell Direct","CLM","Non Etimad","SF-2026-1513","1191100","22/01/2026"
"Rawan AlMusayid","Ministry of Communication","HRO - Developing Mechanisms and a Strategy for Attracting Artificial Intelligence Talent","4-Submitted - Under Evaluation","30/11/2026","12/01/2026","Sales & BD 1","RFP","Sell Direct","HRO","Etimad","SF-2026-1514","6008460","15/02/2026"
"Abdulrhman Alshwaier","Saudi Telecommunications Company-STC Group-EBU","STCSQR-19542 - 2026","6-Cancelled","05/04/2026","12/01/2026","STC & Sub","RFQ","Sell Direct","MPO","Non Etimad","SF-2026-1515","39899990","16/01/2026"
"Ali Bin Zeair","Solutions by stc","solutions facility","7-Handover Completed","12/02/2026","12/01/2026","STC & Sub","RFQ","Sell Direct","Facility Management","Non Etimad","SF-2026-1516","69324668","02/02/2026"
"Mohammad Alajlan","Saudi Telecommunications Company-STC Group-EBU","Senior Director - Automated MRO Transformation Project","6-Cancelled","05/04/2026","12/01/2026","STC & Sub","RFQ","Sell Direct","SCM","Non Etimad","SF-2026-1517","35004600","12/01/2026"
"Majid Al-Faifi","Ministry of Interior - Headquarters","911 - National Center for Security Operations","6-Dropped","04/05/2026","13/01/2026","Sales & BD 2","RFQ","Sell Through solutions","MPO","Non Etimad","SF-2026-1518","2985185","04/05/2026"
"Majid Al-Faifi","Al Elm Company","Call Center Historical Jeddah","6-Dropped","04/05/2026","13/01/2026","Sales & BD 2","RFP","Sell Direct","CLM","Non Etimad","SF-2026-1519","1136103","04/05/2026"
"Raed Hammad","Solutions by stc","Request for a quotation -  Sr Architect","7-Handover Completed","10/06/2026","13/01/2026","STC & Sub","RFQ","Sell Direct","MPO","Non Etimad","SF-2026-1520","829778","20/01/2026"
"Fajer Alsalloum","Saudi Aramco","Seals inspection & advisory - Software Consultant","6-Cancelled","25/02/2026","13/01/2026","Sales & BD 1","RFQ","Sell Through solutions","MPO","Non Etimad","SF-2026-1521","443045","28/01/2026"
"Fajer Alsalloum","Saudi Aramco","Software Consultant","6-Cancelled","25/02/2026","13/01/2026","Sales & BD 1","RFQ","Sell Through solutions","MPO","Non Etimad","SF-2026-1522","483852","22/01/2026"
"Khalid AlEnezi","Prince Sultan Center for Defense Studies and Research-NCC","Finance and Administration Systems for PSDSARC","6-Lost","19/08/2026","13/01/2026","Sales & BD 1","RFP","Sell Direct","F&A","Non Etimad","SF-2026-1523","7387744","29/03/2026"
"Khalid AlEnezi","Ministry of Sport","IT O&M EST - Mahd Academy - Budgetary before release RFP","6-Cancelled","30/06/2026","13/01/2026","Sales & BD 2","RFP","Sell Direct","SCM","Non Etimad","SF-2026-1524","27710858","26/02/2026"
"Bayan AlOlayan","National Housing Services Company - NHC","Provision of Training and Operational Services","6-Lost","17/02/2026","13/01/2026","Sales & BD 2","RFP","Sell Direct","HRO","Non Etimad","SF-2026-1525","0","27/01/2026"
"Khalid AlEnezi","Presidency of State Security Special Security Forces","Network Monitoring Center","4-Submitted - Under Evaluation","24/12/2026","13/01/2026","Sales & BD 1","RFQ","Sell Through solutions","MPO","Non Etimad","SF-2026-1526","428820","20/01/2026"
"Fajer Alsalloum","Ministry of Energy","MOE Unified Contact Center","6-Dropped","03/03/2026","13/01/2026","Sales & BD 1","RFP","Sell Direct","CLM","Non Etimad","SF-2026-1527","25000000","23/02/2026"
"Rawan AlMusayid","Shared Services Program","WO1 - SSP FA","7-Handover Completed","22/01/2026","13/01/2026","Sales & BD 1","RFQ","Sell Direct","MPO","Non Etimad","SF-2026-1528","2526171","18/01/2026"
"Sultan Alzahrani","Saudi Telecommunications Company-STC Group-EBU","EBU SME - Direct Sales Force 2026","6-Dropped","06/07/2026","14/01/2026","STC & Sub","RFI","Sell Direct","CLM","Non Etimad","SF-2026-1529","20000000","20/01/2026"
"Ali Bin Zeair","Pulse by solutions","Giza Re-Branding","7-Handover Completed","21/06/2026","14/01/2026","STC & Sub","RFQ","Sell Direct","Facility Management","Non Etimad","SF-2026-1530","100000","16/03/2026"
"Fajer Alsalloum","Diriyah Gate Development Authority","Budget Utilization","6-Cancelled","13/04/2026","14/01/2026","Giga","RFQ","Sell Through solutions","MPO","Non Etimad","SF-2026-1531","95180","18/01/2026"
"Abdullah Alswelm","Princess Nora bint Abdul Rahman University","PNU SCM extension","7-Handover Completed","19/01/2026","14/01/2026","Sales & BD 2","RFQ","Sell Through solutions","SCM","Non Etimad","SF-2026-1532","166038","06/01/2026"
"Raed Hammad","iotsquered","Rebadge the resources","4-Submitted - Under Evaluation","30/12/2026","14/01/2026","STC & Sub","RFI","Sell Direct","MPO","Non Etimad","SF-2026-1533","4000000","05/02/2026"
"Fajer Alsalloum","National Water Company","MPO Framework Agreement","7-Handover Completed","10/08/2026","15/01/2026","Sales & BD 1","RFP","Sell Direct","MPO","Non Etimad","SF-2026-1534","55555556","19/05/2026"
"Khalid AlEnezi","World Cup 2034 Hosting Higher Authority","OP-2026-160539 - WCA34 - Managed Services for Infrastructure Operations Management for the Supreme Authority Hosting the","7-Handover Completed","14/04/2026","15/01/2026","Sales & BD 2","RFP","Sell Through solutions","MPO","Non Etimad","SF-2026-1535","5088252","20/01/2026"
"Raed Hammad","Devoteam Company Saudi Limited","Sister Companies - Annual Gathering 2026","6-Cancelled","19/08/2026","15/01/2026","STC & Sub","RFQ","Sell Direct","Event Management","Non Etimad","SF-2026-1536","342714","20/01/2026"
"Ziyad Aldriwish","Saudi Post","Call Center Services","6-Cancelled","04/02/2026","15/01/2026","Sales & BD 1","RFP","Sell Direct","CLM","Non Etimad","SF-2026-1537","18000000","04/02/2026"
"Rawan AlMusayid","Shared Services Program","WO 1 - Digital Transformation Services","7-Handover Completed","30/06/2026","18/01/2026","Sales & BD 1","RFQ","Sell Through solutions","MPO","Non Etimad","SF-2026-1538","10510170","22/01/2026"
"Rawan AlMusayid","Shared Services Program","WO 1 - Information Technology Managed Services","6-Dropped","15/06/2026","18/01/2026","Sales & BD 1","RFQ","Sell Through solutions","MPO","Non Etimad","SF-2026-1539","3640656","12/02/2026"
"Rawan AlMusayid","Shared Services Program","WO1 - IT Project Management Services","6-Dropped","15/06/2026","18/01/2026","Sales & BD 1","RFQ","Sell Through solutions","MPO","Non Etimad","SF-2026-1540","3868342","22/01/2026"
"Rawan AlMusayid","ARAB NATIONAL BANK","Manpower Outsourcing Project - ANB","4-Submitted - Under Evaluation","30/11/2026","18/01/2026","Sales & BD 1","RFP","Sell Direct","MPO","Non Etimad","SF-2026-1541","1500000","16/02/2026"
"Rawan AlMusayid","Government Expenditure and Project Efficiency Authority","MPO - IT one resource","6-Dropped","06/04/2026","18/01/2026","Sales & BD 1","RFQ","Sell Direct","MPO","Non Etimad","SF-2026-1542","0","06/04/2026"
"Rawan AlMusayid","Government Expenditure and Project Efficiency Authority","MPO - one resource","6-Dropped","06/04/2026","18/01/2026","Sales & BD 1","RFQ","Sell Direct","MPO","Non Etimad","SF-2026-1543","0","06/04/2026"
"Rawan AlMusayid","Alinma Isnad","Sr. Engineer/Developer","6-Cancelled","04/08/2026","18/01/2026","Sales & BD 1","RFQ","Sell Direct","MPO","Non Etimad","SF-2026-1544","0","04/08/2026"
"Rawan AlMusayid","Alinma Isnad","Integration Applications & APEX Seniors Developer IT","6-Cancelled","04/08/2026","18/01/2026","Sales & BD 1","RFQ","Sell Direct","MPO","Non Etimad","SF-2026-1545","0","04/08/2026"
"Rawan AlMusayid","Alinma Isnad","Senior Integration Developers","7-Handover Completed","25/08/2026","18/01/2026","Sales & BD 1","RFQ","Sell Direct","MPO","Non Etimad","SF-2026-1546","1955037","31/07/2026"
"Osayed Shadid","INFOZECH SOFTWARE PRIVATE LIMITED","MPO | Iqama Sponsorship & Services - IT Team","6-Cancelled","01/04/2026","18/01/2026","Sales & BD 1","RFQ","Sell Direct","MPO","Non Etimad","SF-2026-1547","150558","25/01/2026"
"Fajer Alsalloum","SAUDI ELECTRICAL COMPANY","Technicians for SEC","6-Lost","01/03/2026","18/01/2026","Sales & BD 1","RFQ","Sell Direct","MPO","Non Etimad","SF-2026-1548","853343","22/01/2026"
"Osayed Shadid","Misk Charity Foundation","Renewal 1134 | MISK Foundation Contact Center","7-Handover Completed","10/05/2026","18/01/2026","Sales & BD 1","RFQ","Sell Direct","CLM","Non Etimad","SF-2026-1549","150000","03/05/2026"
"Osayed Shadid","Ministry of Health","Renewal 1281 | STCSQR-13844 - MOH Tech & Solutions","7-Handover Completed","06/04/2026","18/01/2026","Sales & BD 1","RFQ","Sell Through solutions","MPO","Non Etimad","SF-2026-1550","1782048","12/02/2026"
"Osayed Shadid","Ministry of Health","Renewal 1292 | STCSQR-16111 - MOH","6-Cancelled","15/06/2026","18/01/2026","Sales & BD 1","RFP","Sell Through solutions","MPO","Non Etimad","SF-2026-1551","89380","15/06/2026"
"Rawan AlMusayid","Digital Government Authority","Amer Extension","6-Lost","16/02/2026","18/01/2026","Sales & BD 1","RFQ","Sell Through solutions","CLM","Non Etimad","SF-2026-1552","7028596","12/02/2026"
"Osayed Shadid","Ministry of Health","Renewal 1653 | OP-2023-138514 - National PACS","6-Cancelled","02/07/2026","18/01/2026","Sales & BD 1","RFP","Sell Through solutions","MPO","Non Etimad","SF-2026-1553","2612089","01/11/2025"
"Osayed Shadid","Misk Charity Foundation","Renewal 1516 | STCS-MPO- ICT Infrastructure and Cloud E","6-Dropped","11/08/2026","18/01/2026","Sales & BD 1","RFP","Sell Through solutions","MPO","Non Etimad","SF-2026-1554","172284","01/05/2026"
"Rawan AlMusayid","SAUDI FRANSI BANK","BSF - Managed Services RFP for Data Management and Production Support","7-Handover Completed","10/06/2026","18/01/2026","Sales & BD 1","RFQ","Sell Through solutions","MPO","Non Etimad","SF-2026-1555","12006920","04/02/2026"
"Majid Al-Faifi","Al Elm Company","Voice of the Customer ? VOC - PR45553","6-Dropped","15/02/2026","18/01/2026","Sales & BD 2","RFP","Sell Direct","CLM","Non Etimad","SF-2026-1556","7000000","12/02/2026"
"Ziyad Aldriwish","ESNAD","DIR-CLM-Contact center and Smart Channel - Renewal Framework","7-Handover Completed","13/07/2026","18/01/2026","Sales & BD 1","RFP","Sell Direct","CLM","Non Etimad","SF-2026-1557","4690513","29/06/2026"
"Ziyad Aldriwish","Masdar Building Materials Company","DIR-SCM-Procurement Strategy and Operation - Renewal","7-Handover Completed","15/04/2026","18/01/2026","Sales & BD 1","RFP","Sell Direct","SCM","Non Etimad","SF-2026-1558","126000","09/04/2026"
"Ziyad Aldriwish","Ministry of Industry And Mineral Resources","STCS-EM-Ministry of industry and mineral - renewal","6-Cancelled","01/04/2026","18/01/2026","Sales & BD 1","RFQ","Sell Through solutions","Facility Management","Non Etimad","SF-2026-1559","5500000","01/04/2026"
"Osayed Shadid","Ministry of Industry And Mineral Resources","STCS-FM-Mining conference services-Minis - Renewal","6-Dropped","19/08/2026","18/01/2026","Sales & BD 1","RFQ","Sell Through solutions","Facility Management","Non Etimad","SF-2026-1560","19375343","01/04/2026"
"Ziyad Aldriwish","Zakat, Tax and Custom Authority","STCS-MPO-ZATCA-Renewal","6-Cancelled","01/04/2026","18/01/2026","Sales & BD 1","RFQ","Sell Through solutions","MPO","Non Etimad","SF-2026-1561","12967638","01/04/2026"
"Osayed Shadid","Saudi Railway Company","DIR-MPO-Specialized manpower-Saudi Railways (SAR) - Renewal","6-Dropped","10/08/2026","18/01/2026","Sales & BD 1","RFQ","Sell Through solutions","MPO","Non Etimad","SF-2026-1562","12308502","31/05/2026"
"Ziyad Aldriwish","Zakat, Tax and Custom Authority","STCS-MPO-DevOps of Business Intelligence Dashboards-ZATCA-Renewal","6-Cancelled","01/04/2026","18/01/2026","Sales & BD 1","RFQ","Sell Through solutions","MPO","Non Etimad","SF-2026-1563","10021428","01/04/2026"
"Ziyad Aldriwish","Saudi Authority for Industrial Cities and Technology Zones  MODON","MPO-Modon-Renewal","6-Cancelled","01/04/2026","18/01/2026","Sales & BD 1","RFQ","Sell Through solutions","MPO","Non Etimad","SF-2026-1564","2160000","01/04/2026"
"Raed Hammad","Center3","2026 Center3 employees","6-Cancelled","19/08/2026","19/01/2026","STC & Sub","RFQ","Sell Direct","MPO","Non Etimad","SF-2026-1565","4536839","22/01/2026"
"Osayed Shadid","Saudi Railway Company","10602 - 13-Renewal","6-Dropped","11/08/2026","19/01/2026","Sales & BD 1","RFQ","Sell Through solutions","MPO","Non Etimad","SF-2026-1566","1006336","11/08/2026"
"Ziyad Aldriwish","Saudi Railway Company","OP-2022-90851 \ 10602 - 12 - Renewal","6-Dropped","05/04/2026","19/01/2026","Sales & BD 1","RFQ","Sell Through solutions","MPO","Non Etimad","SF-2026-1567","4476144","05/04/2026"
"Osayed Shadid","Saudi Railway Company","Restart - benefit \ overtime and business trip (framework agreement)-Renewal","6-Dropped","11/08/2026","19/01/2026","Sales & BD 1","RFQ","Sell Through solutions","MPO","Non Etimad","SF-2026-1568","1000000","30/07/2026"
"Osayed Shadid","Saudi Railway Company","RFQ: 668621 - Specialized Manpower - cover WO# 2 \ WO# 6-Renewal","6-Dropped","11/08/2026","19/01/2026","Sales & BD 1","RFQ","Sell Through solutions","MPO","Non Etimad","SF-2026-1569","10000","01/04/2026"
"Osayed Shadid","Saudi Railway Company","RFQ: 668621 - Specialized Manpower - WO #1-Renewal","6-Dropped","10/08/2026","19/01/2026","Sales & BD 1","RFQ","Sell Through solutions","MPO","Non Etimad","SF-2026-1570","2031567","01/04/2026"
"Ziyad Aldriwish","The National Unified Procurement Company","Contact Center - Extension","7-Handover Completed","27/01/2026","19/01/2026","Sales & BD 1","RFQ","Sell Direct","CLM","Non Etimad","SF-2026-1571","620618","22/01/2026"
"Mohammad Alajlan","Solutions by stc","STCSQR-21941 - additional amount","4-Submitted - Under Evaluation","30/09/2026","19/01/2026","STC & Sub","RFQ","Sell Direct","MPO","Non Etimad","SF-2026-1572","200000","16/02/2026"
"Abdullah Alfawaz","King Saud University","KSU consultant","4-Submitted - Under Evaluation","31/12/2026","19/01/2026","Sales & BD 2","RFQ","Sell Through solutions","MPO","Non Etimad","SF-2026-1573","579420","08/10/2026"
"Khalid AlEnezi","Higher Education Fund","OP-2025-160269 - Facility full change for 5 floors","4-Submitted - Under Evaluation","24/12/2026","19/01/2026","Sales & BD 2","RFI","Sell Through solutions","Facility Management","Non Etimad","SF-2026-1574","15048951","29/01/2026"
"Khalid AlEnezi","Ministry of Defense ? Executive Affairs","Customer service support- SGS-1 Operating Model","7-Handover Completed","23/02/2026","20/01/2026","Sales & BD 1","RFQ","Sell Through solutions","CLM","Non Etimad","SF-2026-1575","936049","20/01/2026"
"Raed Hammad","channels by stc","Wear houses resources","6-Cancelled","24/02/2026","20/01/2026","STC & Sub","RFQ","Sell Direct","SCM","Non Etimad","SF-2026-1576","1000000","10/02/2026"
"Raed Hammad","specialized by stc","Expert resources","6-Lost","19/08/2026","20/01/2026","STC & Sub","RFQ","Sell Direct","MPO","Non Etimad","SF-2026-1577","4969989","22/01/2026"
"Bayan AlOlayan","Royal Commission For Riyadh City","STC outsourcing contract","7-Handover Completed","25/02/2026","20/01/2026","Sales & BD 2","RFQ","Sell Through solutions","MPO","Etimad","SF-2026-1578","116739","22/01/2026"
"Ziyad Aldriwish","Saudi Post","Customer Care - Renewal","6-Cancelled","04/02/2026","21/01/2026","Sales & BD 1","RFP","Sell Direct","CLM","Non Etimad","SF-2026-1579","60000000","04/02/2026"
"Ziyad Aldriwish","Saudi Railway Company","POs Renewal","6-Cancelled","05/04/2026","21/01/2026","Sales & BD 1","RFQ","Sell Through solutions","MPO","Non Etimad","SF-2026-1580","16534803","05/04/2026"
"Abdullah Awleyaa","Health Water Bottling Company","CLM | Call Center Services","6-Cancelled","02/07/2026","21/01/2026","Sales & BD 1","RFP","Sell Direct","CLM","Non Etimad","SF-2026-1581","2321404","29/01/2026"
"Osayed Shadid","Maha Al Fal Trading Est","Car Rental","6-Dropped","11/08/2026","21/01/2026","Sales & BD 1","RFQ","Sell Direct","Facility Management","Non Etimad","SF-2026-1582","819429","25/01/2026"
"Ali Bin Zeair","Saudi Telecommunications Company-STC Group-EBU","EBU Retentions - MPO -2026 14 agents","4-Submitted - Under Evaluation","30/09/2026","22/01/2026","STC & Sub","RFQ","Sell Direct","MPO","Non Etimad","SF-2026-1583","3750000","22/01/2026"
"Fajer Alsalloum","Saudi Aramco","Software Consultant for Aramco","6-Cancelled","25/02/2026","22/01/2026","Sales & BD 1","RFQ","Sell Through solutions","MPO","Non Etimad","SF-2026-1584","481909","25/01/2026"
"Ali Bin Zeair","Saudi Telecommunications Company-STC Group-EBU","NRT replacement (Consultancy Services - NO - 2026","7-Handover Completed","05/03/2026","25/01/2026","STC & Sub","RFQ","Sell Through solutions","MPO","Non Etimad","SF-2026-1585","1673060","28/01/2026"
"Fajer Alsalloum","Saudi Aramco","MPO Engineers for Aramco","6-Dropped","24/08/2026","25/01/2026","Sales & BD 1","RFQ","Sell Through solutions","MPO","Non Etimad","SF-2026-1586","12810021","31/05/2026"
"Fajer Alsalloum","Principal Buyer Oil and Gas","WO1 - PB FA","6-Cancelled","02/07/2026","25/01/2026","Sales & BD 1","RFQ","Sell Direct","MPO","Non Etimad","SF-2026-1587","1000000","30/06/2026"
"Raed Hammad","Pulse by solutions","Ramadan Egypt & KSA Event","6-Cancelled","19/08/2026","25/01/2026","STC & Sub","RFQ","Sell Direct","Event Management","Non Etimad","SF-2026-1588","100000","27/01/2026"
"Fajer Alsalloum","SAUDI BASIC INDUSTRIES CO.(SABIC)","FA Work Orders","7-Handover Completed","29/03/2026","25/01/2026","Sales & BD 1","RFQ","Sell Direct","MPO","Non Etimad","SF-2026-1589","2783144","17/03/2026"
"Raed Hammad","channels by stc","TeleSales Inbound Project","7-Handover Completed","05/02/2026","25/01/2026","STC & Sub","RFQ","Sell Direct","CLM","Non Etimad","SF-2026-1590","24500000","26/01/2026"
"Ziyad Aldriwish","Department of Zakat and Income Tax","Renewal - Development and Operations of BI systems","6-Cancelled","01/04/2026","25/01/2026","Sales & BD 1","RFP","Sell Direct","SCM","Non Etimad","SF-2026-1591","8000000","01/04/2026"
"Mohammad Alajlan","Saudi Telecommunications Company-STC Group-EBU","STCS-MPO-Onboarding of new Consultancy Service employees STC / OP-2026-160492","7-Handover Completed","09/03/2026","25/01/2026","STC & Sub","RFQ","Sell Through solutions","MPO","Non Etimad","SF-2026-1592","5911259","26/01/2026"
"Rawan AlMusayid","Shared Services Program","SSP Framework agreement","1-Identified","31/12/2026","25/01/2026","Sales & BD 1","RFP","Sell Direct","MPO","Non Etimad","SF-2026-1593","10000000","31/12/2026"
"Ziyad Aldriwish","General Authority of Civil Aviation","Managed Technology Services and Digital Transformation","6-Dropped","04/02/2026","25/01/2026","Sales & BD 1","RFP","Sell Direct","MPO","Etimad","SF-2026-1594","40000000","04/02/2026"
"Rawan AlMusayid","Small and Medium Enterprises Bank","Operation of the SME  Bank Contact Center","6-Cancelled","02/07/2026","25/01/2026","Sales & BD 1","RFP","Sell Direct","CLM","Non Etimad","SF-2026-1595","1000000","30/06/2026"
"Rawan AlMusayid","Ministry of Investment","Contact Center","6-Cancelled","02/07/2026","25/01/2026","Sales & BD 1","RFP","Sell Direct","CLM","Non Etimad","SF-2026-1596","0","31/10/2025"
"Rawan AlMusayid","National Center for Palms & Dates","National Center for Palms & Dates - contact Center","6-Dropped","08/02/2026","25/01/2026","Sales & BD 1","RFP","Sell Direct","CLM","Etimad","SF-2026-1597","1788250","31/01/2026"
"Osayed Shadid","Ministry of Transportation","Operation of the Unified Contact Center 19955","6-Dropped","11/08/2026","25/01/2026","Sales & BD 1","RFQ","Sell Direct","CLM","Etimad","SF-2026-1598","8000000","11/08/2026"
"Ziyad Aldriwish","Saudi Post","Unified Managed Services for Technical Operations","6-Cancelled","04/02/2026","25/01/2026","Sales & BD 1","RFP","Sell Direct","MPO","Etimad","SF-2026-1599","10000000","04/02/2026"
"Osayed Shadid","Ministry of Health","Operating Ministry of Health call centers (937)","4-Submitted - Under Evaluation","31/12/2026","25/01/2026","Sales & BD 1","RFP","Sell Direct","CLM","Etimad","SF-2026-1600","119565184","27/03/2026"
"Fajer Alsalloum","Saline Water Conversion Corporation","MPO for PMO Department","6-Cancelled","03/03/2026","25/01/2026","Sales & BD 1","RFP","Sell Direct","MPO","Etimad","SF-2026-1601","4805623","03/03/2026"
"Osayed Shadid","Saudi Post","Facilities Management Services","6-Dropped","11/08/2026","26/01/2026","Sales & BD 1","RFQ","Sell Direct","Facility Management","Non Etimad","SF-2026-1602","1575240","26/02/2026"
"Ziyad Aldriwish","Saudi Railway Company","Budget Analyst  (Outsource Recruitment)","6-Cancelled","19/04/2026","26/01/2026","Sales & BD 1","RFQ","Sell Direct","MPO","Non Etimad","SF-2026-1603","170000","19/04/2026"
"Rawan AlMusayid","The Saudi Standards Metrology and Quality Organization","MPO - Development and Operation of the Product Safety System under the Saudi Standards Authority","6-Lost","19/04/2026","26/01/2026","Sales & BD 1","RFQ","Sell Through solutions","MPO","Etimad","SF-2026-1604","86804301","12/02/2026"
"Raed Hammad","iotsquered","Professional services for Transit Operation RFP #f","6-Dropped","02/02/2026","26/01/2026","STC & Sub","RFP","Sell Direct","MPO","Non Etimad","SF-2026-1605","100000","01/02/2026"
"Raed Hammad","TAWAL","T&M GCC KSA","6-Cancelled","10/02/2026","26/01/2026","STC & Sub","RFP","Sell Direct","MPO","Non Etimad","SF-2026-1606","1000000","01/02/2026"
"Bayan AlOlayan","Qassim Municipality","operation and Maintenance of the Al-Qassim Municipality Operations Center?","6-Dropped","02/02/2026","26/01/2026","Sales & BD 2","RFP","Sell Direct","MPO","Etimad","SF-2026-1607","5000000","02/02/2026"
"Bayan AlOlayan","National Real Estate Registration Service Company","RER Agent's renewal 1 year-CR","7-Handover Completed","28/06/2026","26/01/2026","Sales & BD 2","RFQ","Sell Direct","CLM","Non Etimad","SF-2026-1608","8179326","01/06/2026"
"Khalid AlEnezi","Ministry of Foreign Affairs","Managed Services Project for Digital, Cybersecurity, and Data Systems","4-Submitted - Under Evaluation","24/12/2026","27/01/2026","Sales & BD 1","RFP","Sell Through solutions","MPO","Non Etimad","SF-2026-1609","150000000","18/02/2026"
"Ziyad Aldriwish","The National Unified Procurement Company","CLM - Contact Center","7-Handover Completed","31/03/2026","27/01/2026","Sales & BD 1","RFQ","Sell Direct","CLM","Non Etimad","SF-2026-1610","1975968","08/02/2026"
"Abdulrhman Alshwaier","Saudi Telecommunications Company-STC Group-EBU","CAD Automation & Integration demands 2024 - 104569","6-Cancelled","06/05/2026","27/01/2026","STC & Sub","RFQ","Sell Through solutions","MPO","Non Etimad","SF-2026-1611","302492","29/01/2026"
"Abdulrhman Alshwaier","Saudi Telecommunications Company-STC Group-EBU","STC HR Consultancy Services-SEA","7-Handover Completed","07/05/2026","27/01/2026","STC & Sub","RFQ","Sell Direct","MPO","Non Etimad","SF-2026-1612","2100000","29/01/2026"
"Khalid AlEnezi","Jouf University","251239006235 ? Managed IT Services Project ? Al Jouf University","6-Dropped","22/04/2026","27/01/2026","Sales & BD 2","RFP","Sell Through solutions","MPO","Etimad","SF-2026-1613","10000000","17/02/2026"
"Fajer Alsalloum","Diriyah Gate Development Authority","L1 L2 - Ops SDM - Field Support Renewal for DGCL","6-Cancelled","13/04/2026","27/01/2026","Giga","RFQ","Sell Direct","MPO","Non Etimad","SF-2026-1614","3135660","13/04/2026"
"Raed Hammad","Pulse by solutions","Offshore GIZA","7-Handover Completed","29/01/2026","27/01/2026","STC & Sub","RFQ","Sell Direct","MPO","Non Etimad","SF-2026-1615","43478261","11/01/2026"
"Khalid AlEnezi","General Authority for Military Industries","STCS-MPO-OP-2024-152861 GAMI-RN","4-Submitted - Under Evaluation","24/09/2026","27/01/2026","Sales & BD 1","RFQ","Sell Through solutions","SCM","Non Etimad","SF-2026-1616","2715273","15/02/2026"
"Khalid AlEnezi","General Authority for Military Industries","GAMI Resources MPO-OP-2024-152861","4-Submitted - Under Evaluation","24/09/2026","27/01/2026","Sales & BD 1","RFQ","Sell Through solutions","MPO","Non Etimad","SF-2026-1617","2696178","30/04/2026"
"Khalid AlEnezi","General Authority for Military Industries","STCS-MPO-The General Authority for Military Industries WDS","4-Submitted - Under Evaluation","30/09/2026","27/01/2026","Sales & BD 1","RFQ","Sell Through solutions","MPO","Non Etimad","SF-2026-1618","105844862","19/08/2026"
"Khalid AlEnezi","Royal Diwan","MPO Resources Al Monshaat office","4-Submitted - Under Evaluation","24/12/2026","27/01/2026","Sales & BD 1","RFQ","Sell Through solutions","MPO","Non Etimad","SF-2026-1619","25168079","24/02/2026"
"Khalid AlEnezi","Ministry of Sport","Maintenance, Cleaning, and Operation Project of Al?Taawoun Club ? 26013900344","4-Submitted - Under Evaluation","24/12/2026","27/01/2026","Sales & BD 2","RFP","Sell Direct","Facility Management","Etimad","SF-2026-1620","10000000","18/02/2026"
"Malak AlSuhaim","Ministry of Culture","STC - CAD: Analytics Technologies Delivery 2022","1-Identified","24/12/2026","27/01/2026","Sales & BD 2","RFQ","Sell Through solutions","MPO","Non Etimad","SF-2026-1621","8203524","30/06/2026"
"Khalid AlEnezi","Decision support center","Framework agreements Technical consulting services in the field of applications and business development WO#2","7-Handover Completed","16/02/2026","27/01/2026","Sales & BD 1","RFQ","Sell Direct","MPO","Non Etimad","SF-2026-1622","327806","01/02/2026"
"Majid Al-Faifi","National Center For Government Resources System","OP-2025-159792 - Work Order15 -National Center for Government Resources Sys-2023","7-Handover Completed","29/03/2026","27/01/2026","Sales & BD 2","RFQ","Sell Through solutions","SCM","Non Etimad","SF-2026-1623","10395180","17/02/2026"
"Khalid AlEnezi","Decision support center","Framework agreements Technical consulting services in the field of applications and business development","4-Submitted - Under Evaluation","30/09/2026","27/01/2026","Sales & BD 1","RFQ","Sell Direct","MPO","Non Etimad","SF-2026-1624","4086022","21/05/2026"
"Bayan AlOlayan","Medina Municipality","6 Call Center Agents-Renewal","6-Cancelled","13/04/2026","27/01/2026","Sales & BD 2","RFQ","Sell Through solutions","MPO","Non Etimad","SF-2026-1625","311460","13/04/2026"
"Bayan AlOlayan","National Real Estate Registration Service Company","MPO 4th Quarter - 25M-CR","7-Handover Completed","18/03/2026","27/01/2026","Sales & BD 2","RFQ","Sell Through solutions","MPO","Non Etimad","SF-2026-1626","5651117","02/02/2026"
"Ziyad Aldriwish","Future AI Company","Call Center Services","6-Cancelled","01/04/2026","28/01/2026","Sales & BD 1","RFQ","Sell Direct","CLM","Non Etimad","SF-2026-1627","2000000","19/02/2026"
"Raed Hammad","sirar by stc","SIRAR foundation day","6-Cancelled","19/08/2026","28/01/2026","STC & Sub","RFQ","Sell Direct","Event Management","Non Etimad","SF-2026-1628","677914","10/02/2026"
"Fajer Alsalloum","Royal Comission of Al Ula","Establishing a Unified Official Communication Line for Nature Reserves","6-Dropped","08/02/2026","28/01/2026","Giga","RFQ","Sell Direct","CLM","Non Etimad","SF-2026-1629","150000","05/02/2026"
"Raed Hammad","Pulse by solutions","Annual gathering","7-Handover Completed","15/04/2026","28/01/2026","STC & Sub","RFQ","Sell Direct","Event Management","Non Etimad","SF-2026-1630","150000","29/01/2026"
"Raed Hammad","Devoteam Company Saudi Limited","Required Resources","6-Cancelled","28/04/2026","28/01/2026","STC & Sub","RFQ","Sell Direct","MPO","Non Etimad","SF-2026-1631","13405902","01/02/2026"
"Raed Hammad","Pulse by solutions","Egypt Captive batch 1","6-Cancelled","05/05/2026","28/01/2026","STC & Sub","RFQ","Sell Direct","MPO","Non Etimad","SF-2026-1632","5000000","11/02/2026"
"Osayed Shadid","Wareed Health Company","Telesales Contact center & Customer services","7-Handover Completed","27/04/2026","28/01/2026","Sales & BD 1","RFQ","Sell Direct","CLM","Non Etimad","SF-2026-1633","18000000","19/04/2026"
"Fajer Alsalloum","New Square Development One Person Closed Joint Stock Company","ERP Managed Service - Resources","6-Cancelled","02/07/2026","28/01/2026","Giga","RFP","Sell Through solutions","MPO","Non Etimad","SF-2026-1634","829424","02/02/2026"
"Khalid AlEnezi","Tatweer Education Holding Company","Offshore - TETCO MS","6-Dropped","20/08/2026","28/01/2026","Sales & BD 2","RFQ","Sell Direct","MPO","Non Etimad","SF-2026-1635","10000000","25/02/2026"
"Raed Hammad","Devoteam Company Saudi Limited","Request for an Agile Coaching","6-Cancelled","19/08/2026","28/01/2026","STC & Sub","RFQ","Sell Direct","MPO","Non Etimad","SF-2026-1636","300000","29/01/2026"
"Khalid AlEnezi","Tatweer Education Holding Company","Training and Leadership program","6-Dropped","20/08/2026","28/01/2026","Sales & BD 2","RFQ","Sell Direct","HRO","Non Etimad","SF-2026-1637","10000000","26/02/2026"
"Ziyad Aldriwish","Saudi Railway Company","MPO - Technical Engineers","7-Handover Completed","24/02/2026","28/01/2026","Sales & BD 1","RFQ","Sell Direct","MPO","Non Etimad","SF-2026-1638","941940","12/02/2026"
"Raed Hammad","STC Bahrain","Offshore india center","6-Dropped","05/05/2026","28/01/2026","STC & Sub","RFQ","Sell Direct","MPO","Non Etimad","SF-2026-1639","500000","01/02/2026"
"Ziyad Aldriwish","Qiddiya IC","MPO - Offshore Service","6-Cancelled","01/04/2026","28/01/2026","Giga","RFI","Sell Direct","MPO","Non Etimad","SF-2026-1640","0","22/02/2026"
"Ali Bin Zeair","Saudi Telecommunications Company-STC Group-EBU","Drone Show","7-Handover Completed","23/04/2026","29/01/2026","STC & Sub","RFQ","Sell Direct","Event Management","Non Etimad","SF-2026-1641","1734121","01/02/2026"
"Rawan AlMusayid","Saudi Space Agency","Renewal MPO","7-Handover Completed","30/06/2026","29/01/2026","Sales & BD 1","RFQ","Sell Through solutions","MPO","Non Etimad","SF-2026-1642","2888789","22/06/2026"
"Rawan AlMusayid","Digital Government Authority","154644-E Yesser Manpower-Ministry of Communication and Information Technology-2020","6-Dropped","03/03/2026","29/01/2026","Sales & BD 1","RFQ","Sell Through solutions","MPO","Non Etimad","SF-2026-1643","3000000","01/03/2026"
"Ziyad Aldriwish","Future AI Company","Project Valor","6-Lost","15/06/2026","29/01/2026","Sales & BD 1","RFP","Sell Direct","F&A","Non Etimad","SF-2026-1644","183000000","19/02/2026"
"Bayan AlOlayan","State Properties General Authority","Operation and Maintenance Services(20 resources)","6-Dropped","18/02/2026","29/01/2026","Sales & BD 2","RFP","Sell Direct","MPO","Etimad","SF-2026-1645","5000000","18/02/2026"
"Bayan AlOlayan","National Real Estate Registration Service Company","Manpower 2026 Q1","7-Handover Completed","31/03/2026","01/02/2026","Sales & BD 2","RFQ","Sell Through solutions","MPO","Non Etimad","SF-2026-1646","32447857","01/03/2026"
"Bayan AlOlayan","Ministry of Municipal And Rural Affairs-Riyadh","Balady Business center platform CR","2-To Be Qualified","30/12/2026","01/02/2026","Sales & BD 2","RFP","Sell Direct","CLM","Non Etimad","SF-2026-1647","11000000","30/05/2026"
"Bayan AlOlayan","National Housing Services Company - NHC","Manpower-Offshore","4-Submitted - Under Evaluation","24/12/2026","01/02/2026","Sales & BD 2","RFI","Sell Direct","MPO","Non Etimad","SF-2026-1648","46090212","30/03/2026"
"Mohammad Alajlan","Saudi Telecommunications Company-STC Group-EBU","STC-CAD Business Enable - Project code 1183","6-Cancelled","03/02/2026","01/02/2026","STC & Sub","RFQ","Sell Through solutions","MPO","Non Etimad","SF-2026-1649","392527","03/02/2026"
"Raed Hammad","Solutions by stc","STCSQR-22029 salary update","6-Cancelled","19/08/2026","01/02/2026","STC & Sub","RFQ","Sell Direct","MPO","Non Etimad","SF-2026-1650","255083","20/11/2025"
"Mohammad Alajlan","Saudi Telecommunications Company-STC Group-EBU","STC-CAD Business Enable - Phase (2) - Project code1183","6-Cancelled","03/02/2026","01/02/2026","STC & Sub","RFQ","Sell Through solutions","MPO","Non Etimad","SF-2026-1651","361718","03/02/2026"
"Abdulrhman Alshwaier","Saudi Telecommunications Company-STC Group-EBU","STCS-MPO-MSAS OE-STC - ITP CAM -","7-Handover Completed","11/05/2026","01/02/2026","STC & Sub","RFQ","Sell Through solutions","MPO","Non Etimad","SF-2026-1652","155957","10/02/2026"
"Mohammad Alajlan","Saudi Telecommunications Company-STC Group-EBU","STC-CAD Business Enable - Project code 1183 - 3","6-Cancelled","03/02/2026","01/02/2026","STC & Sub","RFQ","Sell Through solutions","MPO","Non Etimad","SF-2026-1653","83346","03/02/2026"
"Bayan AlOlayan","National Real Estate Registration Service Company","Manpower 2026 Q2","6-Cancelled","13/04/2026","02/02/2026","Sales & BD 2","RFQ","Sell Through solutions","MPO","Non Etimad","SF-2026-1654","25000000","13/04/2026"
"Bayan AlOlayan","National Real Estate Registration Service Company","Manpower 2026 Q3","4-Submitted - Under Evaluation","30/11/2026","02/02/2026","Sales & BD 2","RFQ","Sell Through solutions","MPO","Non Etimad","SF-2026-1655","26527500","13/04/2026"
"Bayan AlOlayan","National Real Estate Registration Service Company","Manpower 2026 Q4","6-Cancelled","13/04/2026","02/02/2026","Sales & BD 2","RFQ","Sell Through solutions","MPO","Non Etimad","SF-2026-1656","25000000","13/04/2026"
"Mohammad Alajlan","Solutions by stc","New hiring for connectivity Services Team","7-Handover Completed","31/03/2026","02/02/2026","STC & Sub","RFQ","Sell Direct","MPO","Non Etimad","SF-2026-1657","214357","05/02/2026"
"Mohammad Alajlan","Solutions by stc","Collection Project - 2026","7-Handover Completed","09/06/2026","02/02/2026","STC & Sub","RFQ","Sell Direct","F&A","Non Etimad","SF-2026-1658","1537218","01/06/2026"
"Mohammad Alajlan","Solutions by stc","Solutions supple chain Managed service 1 2026","7-Handover Completed","11/02/2026","02/02/2026","STC & Sub","RFQ","Sell Direct","SCM","Non Etimad","SF-2026-1659","30000000","31/01/2025"
"Sultan Alzahrani","Saudi Telecommunications Company-STC Group-EBU","This SF is duplicated please Remove","6-Cancelled","11/03/2026","02/02/2026","STC & Sub","RFP","Sell Direct","CLM","Non Etimad","SF-2026-1660","0","16/10/2025"
"Sultan Alzahrani","Saudi Telecommunications Company-STC Group-EBU","EBU SME CLM 2026","7-Handover Completed","30/06/2026","02/02/2026","STC & Sub","RFP","Sell Direct","CLM","Non Etimad","SF-2026-1661","19088860","31/03/2026"
"Sultan Alzahrani","Saudi Telecommunications Company-STC Group-EBU","B2B 909- BCC Managed Service 2026","7-Handover Completed","21/04/2026","02/02/2026","STC & Sub","RFQ","Sell Direct","CLM","Non Etimad","SF-2026-1662","9000000","12/04/2026"
"Mohammad Alajlan","Solutions by stc","Parents Medical Insurance - project code 1578","7-Handover Completed","13/04/2026","02/02/2026","STC & Sub","RFQ","Sell Direct","MPO","Non Etimad","SF-2026-1663","17493","05/02/2026"
"Osayed Shadid","Saudi Railway Company","Business Trip - Mohammed H Amssep","4-Submitted - Under Evaluation","30/09/2026","02/02/2026","Sales & BD 1","RFQ","Sell Direct","MPO","Non Etimad","SF-2026-1664","1200","05/02/2026"
"Osayed Shadid","Misk Charity Foundation","Design, Planning, Programming, Delivery, and Management","6-Dropped","05/05/2026","02/02/2026","Sales & BD 1","RFP","Sell Through solutions","Event Management","Non Etimad","SF-2026-1665","10839161","12/02/2026"
"Fajer Alsalloum","Royal Comission of Al Ula","Accommodation","7-Handover Completed","11/02/2026","02/02/2026","Giga","RFQ","Sell Through solutions","Facility Management","Non Etimad","SF-2026-1666","2523611","02/02/2026"
"Rawan AlMusayid","Small and Medium Enterprises General Authority","Execution of Biban Forum 2026 Events","6-Cancelled","02/07/2026","03/02/2026","Sales & BD 2","RFI","Sell Direct","Event Management","Etimad","SF-2026-1668","0","05/02/2026"
"Rawan AlMusayid","Small and Medium Enterprises General Authority","Biban Theaters Content Execution 2026","6-Cancelled","02/07/2026","03/02/2026","Sales & BD 2","RFI","Sell Direct","Event Management","Etimad","SF-2026-1669","0","08/02/2026"
"Rawan AlMusayid","Small and Medium Enterprises General Authority","Marketing and Advertising for Biban Forum 2026","6-Cancelled","02/07/2026","03/02/2026","Sales & BD 2","RFI","Sell Direct","Event Management","Etimad","SF-2026-1670","0","09/02/2026"
"Rawan AlMusayid","Small and Medium Enterprises General Authority","Operational Support for Manasat Building Center ? Jeddah","6-Cancelled","02/07/2026","03/02/2026","Sales & BD 2","RFI","Sell Direct","Facility Management","Etimad","SF-2026-1671","0","15/02/2026"
"Abdulrhman Alshwaier","Saudi Telecommunications Company-STC Group-EBU","Renewal project CAD wallet 1183s","6-Cancelled","30/03/2026","03/02/2026","STC & Sub","RFQ","Sell Through solutions","MPO","Non Etimad","SF-2026-1672","5082412","01/01/2026"
"Abdulrhman Alshwaier","Saudi Telecommunications Company-STC Group-EBU","Renewal project 1183","6-Dropped","24/08/2026","03/02/2026","STC & Sub","RFQ","Sell Through solutions","MPO","Non Etimad","SF-2026-1673","0","16/04/2026"
"Abdulrhman Alshwaier","Saudi Telecommunications Company-STC Group-EBU","AI&DS 2026","7-Handover Completed","31/03/2026","03/02/2026","STC & Sub","RFQ","Sell Through solutions","MPO","Non Etimad","SF-2026-1674","58955184","01/02/2026"
"Mohammad Alajlan","Saudi Telecommunications Company-STC Group-EBU","STCSQR-23000 - project 1558","6-Dropped","21/07/2026","03/02/2026","STC & Sub","RFQ","Sell Through solutions","MPO","Non Etimad","SF-2026-1675","2083281","15/04/2026"
"Osayed Shadid","Saudi Railway Company","Saqlain Qamar - Business Trip","4-Submitted - Under Evaluation","30/09/2026","03/02/2026","Sales & BD 1","RFQ","Sell Direct","MPO","Non Etimad","SF-2026-1676","6736","08/02/2026"
"Abdulrhman Alshwaier","Saudi Telecommunications Company-STC Group-EBU","Renewal project 1183","6-Cancelled","30/03/2026","03/02/2026","STC & Sub","RFQ","Sell Through solutions","MPO","Non Etimad","SF-2026-1677","6999100","01/01/2026"
"Abdulrhman Alshwaier","Saudi Telecommunications Company-STC Group-EBU","Captive Project ITP_12","7-Handover Completed","20/08/2026","03/02/2026","STC & Sub","RFQ","Sell Through solutions","HRO","Non Etimad","SF-2026-1678","23595861","18/08/2026"
"Abdulrhman Alshwaier","Saudi Telecommunications Company-STC Group-EBU","Jawwy BAU Project 2025 - Renewal project 1183","6-Cancelled","30/03/2026","03/02/2026","STC & Sub","RFQ","Sell Through solutions","MPO","Non Etimad","SF-2026-1679","21673738","30/03/2026"
"Abdulrhman Alshwaier","Saudi Telecommunications Company-STC Group-EBU","STC - 141952-FCS5006678-API Standardization","7-Handover Completed","30/07/2026","03/02/2026","STC & Sub","RFQ","Sell Through solutions","MPO","Non Etimad","SF-2026-1680","9061817","20/07/2026"
"Bayan AlOlayan","SDAIA - National Information Center","Central Systems Support and Maintenance ? 4","4-Submitted - Under Evaluation","29/10/2026","03/02/2026","Sales & BD 2","RFQ","Sell Through solutions","MPO","Etimad","SF-2026-1681","153110096","23/02/2026"
"Osayed Shadid","Saudi Post","Offshore- Software Engineering","6-Dropped","19/08/2026","03/02/2026","Sales & BD 1","RFQ","Sell Direct","MPO","Non Etimad","SF-2026-1682","3572392","10/02/2026"
"Ali Bin Zeair","Solutions by stc","STCSQR-23034","7-Handover Completed","05/02/2026","04/02/2026","STC & Sub","RFQ","Sell Direct","SCM","Non Etimad","SF-2026-1683","2507045","27/01/2026"
"Sultan Alzahrani","Saudi Telecommunications Company-STC Group-EBU","EBU Retention - Qitaf - CLM 2026","7-Handover Completed","13/04/2026","04/02/2026","STC & Sub","RFQ","Sell Direct","CLM","Non Etimad","SF-2026-1684","10300000","08/02/2026"
"Raed Hammad","Solutions by stc","solutions by stc & Plato Alto - Customer Event","6-Cancelled","19/08/2026","04/02/2026","STC & Sub","RFQ","Sell Direct","Event Management","Non Etimad","SF-2026-1685","20000","09/02/2026"
"Raed Hammad","channels by stc","wears housing Mgt","6-Lost","19/08/2026","05/02/2026","STC & Sub","RFI","Sell Direct","SCM","Non Etimad","SF-2026-1686","7201436","10/03/2026"
"Majid Al-Faifi","General Authority of Endowments","Resourcing Manpower - Network Engineer","4-Submitted - Under Evaluation","30/12/2026","05/02/2026","Sales & BD 2","RFQ","Sell Through solutions","MPO","Non Etimad","SF-2026-1687","250000","11/02/2026"
"Majid Al-Faifi","Ministry of Interior - Headquarters","Application Framework Agreement - Proactive Engagement","6-Dropped","04/05/2026","05/02/2026","Sales & BD 2","RFI","Sell Through solutions","MPO","Non Etimad","SF-2026-1688","15000000","11/02/2026"
"Mohammad Alajlan","Solutions by stc","Event management - project code 1634","6-Dropped","05/07/2026","05/02/2026","STC & Sub","RFQ","Sell Direct","Event Management","Non Etimad","SF-2026-1689","1000000","10/02/2026"
"Osayed Shadid","Systems Limited Company","Quotation for Final Deck Shape up and costing","6-Dropped","06/04/2026","05/02/2026","Sales & BD 1","RFQ","Sell Direct","MPO","Non Etimad","SF-2026-1690","1203614","15/02/2026"
"Raed Hammad","Center3","Budling Rent 2026 with STcs 69 M","4-Submitted - Under Evaluation","30/12/2026","05/02/2026","STC & Sub","RFQ","Sell Through solutions","Facility Management","Non Etimad","SF-2026-1691","2052671","16/02/2026"
"Mohammad Alajlan","Solutions by stc","STCSQR-20344 - project 1580","7-Handover Completed","12/02/2026","08/02/2026","STC & Sub","RFQ","Sell Direct","SCM","Non Etimad","SF-2026-1692","386428","10/02/2026"
"Mohammad Alajlan","Solutions by stc","STCSQR - 16946 Manpower - 1337","7-Handover Completed","11/03/2026","08/02/2026","STC & Sub","RFQ","Sell Direct","MPO","Non Etimad","SF-2026-1693","467202","10/02/2026"
"Raed Hammad","Center3","Manpower and Managed Services Framework agreement","6-Cancelled","19/08/2026","08/02/2026","STC & Sub","RFI","Sell Direct","MPO","Non Etimad","SF-2026-1694","10000000","11/02/2026"
"Fajer Alsalloum","SADARA Company","IT Service Management","6-Lost","14/07/2026","08/02/2026","Sales & BD 1","RFP","Sell Through solutions","CLM","Non Etimad","SF-2026-1695","7367984","15/02/2026"
"Raed Hammad","iotsquered","Smart Solution Project - Resource Hiring - Upsource","7-Handover Completed","11/03/2026","08/02/2026","STC & Sub","RFQ","Sell Direct","MPO","Non Etimad","SF-2026-1696","167400","05/03/2026"
"Rawan AlMusayid","NEOM","stc solution manpower coc#37596","7-Handover Completed","02/03/2026","08/02/2026","Giga","RFQ","Sell Through solutions","MPO","Non Etimad","SF-2026-1697","452058","10/02/2026"
"Rawan AlMusayid","The Saudi Standards Metrology and Quality Organization","CLM - Development and Operation of the Product Safety System under the Saudi Standards Authority","6-Lost","20/04/2026","08/02/2026","Sales & BD 1","RFQ","Sell Through solutions","CLM","Non Etimad","SF-2026-1698","21594159","09/02/2026"
"Rawan AlMusayid","The Saudi Standards Metrology and Quality Organization","Facility - Development and Operation of the Product Safety System under the Saudi Standards Authority","6-Lost","20/04/2026","08/02/2026","Sales & BD 1","RFQ","Sell Through solutions","Facility Management","Non Etimad","SF-2026-1699","9096380","12/02/2026"
"Ali Bin Zeair","Solutions by stc","Procurement Manage Services Operations","7-Handover Completed","12/02/2026","08/02/2026","STC & Sub","RFQ","Sell Direct","SCM","Non Etimad","SF-2026-1700","2748339","10/02/2026"
"Khalid AlEnezi","Ministry of Defense ? Executive Affairs","SGS 1 | Resources mobilization","6-Dropped","13/04/2026","08/02/2026","Sales & BD 1","RFQ","Sell Through solutions","MPO","Non Etimad","SF-2026-1701","3220576","09/02/2026"
"Ziyad Aldriwish","Riyadh Airport Company","Contact Center Manager Service","6-Cancelled","02/04/2026","08/02/2026","Sales & BD 1","RFQ","Sell Direct","CLM","Non Etimad","SF-2026-1702","2438346","12/02/2026"
"Majid Al-Faifi","MOI - Civil Affairs","Training and Development services for the Customer Service Center","6-Dropped","04/05/2026","09/02/2026","Sales & BD 2","RFI","Sell Direct","HRO","Non Etimad","SF-2026-1703","1000000","23/02/2026"
"Ali Bin Zeair","Saudi Telecommunications Company-STC Group-EBU","Customer Service Support for stc square","4-Submitted - Under Evaluation","31/12/2026","09/02/2026","STC & Sub","RFQ","Sell Direct","CLM","Non Etimad","SF-2026-1704","370000","12/02/2026"
"Mohammad Alajlan","Solutions by stc","Project Manager-Solution Manpower","7-Handover Completed","01/07/2026","09/02/2026","STC & Sub","RFQ","Sell Direct","MPO","Non Etimad","SF-2026-1705","863172","12/02/2026"
"Rawan AlMusayid","Saudi Space Agency","Managed Systems  Development  Services Renewal MPO","4-Submitted - Under Evaluation","30/11/2026","09/02/2026","Sales & BD 1","RFP","Sell Through solutions","MPO","Non Etimad","SF-2026-1706","2277180","10/09/2026"
"Rawan AlMusayid","National Center for Environmental Compliance (NCEC)","Renewal for STCS-MPO-STCSQR 17729 National Center For Environmental Compliance","7-Handover Completed","01/03/2026","10/02/2026","Sales & BD 1","RFQ","Sell Through solutions","MPO","Non Etimad","SF-2026-1707","372712","12/02/2026"
"Osayed Shadid","NINETI Company","NINETI Call Center Solution only","6-Dropped","06/04/2026","10/02/2026","Sales & BD 1","RFQ","Sell Through solutions","CLM","Non Etimad","SF-2026-1708","100000","12/02/2026"
"Raed Hammad","specialized by stc","cypher security project","6-Cancelled","19/08/2026","10/02/2026","STC & Sub","RFI","Sell Direct","MPO","Non Etimad","SF-2026-1709","3618954","16/03/2026"
"Ali Bin Zeair","Saudi Telecommunications Company-STC Group-EBU","Events & Exhibition project - Upsource","4-Submitted - Under Evaluation","30/09/2026","10/02/2026","STC & Sub","RFP","Sell Direct","Event Management","Non Etimad","SF-2026-1710","0","12/02/2026"
"Majid Al-Faifi","National Center For Government Resources System","NCJR-WO16-Systems and Applications Development Using Agile Methodology","7-Handover Completed","25/03/2026","10/02/2026","Sales & BD 2","RFQ","Sell Through solutions","SCM","Non Etimad","SF-2026-1711","75609708","17/02/2026"
"Bayan AlOlayan","National Center For Government Resources System","MS for Maintenance of Office Equipment and Devices","4-Submitted - Under Evaluation","30/12/2026","10/02/2026","Sales & BD 2","RFQ","Sell Through solutions","MPO","Non Etimad","SF-2026-1712","4207922","12/02/2026"
"Ziyad Aldriwish","SAUDI GROUND SERVICES","MPO - SAP FICO","6-Cancelled","24/02/2026","10/02/2026","Sales & BD 1","RFQ","Sell Direct","MPO","Non Etimad","SF-2026-1713","900000","12/02/2026"
"Raed Hammad","sirar by stc","70 resources","6-Cancelled","19/08/2026","10/02/2026","STC & Sub","RFI","Sell Direct","MPO","Non Etimad","SF-2026-1714","1000000","15/02/2026"
"Raed Hammad","Solutions by stc","parent Insurance - 1116475334	67936	Mahdi Mohammed Alzamanan","6-Cancelled","19/08/2026","11/02/2026","STC & Sub","RFQ","Sell Direct","MPO","Non Etimad","SF-2026-1715","10000","15/02/2026"
"Ali Bin Zeair","Solutions by stc","ITCC parking proposal","6-Lost","11/03/2026","11/02/2026","STC & Sub","RFQ","Sell Direct","Facility Management","Non Etimad","SF-2026-1716","518343","12/02/2026"
"Raed Hammad","Solutions by stc","VAS Office Fit-Out","6-Cancelled","19/08/2026","11/02/2026","STC & Sub","RFQ","Sell Direct","Facility Management","Non Etimad","SF-2026-1717","822156","18/02/2026"
"Rawan AlMusayid","Shared Services Program","WO 1 - Enterprise Architecture and Data Management","6-Dropped","15/06/2026","11/02/2026","Sales & BD 1","RFQ","Sell Through solutions","MPO","Non Etimad","SF-2026-1718","1756302","12/02/2026"
"Raed Hammad","STC Kuwait","off shore 35+ Resources - india","4-Submitted - Under Evaluation","30/12/2026","11/02/2026","STC & Sub","RFQ","Sell Direct","MPO","Non Etimad","SF-2026-1719","3221135","17/02/2026"
"Majid Al-Faifi","Ministry of Interior - Headquarters","STCSQR-23032 MS ST Network Engineer","7-Handover Completed","05/04/2026","12/02/2026","Sales & BD 2","RFQ","Sell Through solutions","MPO","Non Etimad","SF-2026-1720","542823","17/02/2026"
"Bayan AlOlayan","SDAIA - National Information Center","OP-2026-161007 - ST - National Data Governance Platform","6-Dropped","04/05/2026","12/02/2026","Sales & BD 2","RFQ","Sell Through solutions","MPO","Non Etimad","SF-2026-1721","3000000","18/02/2026"
"Majid Al-Faifi","MOI - Civil Affairs","Improving the Customer Service Center","6-Dropped","04/05/2026","12/02/2026","Sales & BD 2","RFQ","Sell Direct","CLM","Non Etimad","SF-2026-1722","20000000","04/03/2026"
"Khalid AlEnezi","AFC Asian Cup Saudi Arabia 2027 Local Organizing committee","RFP 2026-045 ? Supreme Authority for Hosting the World Cup ? Terms and Specifications Document for the Internal Portal I","4-Submitted - Under Evaluation","24/12/2026","12/02/2026","Sales & BD 2","RFQ","Sell Through solutions","MPO","Non Etimad","SF-2026-1723","2957451","19/02/2026"
"Sultan Alzahrani","Saudi Telecommunications Company-STC Group-EBU","Loyalty Program Gift Disb 2026","6-Cancelled","27/04/2026","12/02/2026","STC & Sub","RFQ","Sell Direct","CLM","Non Etimad","SF-2026-1724","301893","30/06/2025"
"Raed Hammad","iotsquered","Updated RFQ 553","6-Cancelled","19/08/2026","12/02/2026","STC & Sub","RFQ","Sell Direct","MPO","Non Etimad","SF-2026-1725","100000","17/02/2026"
"Ziyad Aldriwish","Saudi Railway Company","Recruitment Senior Specialist - Ghada AlHuraish","6-Cancelled","19/04/2026","12/02/2026","Sales & BD 1","RFQ","Sell Direct","MPO","Non Etimad","SF-2026-1726","333091","17/02/2026"
"Ali Bin Zeair","Saudi Telecommunications Company-STC Group-EBU","OP-2025-155337","7-Handover Completed","05/05/2026","15/02/2026","STC & Sub","RFQ","Sell Through solutions","MPO","Non Etimad","SF-2026-1727","797311","17/02/2026"
"Ali Bin Zeair","Saudi Telecommunications Company-STC Group-EBU","OP-2025-156752 \ project code 1608","7-Handover Completed","09/04/2026","15/02/2026","STC & Sub","RFQ","Sell Through solutions","MPO","Non Etimad","SF-2026-1728","588799","17/02/2026"
"Ali Bin Zeair","Solutions by stc","STCSQR-23243","7-Handover Completed","22/07/2026","15/02/2026","STC & Sub","RFQ","Sell Direct","MPO","Non Etimad","SF-2026-1729","700000","18/02/2026"
"Mohammad Alajlan","Solutions by stc","Project Manager - Solutions","7-Handover Completed","09/04/2026","15/02/2026","STC & Sub","RFQ","Sell Direct","MPO","Non Etimad","SF-2026-1730","443797","17/02/2026"
"Raed Hammad","Solutions by stc","KSU Event","6-Cancelled","19/08/2026","15/02/2026","STC & Sub","RFQ","Sell Direct","Event Management","Non Etimad","SF-2026-1731","50000","16/02/2026"
"Raed Hammad","Devoteam Company Saudi Limited","candidate for 7 months, with a salary of 61,500. He is an EA.","6-Cancelled","19/08/2026","15/02/2026","STC & Sub","RFQ","Sell Direct","MPO","Non Etimad","SF-2026-1732","600000","16/02/2026"
"Fajer Alsalloum","Principal Buyer Oil and Gas","Hiring Project Engineer","7-Handover Completed","23/02/2026","15/02/2026","Sales & BD 1","RFQ","Sell Direct","MPO","Non Etimad","SF-2026-1733","264573","18/02/2026"
"Fajer Alsalloum","Principal Buyer Oil and Gas","Contract Reprehensive","7-Handover Completed","07/05/2026","15/02/2026","Sales & BD 1","RFQ","Sell Direct","MPO","Non Etimad","SF-2026-1734","423280","21/04/2026"
"Mohammad Alajlan","Solutions by stc","Data Analyst  - solutions Manpower 1407","6-Cancelled","15/06/2026","15/02/2026","STC & Sub","RFQ","Sell Direct","MPO","Non Etimad","SF-2026-1735","200000","17/02/2026"
"Bayan AlOlayan","Royal Commission For Jubail & Yanbu - Yanbu","Central Control Room Operation and Maintenance","6-Dropped","26/02/2026","15/02/2026","Sales & BD 2","RFQ","Sell Direct","MPO","Etimad","SF-2026-1736","40000000","25/02/2026"
"Osayed Shadid","Saudi Railway Company","Blue-Collar Jobs","6-Cancelled","02/08/2026","15/02/2026","Sales & BD 1","RFQ","Sell Direct","Facility Management","Non Etimad","SF-2026-1737","1764000","28/02/2026"
"Osayed Shadid","Saudi Railway Company","Maintenance Manpower - 63 Employee - Restart","4-Submitted - Under Evaluation","15/10/2026","15/02/2026","Sales & BD 1","RFQ","Sell Direct","Facility Management","Non Etimad","SF-2026-1738","7202906","31/07/2026"
"Osayed Shadid","Hunger station","Parking spaces","6-Dropped","11/08/2026","15/02/2026","Sales & BD 1","RFP","Sell Direct","Facility Management","Non Etimad","SF-2026-1739","3000000","23/04/2026"
"Osayed Shadid","Ministry of Health","MOH-PHC - STCSQR-23045","6-Cancelled","02/07/2026","16/02/2026","Sales & BD 1","RFQ","Sell Through solutions","MPO","Non Etimad","SF-2026-1740","998261","19/02/2026"
"Rawan AlMusayid","The Saudi National Bank","VSAT Technician","6-Cancelled","02/07/2026","16/02/2026","Sales & BD 1","RFQ","Sell Through solutions","MPO","Non Etimad","SF-2026-1741","350000","19/02/2026"
"Ali Bin Zeair","Saudi Telecommunications Company-STC Group-EBU","CBU - Commercial Unit Service - BB","7-Handover Completed","09/08/2026","16/02/2026","STC & Sub","RFQ","Sell Direct","F&A","Non Etimad","SF-2026-1742","10000000","23/02/2026"
"Khalid AlEnezi","Saudi Electronic University","OP-2026-161040 (260139006263) SEU MS for DT","6-Lost","26/04/2026","16/02/2026","Sales & BD 2","RFQ","Sell Through solutions","MPO","Non Etimad","SF-2026-1743","24145987","23/02/2026"
"Abdulrhman Alshwaier","Saudi Telecommunications Company-STC Group-EBU","CorpE ? ITP  CAM - Corporate Enablement - CBU Demand","7-Handover Completed","17/08/2026","16/02/2026","STC & Sub","RFQ","Sell Through solutions","MPO","Non Etimad","SF-2026-1744","325009","18/02/2026"
"Abdulrhman Alshwaier","Saudi Telecommunications Company-STC Group-EBU","ITP CAM CorpE ? EBU Demand ? Tribe Q4","7-Handover Completed","25/05/2026","16/02/2026","STC & Sub","RFQ","Sell Through solutions","MPO","Non Etimad","SF-2026-1745","6300386","23/05/2026"
"Abdulrhman Alshwaier","Saudi Telecommunications Company-STC Group-EBU","ITP CAM CorpE ? CBU Demand ? Tribe Q3 1404","7-Handover Completed","17/06/2026","16/02/2026","STC & Sub","RFQ","Sell Through solutions","MPO","Non Etimad","SF-2026-1746","2891156","18/02/2026"
"Abdulrhman Alshwaier","Saudi Telecommunications Company-STC Group-EBU","CorpE ? EBU Demand ? Tribe Q3","7-Handover Completed","25/05/2026","16/02/2026","STC & Sub","RFQ","Sell Through solutions","MPO","Non Etimad","SF-2026-1747","5363699","16/02/2026"
"Osayed Shadid","Saudi Railway Company","MPO - Employees Contract Renewals PO#13817","6-Dropped","10/08/2026","16/02/2026","Sales & BD 1","RFQ","Sell Direct","MPO","Non Etimad","SF-2026-1748","6616666","16/05/2026"
"Osayed Shadid","King Abdullah Financial District (KAFD)","MPO - Consulting Services","4-Submitted - Under Evaluation","30/12/2026","16/02/2026","Sales & BD 1","RFQ","Sell Direct","MPO","Non Etimad","SF-2026-1749","24336625","26/08/2026"
"Osayed Shadid","Alnamu alziraai For Manufacturing Company","cleaning personnel","6-Dropped","04/03/2026","16/02/2026","Sales & BD 1","RFQ","Sell Direct","Facility Management","Non Etimad","SF-2026-1750","3000000","26/02/2026"
"Abdullah Awleyaa","Watan Factories Company for Medical Products","Gocomet platform and logistics management","6-Cancelled","02/07/2026","16/02/2026","Sales & BD 1","RFQ","Sell Direct","SCM","Non Etimad","SF-2026-1751","1000000","26/02/2026"
"Mohammad Alajlan","Solutions by stc","Specialist - Solutions Manpower 1389","7-Handover Completed","31/03/2026","16/02/2026","STC & Sub","RFQ","Sell Direct","MPO","Non Etimad","SF-2026-1752","277647","18/02/2026"
"Ziyad Aldriwish","General Authority of Civil Aviation","Managed Services - Digital Transformation - Project 2026","6-Cancelled","01/04/2026","17/02/2026","Sales & BD 1","RFP","Sell Direct","MPO","Etimad","SF-2026-1753","40000000","14/03/2026"
"Ali Bin Zeair","Solutions by stc","STCSQR-23191","7-Handover Completed","25/05/2026","17/02/2026","STC & Sub","RFQ","Sell Direct","MPO","Non Etimad","SF-2026-1754","1344220","23/02/2026"
"Ali Bin Zeair","Solutions by stc","STCSQR-22335","7-Handover Completed","24/02/2026","17/02/2026","STC & Sub","RFQ","Sell Direct","SCM","Non Etimad","SF-2026-1755","170227","19/02/2026"
"Ali Bin Zeair","Solutions by stc","Special Project MS","7-Handover Completed","24/02/2026","17/02/2026","STC & Sub","RFQ","Sell Direct","SCM","Non Etimad","SF-2026-1756","850350","19/02/2026"
"Ali Bin Zeair","Solutions by stc","STCSQR-21712","7-Handover Completed","03/03/2026","17/02/2026","STC & Sub","RFQ","Sell Direct","SCM","Non Etimad","SF-2026-1757","481886","19/02/2026"
"Raed Hammad","sirar by stc","Outsourcing Request - sirar","6-Cancelled","19/08/2026","17/02/2026","STC & Sub","RFQ","Sell Direct","MPO","Non Etimad","SF-2026-1758","300000","18/02/2026"
"Osayed Shadid","Saudi Food & Drug Authority - SFDA","Unified Contact Center","6-Lost","11/08/2026","17/02/2026","Sales & BD 1","RFQ","Sell Through solutions","CLM","Etimad","SF-2026-1759","21046200","29/03/2026"
"Fajer Alsalloum","Diriyah Gate Development Authority","Diriyah Co. (DC)  Sitewide - ICT - Project Manpower","6-Lost","28/08/2026","18/02/2026","Giga","RFQ","Sell Through solutions","MPO","Non Etimad","SF-2026-1760","10582984","01/03/2026"
"Mohammad Alajlan","Solutions by stc","Solutions Manpower 1378","7-Handover Completed","13/09/2026","18/02/2026","STC & Sub","RFQ","Sell Direct","MPO","Non Etimad","SF-2026-1761","298002","23/08/2026"
"Mohammad Alajlan","Saudi Telecommunications Company-STC Group-EBU","Projects Actions","7-Handover Completed","20/05/2026","18/02/2026","STC & Sub","RFQ","Sell Through solutions","MPO","Non Etimad","SF-2026-1762","128700","23/02/2026"
"Mohammad Alajlan","Saudi Telecommunications Company-STC Group-EBU","2 Projects Actions","7-Handover Completed","05/05/2026","18/02/2026","STC & Sub","RFQ","Sell Through solutions","MPO","Non Etimad","SF-2026-1763","235639","23/02/2026"
"Majid Al-Faifi","SDAIA - National Information Center","SDAIA Resource Hiring","7-Handover Completed","02/04/2026","18/02/2026","Sales & BD 2","RFQ","Sell Through solutions","MPO","Etimad","SF-2026-1764","330488","25/02/2026"
"Raed Hammad","channels by stc","Channels IT","7-Handover Completed","28/04/2026","18/02/2026","STC & Sub","RFQ","Sell Through solutions","MPO","Non Etimad","SF-2026-1765","10000000","10/03/2026"
"Ali Bin Zeair","Solutions by stc","STCSQR-23264","6-Dropped","08/04/2026","18/02/2026","STC & Sub","RFQ","Sell Direct","Facility Management","Non Etimad","SF-2026-1766","66885","24/02/2026"
"Ziyad Aldriwish","Saudi Railway Company","Governance Analyst","7-Handover Completed","12/03/2026","19/02/2026","Sales & BD 1","RFQ","Sell Direct","MPO","Non Etimad","SF-2026-1767","142572","26/02/2026"
"Fajer Alsalloum","SATORP","SATORP_Leasing_OP-2025-158080","6-Cancelled","18/06/2026","19/02/2026","Sales & BD 1","RFQ","Sell Through solutions","MPO","Non Etimad","SF-2026-1768","100000","25/02/2026"
"Ali Bin Zeair","Solutions by stc","OPERATIONS Manage Services ","7-Handover Completed","25/02/2026","19/02/2026","STC & Sub","RFQ","Sell Direct","SCM","Non Etimad","SF-2026-1769","239375","11/02/2026"
"Ali Bin Zeair","Solutions by stc","IT OPERATIONS Manage Services ","7-Handover Completed","24/02/2026","19/02/2026","STC & Sub","RFQ","Sell Direct","SCM","Non Etimad","SF-2026-1770","6270041","11/02/2026"
"Abdulrhman Alshwaier","Saudi Telecommunications Company-STC Group-EBU","Renewal project 1641","7-Handover Completed","12/03/2026","19/02/2026","STC & Sub","RFQ","Sell Through solutions","MPO","Non Etimad","SF-2026-1771","91952","23/02/2026"
"Abdulrhman Alshwaier","Saudi Telecommunications Company-STC Group-EBU","Renewal project 1183","7-Handover Completed","16/03/2026","19/02/2026","STC & Sub","RFQ","Sell Through solutions","MPO","Non Etimad","SF-2026-1772","2150943","23/02/2026"
"Fajer Alsalloum","King Salman Park Foundation","Traffic Management Resources","6-Cancelled","18/06/2026","19/02/2026","Giga","RFP","Sell Direct","Facility Management","Non Etimad","SF-2026-1773","6695416","15/03/2026"
"Mohammad Alajlan","Saudi Telecommunications Company-STC Group-EBU","employee increment Mesfer Alkhamsi","6-Cancelled","11/03/2026","23/02/2026","STC & Sub","RFQ","Sell Through solutions","MPO","Non Etimad","SF-2026-1774","50000","25/02/2026"
"Raed Hammad","Pulse by solutions","Annual ghathering - additional SOW","4-Submitted - Under Evaluation","30/09/2026","23/02/2026","STC & Sub","RFQ","Sell Direct","Event Management","Non Etimad","SF-2026-1775","45576","23/02/2026"
"Ali Bin Zeair","Solutions by stc","STCSQR-23075","6-Cancelled","24/02/2026","23/02/2026","STC & Sub","RFQ","Sell Direct","SCM","Non Etimad","SF-2026-1776","6270041","17/02/2026"
"Raed Hammad","specialized by stc","Resident Engineer","6-Lost","26/08/2026","24/02/2026","STC & Sub","RFQ","Sell Direct","MPO","Non Etimad","SF-2026-1777","200000","26/02/2026"
"Mohammad Alajlan","Saudi Telecommunications Company-STC Group-EBU","STCSQR-22858 - merge to one project 1402","7-Handover Completed","16/03/2026","24/02/2026","STC & Sub","RFQ","Sell Through solutions","MPO","Non Etimad","SF-2026-1778","3430323","26/02/2026"
"Osayed Shadid","King Saud Medical City","Additional Genesys Licenses","6-Cancelled","15/06/2026","24/02/2026","Sales & BD 1","RFQ","Sell Direct","CLM","Non Etimad","SF-2026-1779","243360","26/02/2026"
"Bayan AlOlayan","Remat Al-Riyadh Development Company","Parking Operation Service","7-Handover Completed","25/03/2026","25/02/2026","Sales & BD 2","RFP","Sell Through solutions","Facility Management","Non Etimad","SF-2026-1780","12193296","26/02/2026"
"Ali Bin Zeair","Solutions by stc","Cloud OPERATIONS Manage Services","7-Handover Completed","26/02/2026","25/02/2026","STC & Sub","RFQ","Sell Direct","SCM","Non Etimad","SF-2026-1781","755632","17/02/2026"
"Ali Bin Zeair","Solutions by stc","STCSQR-23398","7-Handover Completed","31/03/2026","25/02/2026","STC & Sub","RFQ","Sell Direct","MPO","Non Etimad","SF-2026-1782","234760","03/03/2026"
"Fajer Alsalloum","Saudi Aramco","STCSQR-23372","6-Dropped","26/04/2026","25/02/2026","Sales & BD 1","RFQ","Sell Through solutions","MPO","Non Etimad","SF-2026-1783","563503","01/03/2026"
"Ali Bin Zeair","Solutions by stc","PMO Managed services - STCSQR-23075","7-Handover Completed","02/03/2026","26/02/2026","STC & Sub","RFQ","Sell Direct","SCM","Non Etimad","SF-2026-1784","639991","26/02/2026"
"Mohammad Alajlan","Solutions by stc","STCSQR-23453","7-Handover Completed","29/04/2026","26/02/2026","STC & Sub","RFQ","Sell Direct","MPO","Non Etimad","SF-2026-1785","2994000","23/03/2026"
"Khalid AlEnezi","Al Burj International Company","Accor Call Center","6-Dropped","28/04/2026","26/02/2026","Sales & BD 2","RFQ","Sell Direct","CLM","Non Etimad","SF-2026-1786","5000000","05/03/2026"
"Bayan AlOlayan","Remat Al-Riyadh Development Company","Provision of Managed Services for the Operation of ?Madinaty? Centers","6-Lost","19/08/2026","27/02/2026","Sales & BD 2","RFP","Sell Direct","MPO","Non Etimad","SF-2026-1787","15000000","05/02/2026"
"Abdulrhman Alshwaier","Saudi Telecommunications Company-STC Group-EBU","IT Platform","7-Handover Completed","09/03/2026","01/03/2026","STC & Sub","RFQ","Sell Through solutions","MPO","Non Etimad","SF-2026-1788","10781609","03/03/2026"
"Abdulrhman Alshwaier","Saudi Telecommunications Company-STC Group-EBU","IT Platform","7-Handover Completed","11/03/2026","01/03/2026","STC & Sub","RFQ","Sell Through solutions","MPO","Non Etimad","SF-2026-1789","982563","03/03/2026"
"Abdullah Alfawaz","Entrustment and Liquidation Center - Infath","Analysis, Audit, and Tracking of Banking Operations for Contribution - (Infath)","4-Submitted - Under Evaluation","27/12/2026","01/03/2026","Sales & BD 2","RFP","Sell Direct","F&A","Etimad","SF-2026-1790","5639143","08/03/2026"
"Abdulrhman Alshwaier","Saudi Telecommunications Company-STC Group-EBU","IT Platform BFM","7-Handover Completed","31/03/2026","01/03/2026","STC & Sub","RFQ","Sell Through solutions","MPO","Non Etimad","SF-2026-1791","2481810","03/03/2026"
"Abdulrhman Alshwaier","Saudi Telecommunications Company-STC Group-EBU","IT Platform BFM","7-Handover Completed","31/03/2026","01/03/2026","STC & Sub","RFQ","Sell Through solutions","MPO","Non Etimad","SF-2026-1792","1990837","03/03/2026"
"Abdulrhman Alshwaier","Saudi Telecommunications Company-STC Group-EBU","IT Platform BFM","7-Handover Completed","31/03/2026","01/03/2026","STC & Sub","RFQ","Sell Through solutions","MPO","Non Etimad","SF-2026-1793","1346227","03/03/2026"
"Khalid AlEnezi","Saudi Red Sea Authority","RSA Scope - unified coastal tourism platform","6-Dropped","20/08/2026","01/03/2026","Sales & BD 2","RFQ","Sell Through solutions","MPO","Non Etimad","SF-2026-1794","6000000","17/03/2026"
"Bayan AlOlayan","Medina Municipality","OP-2026-161102","4-Submitted - Under Evaluation","24/12/2026","01/03/2026","Sales & BD 2","RFP","Sell Through solutions","MPO","Non Etimad","SF-2026-1795","2250337","05/03/2026"
"Bayan AlOlayan","Remat Al-Riyadh Development Company","Operational performance Framework - WO 2","7-Handover Completed","19/05/2026","02/03/2026","Sales & BD 2","RFQ","Sell Direct","MPO","Non Etimad","SF-2026-1796","211515","04/03/2026"
"Osayed Shadid","Umran Tech Business Solutions (Holding)","Request for Human Resources Services - Inspection Projects","6-Lost","16/03/2026","02/03/2026","Sales & BD 1","RFQ","Sell Direct","HRO","Non Etimad","SF-2026-1797","144620799","09/03/2026"
"Osayed Shadid","Council of Cooperative Health Insurance","Developing digital and technological solutions","6-Lost","02/07/2026","02/03/2026","Sales & BD 1","RFQ","Sell Through solutions","HRO","Etimad","SF-2026-1798","19245092","29/03/2026"
"Fajer Alsalloum","Principal Buyer Oil and Gas","Supervisors for SPB","7-Handover Completed","11/03/2026","02/03/2026","Sales & BD 1","RFQ","Sell Direct","MPO","Non Etimad","SF-2026-1799","643152","05/03/2026"
"Fajer Alsalloum","Principal Buyer Oil and Gas","Finance & Accounting for SPB","7-Handover Completed","29/03/2026","02/03/2026","Sales & BD 1","RFQ","Sell Direct","MPO","Non Etimad","SF-2026-1800","724994","05/03/2026"
"Fajer Alsalloum","Principal Buyer Oil and Gas","Project Engineers","7-Handover Completed","29/03/2026","02/03/2026","Sales & BD 1","RFQ","Sell Direct","MPO","Non Etimad","SF-2026-1801","405518","05/03/2026"
"Fajer Alsalloum","Saudi Aramco","OP-2026-161255 | MPO","7-Handover Completed","15/06/2026","02/03/2026","Sales & BD 1","RFQ","Sell Through solutions","MPO","Non Etimad","SF-2026-1802","319728","05/03/2026"
"Khalid AlEnezi","Ministry of Sport","RFI - Managed IT Services","4-Submitted - Under Evaluation","24/12/2026","02/03/2026","Sales & BD 2","RFI","Sell Direct","MPO","Etimad","SF-2026-1803","0","16/03/2026"
"Fajer Alsalloum","Sports Boulevard Foundation","Onshore & Offshore Resources","6-Lost","28/08/2026","03/03/2026","Giga","RFP","Sell Through solutions","MPO","Non Etimad","SF-2026-1804","6064463","10/03/2026"
"Bayan AlOlayan","SDAIA - National Information Center","CR-OP-2024-148525 Outsourcing Scope for SDAIA-UFMA2 (Part 2)","6-Dropped","04/05/2026","03/03/2026","Sales & BD 2","RFQ","Sell Through solutions","MPO","Non Etimad","SF-2026-1805","1461058","10/03/2026"
"Ziyad Aldriwish","SAUDI GROUND SERVICES","IT Managed services - Renewal","7-Handover Completed","07/06/2026","04/03/2026","Sales & BD 1","RFQ","Sell Direct","SCM","Non Etimad","SF-2026-1806","484382","11/03/2026"
"Khalid AlEnezi","Saudi Tourism Authority","WO 2 - Operating Visitor Care Contact Center","7-Handover Completed","18/03/2026","04/03/2026","Sales & BD 2","RFQ","Sell Direct","CLM","Non Etimad","SF-2026-1807","2544458","11/03/2026"
"Abdullah Awleyaa","Saudi Cruise","RFP 10003021 ? Call Center Services","6-Lost","18/05/2026","04/03/2026","Sales & BD 2","RFP","Sell Direct","CLM","Non Etimad","SF-2026-1808","3500000","10/03/2026"
"Raed Hammad","Center3","Pre TIP","7-Handover Completed","22/04/2026","04/03/2026","STC & Sub","RFQ","Sell Direct","MPO","Non Etimad","SF-2026-1809","4000000","17/04/2026"
"Fajer Alsalloum","SAUDI BASIC INDUSTRIES CO.(SABIC)","RFX 5500788903","6-Cancelled","02/07/2026","04/03/2026","Sales & BD 1","RFP","Sell Direct","SCM","Non Etimad","SF-2026-1810","1250011","05/03/2026"
"Fajer Alsalloum","Saudi Aramco","STCSQR-23362","7-Handover Completed","16/04/2026","04/03/2026","Sales & BD 1","RFQ","Sell Through solutions","MPO","Non Etimad","SF-2026-1811","723732","15/03/2026"
"Osayed Shadid","Ministry of Transportation","AI Agent","6-Dropped","11/08/2026","05/03/2026","Sales & BD 1","RFI","Sell Direct","CLM","Non Etimad","SF-2026-1812","1500000","12/03/2026"
"Fajer Alsalloum","SAUDI ELECTRICAL COMPANY","STCS-SEC-Operations","6-Lost","11/08/2026","08/03/2026","Sales & BD 1","RFQ","Sell Through solutions","MPO","Non Etimad","SF-2026-1813","9423672","16/03/2026"
"Mohammad Alajlan","Solutions by stc","Associate project Manager - solutions","7-Handover Completed","09/04/2026","08/03/2026","STC & Sub","RFQ","Sell Direct","MPO","Non Etimad","SF-2026-1815","275558","10/03/2026"
"Rawan AlMusayid","Shared Services Program","MPO - Framework Agreement for the Provision of Managed IT Services for the Program and the Beneficiary Entities.","4-Submitted - Under Evaluation","30/11/2026","08/03/2026","Sales & BD 1","RFQ","Sell Through solutions","MPO","Etimad","SF-2026-1816","0","04/05/2026"
"Rawan AlMusayid","Capital Market Authority","CMA_Managed Services_OP-2025-158425","6-Lost","27/08/2026","08/03/2026","Sales & BD 1","RFQ","Sell Through solutions","MPO","Non Etimad","SF-2026-1817","32735505","12/03/2026"
"Bayan AlOlayan","National Center For Government Resources System","OP-2025-157641 - Tahawol Platform Frame Agreement","4-Submitted - Under Evaluation","30/12/2026","09/03/2026","Sales & BD 2","RFQ","Sell Through solutions","MPO","Non Etimad","SF-2026-1818","81147735","17/03/2026"
"Khalid AlEnezi","General Authority for Military Industries","Consultants PO WDS","4-Submitted - Under Evaluation","17/12/2026","09/03/2026","Sales & BD 1","RFQ","Sell Through solutions","MPO","Non Etimad","SF-2026-1819","1000000","10/03/2026"
"Bayan AlOlayan","National Real Estate Registration Service Company","Agreement for GIS & Drafting services project","4-Submitted - Under Evaluation","29/10/2026","10/03/2026","Sales & BD 2","RFP","Sell Direct","MPO","Non Etimad","SF-2026-1820","17000000","15/03/2026"
"Raed Hammad","Devoteam Company Saudi Limited","resources - Mahmood Abu Al Rub <mahmood.abualrub@devoteam.com>","6-Cancelled","19/08/2026","10/03/2026","STC & Sub","RFQ","Sell Direct","MPO","Non Etimad","SF-2026-1821","2656358","19/03/2026"
"Raed Hammad","sirar by stc","New resources Security architect","7-Handover Completed","14/04/2026","10/03/2026","STC & Sub","RFQ","Sell Direct","MPO","Non Etimad","SF-2026-1822","619229","12/03/2026"
"Ali Bin Zeair","Solutions by stc","shipment for IAI warranty spares","7-Handover Completed","15/03/2026","10/03/2026","STC & Sub","RFQ","Sell Direct","SCM","Non Etimad","SF-2026-1823","572555","07/03/2026"
"Khalid AlEnezi","Royal Diwan of The Crown Prince","Training Service","4-Submitted - Under Evaluation","30/11/2026","10/03/2026","Sales & BD 1","RFQ","Sell Through solutions","SCM","Non Etimad","SF-2026-1824","158845","12/03/2026"
"Khalid AlEnezi","Ministry of Defense - Medical Services","Monitoring, Control, and Operation Center for Digital Health Solutions","4-Submitted - Under Evaluation","24/12/2026","10/03/2026","Sales & BD 1","RFQ","Sell Through solutions","Facility Management","Etimad","SF-2026-1825","93466078","25/03/2026"
"Ali Bin Zeair","Solutions by stc","RGA project","7-Handover Completed","25/05/2026","11/03/2026","STC & Sub","RFQ","Sell Direct","MPO","Non Etimad","SF-2026-1826","592126","17/03/2026"
"Fajer Alsalloum","Qiddiya IC","QPMO-410-CT-08418 Guest Support Center","4-Submitted - Under Evaluation","30/09/2026","11/03/2026","Giga","RFP","Sell Direct","CLM","Non Etimad","SF-2026-1827","14896693","12/04/2026"
"Rawan AlMusayid","Saudi Central Bank","MPO - Human Capital Services","6-Dropped","06/04/2026","11/03/2026","Sales & BD 1","RFP","Sell Direct","MPO","Non Etimad","SF-2026-1828","2000000","02/04/2026"
"Rawan AlMusayid","Ministry of Environment Water and Agriculture","two full-time Telecom Engineers - MEWA OP-2026-160981","6-Won","15/09/2026","11/03/2026","Sales & BD 1","RFQ","Sell Through solutions","MPO","Non Etimad","SF-2026-1829","1048108","15/03/2026"
"Osayed Shadid","Saudi Railway Company","Mobile Operation Inspector","4-Submitted - Under Evaluation","30/09/2026","12/03/2026","Sales & BD 1","RFQ","Sell Direct","MPO","Non Etimad","SF-2026-1830","123964","17/03/2026"
"Khalid AlEnezi","Ministry of Sport","Hospitality Services for Mahd Academy","6-Dropped","30/06/2026","12/03/2026","Sales & BD 2","RFP","Sell Direct","Facility Management","Etimad","SF-2026-1831","4000000","17/03/2026"
"Ziyad Aldriwish","Saudi Authority for Industrial Cities and Technology Zones  MODON","OP-2025-159037-MODON -CCTV Phase 5","7-Handover Completed","29/03/2026","14/03/2026","Sales & BD 1","RFQ","Sell Through solutions","SCM","Non Etimad","SF-2026-1832","25265300","16/03/2026"
"Raed Hammad","TAWAL","Tawal HR - Commercial - Billing 2026","7-Handover Completed","17/03/2026","15/03/2026","STC & Sub","RFQ","Sell Direct","MPO","Non Etimad","SF-2026-1833","174960","31/01/2026"
"Bayan AlOlayan","Medina Municipality","STCQR20021-Renewal","4-Submitted - Under Evaluation","29/10/2026","15/03/2026","Sales & BD 2","RFP","Sell Through solutions","MPO","Non Etimad","SF-2026-1834","2068490","18/03/2026"
"Raed Hammad","TAWAL","Tawal HR - Bid Management 2026","7-Handover Completed","17/03/2026","15/03/2026","STC & Sub","RFQ","Sell Direct","MPO","Non Etimad","SF-2026-1835","866760","01/03/2026"
"Raed Hammad","TAWAL","SAQ/SL 2026","7-Handover Completed","17/03/2026","15/03/2026","STC & Sub","RFQ","Sell Direct","MPO","Non Etimad","SF-2026-1836","1794342","01/03/2026"
"Raed Hammad","TAWAL","Digital & Technology 2026","7-Handover Completed","17/03/2026","15/03/2026","STC & Sub","RFQ","Sell Direct","MPO","Non Etimad","SF-2026-1837","598476","08/03/2026"
"Raed Hammad","TAWAL","CoE 2026","7-Handover Completed","17/03/2026","15/03/2026","STC & Sub","RFQ","Sell Direct","MPO","Non Etimad","SF-2026-1838","2246918","15/03/2026"
"Rawan AlMusayid","Ministry of Environment Water and Agriculture","MPO - Project for Providing IT Operations and Maintenance Services","6-Dropped","20/04/2026","15/03/2026","Sales & BD 1","RFQ","Sell Through solutions","MPO","Non Etimad","SF-2026-1839","8456169","31/03/2026"
"Bayan AlOlayan","National Center For Government Resources System","OP-2024-146845 NCGR Project (16555) -Training Request","7-Handover Completed","21/04/2026","16/03/2026","Sales & BD 2","RFQ","Sell Through solutions","HRO","Non Etimad","SF-2026-1840","390753","19/03/2026"
"Mohammad Alajlan","Solutions by stc","L2 Resident Engineer","7-Handover Completed","10/05/2026","16/03/2026","STC & Sub","RFQ","Sell Direct","MPO","Non Etimad","SF-2026-1841","444722","18/03/2026"
"Ali Bin Zeair","Pulse by solutions","After Eid for KSA Offices","7-Handover Completed","30/03/2026","16/03/2026","STC & Sub","RFQ","Sell Direct","Event Management","Non Etimad","SF-2026-1842","42860","16/03/2026"
"Osayed Shadid","Saudi Railway Company","Family Flight Allowance","4-Submitted - Under Evaluation","30/09/2026","17/03/2026","Sales & BD 1","RFQ","Sell Direct","MPO","Non Etimad","SF-2026-1843","7245","19/03/2026"
"Ali Bin Zeair","Pulse by solutions",": Giza Re-branding Offices","7-Handover Completed","10/05/2026","18/03/2026","STC & Sub","RFQ","Sell Direct","Facility Management","Non Etimad","SF-2026-1844","206829","18/03/2026"
"Fajer Alsalloum","Principal Buyer Oil and Gas","Human Resources Service Sr. Specialist","7-Handover Completed","06/04/2026","29/03/2026","Sales & BD 1","RFQ","Sell Direct","MPO","Non Etimad","SF-2026-1845","370800","02/04/2026"
"Bayan AlOlayan","Ministry of Municipal And Rural Affairs-Riyadh","Enhancement and Development of the Ministry?s General Office Website","6-Lost","18/08/2026","29/03/2026","Sales & BD 2","RFP","Sell Direct","Facility Management","Etimad","SF-2026-1846","27861356","31/03/2026"
"Ali Bin Zeair","Solutions by stc","STCSQR-23612","7-Handover Completed","04/06/2026","29/03/2026","STC & Sub","RFQ","Sell Direct","MPO","Non Etimad","SF-2026-1847","407060","09/04/2026"
"Rawan AlMusayid","Saudi Business center","Saudi Business Center - Contact Center","4-Submitted - Under Evaluation","31/12/2026","29/03/2026","Sales & BD 1","RFP","Sell Direct","CLM","Etimad","SF-2026-1848","13822144","31/05/2026"
"Rawan AlMusayid","Shared Services Program","Event Management Services - SSP","4-Submitted - Under Evaluation","31/12/2026","29/03/2026","Sales & BD 1","RFP","Sell Direct","Event Management","Etimad","SF-2026-1849","0","15/04/2026"
"Mohammad Alajlan","Solutions by stc","STCSQR-23592 - project 1242","7-Handover Completed","18/05/2026","29/03/2026","STC & Sub","RFQ","Sell Direct","MPO","Non Etimad","SF-2026-1850","508038","31/03/2026"
"Khalid AlEnezi","Taif University","Operation and Maintenance of IT Systems","4-Submitted - Under Evaluation","24/12/2026","29/03/2026","Sales & BD 2","RFP","Sell Direct","MPO","Etimad","SF-2026-1851","6078632","07/04/2026"
"Mohammad Alajlan","Solutions by stc","New hiring for connectivity Services Team 2nd PO project 1338","7-Handover Completed","31/03/2026","30/03/2026","STC & Sub","RFQ","Sell Direct","MPO","Non Etimad","SF-2026-1852","214357","19/03/2026"
"Fajer Alsalloum","Petro Rabigh","IT Helpdesk Service Support","6-Lost","30/04/2026","30/03/2026","Sales & BD 1","RFP","Sell Through solutions","CLM","Non Etimad","SF-2026-1853","11490556","01/04/2026"
"Mohammad Alajlan","Solutions by stc","STCSQR-23590","7-Handover Completed","12/05/2026","30/03/2026","STC & Sub","RFQ","Sell Direct","MPO","Non Etimad","SF-2026-1854","513371","01/04/2026"
"Fajer Alsalloum","SAUDI ELECTRICAL COMPANY","Technician Resource","6-Dropped","30/04/2026","30/03/2026","Sales & BD 1","RFQ","Sell Through solutions","MPO","Non Etimad","SF-2026-1855","160189","05/04/2026"
"Ziyad Aldriwish","Bdaeil Company","Omnichannel Customer Care Operations & CRM Specialist Services","6-Lost","03/05/2026","30/03/2026","Sales & BD 1","RFP","Sell Direct","CLM","Non Etimad","SF-2026-1856","8794914","09/04/2026"
"Ali Bin Zeair","Solutions by stc","STCQR-23151","7-Handover Completed","31/03/2026","30/03/2026","STC & Sub","RFQ","Sell Direct","SCM","Non Etimad","SF-2026-1857","682572","17/03/2026"
"Mohammad Alajlan","VAS","VAS Services SCM - project 1476","7-Handover Completed","24/06/2026","30/03/2026","STC & Sub","RFQ","Sell Direct","SCM","Non Etimad","SF-2026-1858","1000000","01/04/2026"
"Mohammad Alajlan","Saudi Telecommunications Company-STC Group-EBU","STCSQR-23533 - project 1249","7-Handover Completed","08/06/2026","30/03/2026","STC & Sub","RFQ","Sell Through solutions","MPO","Non Etimad","SF-2026-1859","515279","28/04/2026"
"Abdullah Awleyaa","Tamam Finance Services","TAMAM Collection System","6-Cancelled","02/07/2026","30/03/2026","Sales & BD 1","RFQ","Sell Through solutions","CLM","Non Etimad","SF-2026-1860","544225","02/04/2026"
"Bayan AlOlayan","SDAIA - National Information Center","Open Systems Technical Support Project ? Phase 4 (OP-2026-160791)","6-Dropped","04/05/2026","30/03/2026","Sales & BD 2","RFQ","Sell Through solutions","MPO","Non Etimad","SF-2026-1861","4995000","01/04/2026"
"Ali Bin Zeair","Pulse by solutions","Giza Re-branding Offices","6-Cancelled","02/06/2026","30/03/2026","STC & Sub","RFQ","Sell Direct","Event Management","Non Etimad","SF-2026-1862","206829","01/04/2026"
"Fajer Alsalloum","Saudi Aramco","Security Engineer","6-Dropped","24/08/2026","30/03/2026","Sales & BD 1","RFQ","Sell Direct","MPO","Non Etimad","SF-2026-1863","150000","02/04/2026"
"Khalid AlEnezi","Presidency of State Security.","OP-2026-161601 - PSS Resources","4-Submitted - Under Evaluation","24/12/2026","30/03/2026","Sales & BD 1","RFQ","Sell Through solutions","MPO","Non Etimad","SF-2026-1864","6949000","02/04/2026"
"Ali Bin Zeair","Solutions by stc","IT Services Marketplace-upsource","6-Cancelled","22/07/2026","31/03/2026","STC & Sub","RFQ","Sell Through solutions","HRO","Non Etimad","SF-2026-1865","0","01/04/2026"
"Raed Hammad","Devoteam Company Saudi Limited","EA - enterprise architect","6-Dropped","04/05/2026","31/03/2026","STC & Sub","RFQ","Sell Direct","MPO","Non Etimad","SF-2026-1866","574709","01/04/2026"
"Ziyad Aldriwish","Ministry of Industry And Mineral Resources","STCS-EM-WO4","7-Handover Completed","10/05/2026","31/03/2026","Sales & BD 1","RFQ","Sell Through solutions","Event Management","Non Etimad","SF-2026-1867","3002816","02/04/2026"
"Osayed Shadid","Misk Charity Foundation","Ilmi System integration","6-Dropped","19/04/2026","01/04/2026","Sales & BD 1","RFQ","Sell Through solutions","MPO","Non Etimad","SF-2026-1868","1000000","16/04/2026"
"Ali Bin Zeair","Solutions by stc","STCSQR-23717","7-Handover Completed","27/07/2026","01/04/2026","STC & Sub","RFQ","Sell Direct","MPO","Non Etimad","SF-2026-1869","219981","07/04/2026"
"Ali Bin Zeair","Solutions by stc","STCSQR-23718","4-Submitted - Under Evaluation","31/12/2026","01/04/2026","STC & Sub","RFQ","Sell Direct","MPO","Non Etimad","SF-2026-1870","203530","07/04/2026"
"Abdullah Alfawaz","Board of Grievances","Judicial and Administrative Training Programs Implementation","1-Identified","31/12/2026","01/04/2026","Sales & BD 2","RFP","Sell Direct","HRO","Etimad","SF-2026-1871","10000000","12/04/2026"
"Rawan AlMusayid","ARAB NATIONAL BANK","RFI: TDR-25-629 Manpower Outsourcing","4-Submitted - Under Evaluation","31/12/2026","01/04/2026","Sales & BD 1","RFI","Sell Direct","MPO","Non Etimad","SF-2026-1872","0","19/04/2026"
"Ziyad Aldriwish","Saudi Food & Drug Authority - SFDA","????? ????? ????? ???","6-Dropped","06/04/2026","02/04/2026","Sales & BD 1","RFP","Sell Direct","F&A","Etimad","SF-2026-1873","0","31/03/2026"
"Raed Hammad","iotsquered","MOD Project - Operation RFP","7-Handover Completed","23/04/2026","02/04/2026","STC & Sub","RFP","Sell Direct","MPO","Non Etimad","SF-2026-1874","2999128","06/04/2026"
"Raed Hammad","sirar by stc","Excellent Award","6-Dropped","27/04/2026","02/04/2026","STC & Sub","RFQ","Sell Direct","MPO","Non Etimad","SF-2026-1875","8889","05/04/2026"
"Osayed Shadid","Council of Health Insurance","????? ????? ????? ?????? ?????? ???????","6-Dropped","06/04/2026","02/04/2026","Sales & BD 1","RFP","Sell Direct","MPO","Etimad","SF-2026-1876","0","06/04/2026"
"Fajer Alsalloum","SAUDI BASIC INDUSTRIES CO.(SABIC)","WO Batch 2","7-Handover Completed","15/04/2026","02/04/2026","Sales & BD 1","RFQ","Sell Direct","MPO","Non Etimad","SF-2026-1877","2308556","07/04/2026"
"Fajer Alsalloum","King Abdullah City for Atomic and Renewable Energy","Unified Contact Center","6-Dropped","18/06/2026","02/04/2026","Sales & BD 1","RFP","Sell Direct","CLM","Etimad","SF-2026-1879","3500000","17/04/2026"
"Rawan AlMusayid","First Abu Dhabi Bank  ( FAB )","1MPO - Network Security Engineer & technical coordinator","6-Cancelled","02/07/2026","02/04/2026","Sales & BD 1","RFQ","Sell Through solutions","MPO","Non Etimad","SF-2026-1880","386630","07/04/2026"
"Fajer Alsalloum","Riyadh Expo 2030 Company","IT Operations - Outsourcing and Managed Services","7-Handover Completed","19/08/2026","02/04/2026","Giga","RFI","Sell Direct","MPO","Non Etimad","SF-2026-1881","0","09/06/2026"
"Khalid AlEnezi","Royal Protocol","Managed consulting and operational services project","6-Dropped","19/04/2026","02/04/2026","Sales & BD 1","RFQ","Sell Direct","SCM","Etimad","SF-2026-1882","1000000","16/04/2026"
"Khalid AlEnezi","Maqaraat Office","Procurement Specialist Maqarat","4-Submitted - Under Evaluation","24/12/2026","02/04/2026","Sales & BD 1","RFQ","Sell Through solutions","MPO","Non Etimad","SF-2026-1883","634741","06/04/2026"
"Mohammad Alajlan","Solutions by stc","STCSQR-23629 - renewal project 1407","7-Handover Completed","05/07/2026","05/04/2026","STC & Sub","RFQ","Sell Direct","MPO","Non Etimad","SF-2026-1887","1070223","07/04/2026"
"Ali Bin Zeair","Saudi Telecommunications Company-STC Group-EBU","Specialized Outsource","7-Handover Completed","11/05/2026","05/04/2026","STC & Sub","RFQ","Sell Through solutions","MPO","Non Etimad","SF-2026-1888","1359300","07/04/2026"
"Ali Bin Zeair","Solutions by stc","PMO financial Control ","7-Handover Completed","08/04/2026","05/04/2026","STC & Sub","RFQ","Sell Direct","F&A","Non Etimad","SF-2026-1889","1504766","07/04/2026"
"Ali Bin Zeair","Solutions by stc","VSAT Logistics","7-Handover Completed","13/04/2026","05/04/2026","STC & Sub","RFQ","Sell Direct","SCM","Non Etimad","SF-2026-1890","350000","07/04/2026"
"Osayed Shadid","Insurance Authority","IT Support Operations Services Project","6-Lost","06/08/2026","05/04/2026","Sales & BD 1","RFP","Sell Direct","MPO","Etimad","SF-2026-1891","5214736","29/04/2026"
"Abdullah Alfawaz","Entrustment and Liquidation Center - Infath","Infath RFI for Unified Customer Experience Platform Project","4-Submitted - Under Evaluation","30/12/2026","05/04/2026","Sales & BD 2","RFI","Sell Direct","SCM","Non Etimad","SF-2026-1892","13516479","13/04/2026"
"Majid Al-Faifi","Al Elm Company","Alula Call Center Technical Scope","6-Dropped","04/05/2026","05/04/2026","Sales & BD 2","RFI","Sell Direct","SCM","Non Etimad","SF-2026-1893","5000000","14/04/2026"
"Ziyad Aldriwish","Zakat, Tax and Custom Authority","Auditing local content on a periodic report","7-Handover Completed","07/04/2026","05/04/2026","Sales & BD 1","RFQ","Sell Through solutions","SCM","Non Etimad","SF-2026-1894","42169","06/04/2026"
"Osayed Shadid","Saudi Railway Company","Ajeer - Medical","4-Submitted - Under Evaluation","30/09/2026","05/04/2026","Sales & BD 1","RFQ","Sell Direct","MPO","Non Etimad","SF-2026-1895","820","09/04/2026"
"Fajer Alsalloum","Principal Buyer Oil and Gas","Contract Specialist","7-Handover Completed","19/04/2026","06/04/2026","Sales & BD 1","RFQ","Sell Direct","MPO","Non Etimad","SF-2026-1896","102776","09/04/2026"
"Raed Hammad","Center3","1700- 2026 Vendor Portal","7-Handover Completed","16/06/2026","06/04/2026","STC & Sub","RFP","Sell Direct","MPO","Non Etimad","SF-2026-1897","645548","08/04/2026"
"Raed Hammad","Center3","2026 Inventory System","7-Handover Completed","16/06/2026","06/04/2026","STC & Sub","RFP","Sell Direct","MPO","Non Etimad","SF-2026-1898","566042","08/04/2026"
"Raed Hammad","iotsquered","Resources - RFQ cost plus","6-Cancelled","19/08/2026","06/04/2026","STC & Sub","RFQ","Sell Direct","MPO","Non Etimad","SF-2026-1899","100000","08/04/2026"
"Raed Hammad","Center3","1698 - IT Manpower","6-Cancelled","19/08/2026","06/04/2026","STC & Sub","RFQ","Sell Direct","MPO","Non Etimad","SF-2026-1900","100000","07/04/2026"
"Osayed Shadid","Insurance Authority","????? ????? ????? ??????? ???????","6-Dropped","06/04/2026","06/04/2026","Sales & BD 1","RFP","Sell Direct","MPO","Etimad","SF-2026-1901","0","30/03/2026"
"Rawan AlMusayid","Capital Market Authority","Professional services for implementing and managing technical projects","6-Dropped","06/04/2026","06/04/2026","Sales & BD 1","RFP","Sell Direct","MPO","Etimad","SF-2026-1902","0","17/03/2026"
"Rawan AlMusayid","Capital Market Authority","Supply of infrastructure servers to the Capital Market Authority's data center","6-Dropped","06/04/2026","06/04/2026","Sales & BD 1","RFP","Sell Direct","SCM","Etimad","SF-2026-1903","0","28/03/2026"
"Fajer Alsalloum","King Abdullah City for Atomic and Renewable Energy","??? ?????? ?????? ??????? ??????? ?????? ?????? ???? ??????? ?????? ??????? ???????? ?????????","6-Dropped","06/04/2026","06/04/2026","Sales & BD 1","RFP","Sell Through solutions","SCM","Etimad","SF-2026-1904","350000","29/03/2026"
"Rawan AlMusayid","Agricultural Development Fund","Renewal of technical support for wireless network systems, wide area networks, and proxy systems","6-Dropped","06/04/2026","06/04/2026","Sales & BD 1","RFP","Sell Direct","SCM","Etimad","SF-2026-1905","0","02/04/2026"
"Rawan AlMusayid","Saudi Exim Bank","Renewing license subscriptions for identity, authorization, and single sign-on systems","6-Dropped","06/04/2026","06/04/2026","Sales & BD 1","RFP","Sell Direct","SCM","Etimad","SF-2026-1906","0","25/03/2026"
"Ziyad Aldriwish","Saudi Post","????? ????? ????? ????????? ?????? ??????? ????? ??????? ???????? ????? ????????? Renewal Licenses & Support for Cloud c","6-Dropped","06/04/2026","06/04/2026","Sales & BD 1","RFP","Sell Direct","SCM","Etimad","SF-2026-1907","0","29/03/2026"
"Fajer Alsalloum","Saudi Aramco","PO 1376","6-Cancelled","13/04/2026","06/04/2026","Sales & BD 1","RFQ","Sell Through solutions","MPO","Non Etimad","SF-2026-1908","435000","09/04/2026"
"Khalid AlEnezi","Hail University","Managed services for upgrading servers and the Banner system","6-Dropped","26/04/2026","06/04/2026","Sales & BD 2","RFP","Sell Direct","MPO","Etimad","SF-2026-1909","1000000","10/04/2026"
"Abdullah Alfawaz","King Saud University","Renewal of storage units support","6-Dropped","23/08/2026","06/04/2026","Sales & BD 2","RFP","Sell Direct","SCM","Etimad","SF-2026-1910","1000000","11/04/2026"
"Khalid AlEnezi","General Commission for Audiovisual Media","Technical support for the digital platform","6-Dropped","12/04/2026","06/04/2026","Sales & BD 2","RFP","Sell Direct","SCM","Etimad","SF-2026-1911","1000000","12/04/2026"
"Khalid AlEnezi","MOD - Royal Saudi Air Forces (RSAF)","preparing training centers and implementing e-learning","6-Dropped","30/08/2026","06/04/2026","Sales & BD 1","RFP","Sell Through solutions","HRO","Etimad","SF-2026-1912","1000000","17/04/2026"
"Khalid AlEnezi","Committee of The Council of Ministries","maintenance services for data centers and network infrastructure rooms","6-Dropped","26/04/2026","06/04/2026","Sales & BD 1","RFP","Sell Through solutions","MPO","Etimad","SF-2026-1913","1000000","12/04/2026"
"Khalid AlEnezi","Presidency of State Security.","Providing maintenance, operation, and technical support services for IT systems and infrastructure","6-Dropped","27/04/2026","06/04/2026","Sales & BD 1","RFP","Sell Direct","MPO","Etimad","SF-2026-1914","1000000","26/04/2026"
"Khalid AlEnezi","Hail University","Managed services, license renewal, and support for infrastructure servers in the data center","6-Dropped","20/08/2026","06/04/2026","Sales & BD 2","RFP","Sell Direct","MPO","Etimad","SF-2026-1915","1000000","01/05/2026"
"Abdullah Alfawaz","Imam University","Project for renewing the Decision Support Unit system (Tableau)","6-Dropped","23/08/2026","06/04/2026","Sales & BD 2","RFP","Sell Direct","MPO","Etimad","SF-2026-1916","1000000","16/04/2026"
"Khalid AlEnezi","King Saud University","Operation and maintenance of telephone exchanges and networks","6-Dropped","26/04/2026","06/04/2026","Sales & BD 2","RFP","Sell Direct","MPO","Etimad","SF-2026-1917","1000000","26/04/2026"
"Abdullah Alfawaz","Tabuk Emirates","Managed Services Operations Project for the Data Office at Tabuk Region Emirate","1-Identified","31/12/2026","06/04/2026","Sales & BD 2","RFP","Sell Through solutions","MPO","Etimad","SF-2026-1918","3000000","12/04/2026"
"Majid Al-Faifi","MOI - Mujahideen","Technical Support and Maintenance for IT Equipment ? General Directorate of Mujahideen and Branches","6-Dropped","04/05/2026","06/04/2026","Sales & BD 2","RFP","Sell Through solutions","MPO","Etimad","SF-2026-1919","4000000","29/04/2026"
"Bayan AlOlayan","Riyadh infostructure project center","System Infrastructure and Multi-cloud","6-Dropped","13/04/2026","06/04/2026","Sales & BD 2","RFP","Sell Direct","MPO","Etimad","SF-2026-1920","3000000","13/04/2026"
"Majid Al-Faifi","Public Prosecution","Managed Services for Adalah and Admin Communications Systems ? Public Prosecution","1-Identified","31/12/2026","06/04/2026","Sales & BD 2","RFP","Sell Through solutions","MPO","Etimad","SF-2026-1921","3500000","29/04/2026"
"Khalid AlEnezi","Ministry of Defense - Medical Services","Maintenance and upgrade of PACS systems","6-Dropped","26/08/2026","06/04/2026","Sales & BD 1","RFP","Sell Through solutions","MPO","Etimad","SF-2026-1922","1000000","03/05/2026"
"Osayed Shadid","SAUDI GROUND SERVICES","Junior RPA Developer","6-Dropped","19/08/2026","07/04/2026","Sales & BD 1","RFQ","Sell Direct","MPO","Non Etimad","SF-2026-1923","235044","09/04/2026"
"Fajer Alsalloum","Principal Buyer Oil and Gas","Procurement & Contracts Sr. Specialist","7-Handover Completed","19/04/2026","07/04/2026","Sales & BD 1","RFQ","Sell Direct","MPO","Non Etimad","SF-2026-1924","77082","09/04/2026"
"Rawan AlMusayid","Digital Government Authority","CR (3) for the National Government Electronic Transactions Operation and Maintenance Project","6-Dropped","16/04/2026","07/04/2026","Sales & BD 1","RFQ","Sell Through solutions","MPO","Non Etimad","SF-2026-1925","11000000","09/04/2026"
"Bayan AlOlayan","SDAIA - National Information Center","SDAIA - Security Resources - Onsite/Hybrid through RackSpace","6-Dropped","04/05/2026","07/04/2026","Sales & BD 2","RFQ","Sell Direct","MPO","Non Etimad","SF-2026-1926","12000000","13/04/2026"
"Bayan AlOlayan","Ministry of Human Resources & Social Development HRSD","Unified Communication Cloud Service Renewal","4-Submitted - Under Evaluation","24/12/2026","07/04/2026","Sales & BD 2","RFP","Sell Through solutions","MPO","Non Etimad","SF-2026-1927","2116803","12/04/2026"
"Bayan AlOlayan","National Center For Government Resources System","Cybersecurity GRC Consultant NCGR - Consultancy - Qutation Request","4-Submitted - Under Evaluation","30/12/2026","08/04/2026","Sales & BD 2","RFQ","Sell Through solutions","MPO","Non Etimad","SF-2026-1928","1919764","14/04/2026"
"Ali Bin Zeair","Solutions by stc","F&A (GRC) -22772","6-Cancelled","07/05/2026","08/04/2026","STC & Sub","RFQ","Sell Direct","F&A","Non Etimad","SF-2026-1929","1669561","20/04/2026"
"Ali Bin Zeair","Solutions by stc","Archer GRC Enhancement","7-Handover Completed","16/04/2026","08/04/2026","STC & Sub","RFQ","Sell Direct","F&A","Non Etimad","SF-2026-1930","390000","14/04/2026"
"Bayan AlOlayan","SDAIA - National Information Center","OP-2026-161956 ? Identity and Authentication Management Operation and Maintenance ? Phase 1","6-Dropped","04/05/2026","08/04/2026","Sales & BD 2","RFQ","Sell Through solutions","MPO","Etimad","SF-2026-1931","10000000","04/05/2026"
"Fajer Alsalloum","National Water Company","Senior Collaboration Engineer","6-Cancelled","28/08/2026","08/04/2026","Sales & BD 1","RFQ","Sell Through solutions","MPO","Non Etimad","SF-2026-1932","280365","12/04/2026"
"Ziyad Aldriwish","General Authority of Civil Aviation","Unified Call Center ? GACA","6-Lost","08/07/2026","08/04/2026","Sales & BD 1","RFP","Sell Direct","CLM","Etimad","SF-2026-1933","19479290","08/05/2026"
"Osayed Shadid","The National Unified Procurement Company","Ticketing System","6-Dropped","11/08/2026","08/04/2026","Sales & BD 1","RFQ","Sell Direct","CLM","Non Etimad","SF-2026-1934","1073345","11/04/2026"
"Ziyad Aldriwish","Zakat, Tax and Custom Authority","MPO-ZATCA","6-Lost","15/06/2026","08/04/2026","Sales & BD 1","RFQ","Sell Through solutions","MPO","Non Etimad","SF-2026-1935","46845880","16/04/2026"
"Osayed Shadid","Council of Health Insurance","????? ????? ???????? ??????","6-Dropped","12/04/2026","09/04/2026","Sales & BD 1","RFP","Sell Direct","MPO","Etimad","SF-2026-1936","0","07/04/2026"
"Rawan AlMusayid","Capital Market Authority","Project to renew and replace the infrastructure of production environment servers","6-Dropped","02/07/2026","09/04/2026","Sales & BD 1","RFP","Sell Direct","SCM","Etimad","SF-2026-1937","0","09/04/2026"
"Rawan AlMusayid","The Saudi Standards Metrology and Quality Organization","MPO - Providing technical support for electronic energy efficiency systems - Phase 4","6-Dropped","15/06/2026","09/04/2026","Sales & BD 1","RFP","Sell Direct","MPO","Etimad","SF-2026-1938","1200000","15/06/2026"
"Rawan AlMusayid","ARAB NATIONAL BANK","Supplier Screening & Due Diligence Services","6-Dropped","16/04/2026","09/04/2026","Sales & BD 1","RFP","Sell Direct","SCM","Non Etimad","SF-2026-1939","1000000","16/04/2026"
"Rawan AlMusayid","ARAB NATIONAL BANK","TDR-26-110,1 - Infrastructure Consultant (Center Engineer)","6-Lost","10/08/2026","09/04/2026","Sales & BD 1","RFP","Sell Direct","MPO","Non Etimad","SF-2026-1940","6120272","15/04/2026"
"Rawan AlMusayid","ARAB NATIONAL BANK","TDR-26-123 - Cybersecurity Defense Management (Center Operation)","6-Lost","15/06/2026","09/04/2026","Sales & BD 1","RFP","Sell Direct","MPO","Non Etimad","SF-2026-1941","10197643","15/04/2026"
"Khalid AlEnezi","Ministry of National Guard","Technical support and maintenance services for all applications and systems","6-Dropped","19/08/2026","09/04/2026","Sales & BD 1","RFP","Sell Direct","MPO","Etimad","SF-2026-1942","1000000","16/05/2026"
"Khalid AlEnezi","Ministry of Education","Operation of shared digital educational resources.","6-Dropped","19/04/2026","09/04/2026","Sales & BD 2","RFP","Sell Direct","MPO","Etimad","SF-2026-1943","1000000","12/04/2026"
"Khalid AlEnezi","Ministry of Education","Supply of computer lab tables for several training facilities","6-Dropped","26/04/2026","09/04/2026","Sales & BD 2","RFP","Sell Direct","Facility Management","Etimad","SF-2026-1944","1000000","10/04/2026"
"Osayed Shadid","Saudi Railway Company","Employees Bonus","7-Handover Completed","11/08/2026","12/04/2026","Sales & BD 1","RFQ","Sell Direct","MPO","Non Etimad","SF-2026-1945","277369","16/04/2026"
"Khalid AlEnezi","Strategic Management Office","Managed Services for IT","4-Submitted - Under Evaluation","01/10/2026","12/04/2026","Sales & BD 1","RFQ","Sell Direct","MPO","Non Etimad","SF-2026-1946","13729825","23/04/2026"
"Ziyad Aldriwish","Saudi Railway Company","Fahad Alsadan Replacement","6-Dropped","03/05/2026","12/04/2026","Sales & BD 1","RFQ","Sell Direct","MPO","Non Etimad","SF-2026-1947","0","30/04/2026"
"Fajer Alsalloum","Royal Comission of Al Ula","CLM Renewal 2026","7-Handover Completed","15/06/2026","12/04/2026","Giga","RFP","Sell Direct","CLM","Non Etimad","SF-2026-1948","1963851","22/04/2026"
"Ali Bin Zeair","Pulse by solutions","Giza Rebranding Event At Stc","6-Cancelled","12/07/2026","12/04/2026","STC & Sub","RFQ","Sell Direct","Event Management","Non Etimad","SF-2026-1949","403694","13/04/2026"
"Rawan AlMusayid","Agricultural Development Fund","????? ?????? ??????? ?????? ????? ?????? ??????? ?????? ???? ??????????","6-Dropped","12/04/2026","12/04/2026","Sales & BD 1","RFI","Sell Direct","SCM","Etimad","SF-2026-1950","0","12/04/2026"
"Osayed Shadid","Zakat, Tax and Custom Authority","????? ????? ?????? ?????????","6-Dropped","23/07/2026","12/04/2026","Sales & BD 1","RFP","Sell Direct","MPO","Etimad","SF-2026-1951","0","08/05/2026"
"Khalid AlEnezi","Ministry of Education","IT Research and Consulting Services Project","6-Dropped","26/04/2026","12/04/2026","Sales & BD 2","RFP","Sell Direct","MPO","Etimad","SF-2026-1952","1000000","26/04/2026"
"Mohammad Alajlan","Solutions by stc","Chief Product Manager  - solutions Manpower 1316","7-Handover Completed","12/05/2026","12/04/2026","STC & Sub","RFQ","Sell Direct","MPO","Non Etimad","SF-2026-1953","598036","14/04/2026"
"Bayan AlOlayan","State Properties General Authority","Renewal of licenses and provision of technical support","6-Dropped","23/08/2026","12/04/2026","Sales & BD 2","RFP","Sell Through solutions","CLM","Etimad","SF-2026-1954","1000000","23/04/2026"
"Bayan AlOlayan","State Properties General Authority","Provision of technical support services for the website and external portal of the State Properties General Authority.","6-Dropped","23/08/2026","12/04/2026","Sales & BD 2","RFP","Sell Direct","CLM","Etimad","SF-2026-1955","1000000","23/04/2026"
"Bayan AlOlayan","Ministry of Human Resources & Social Development HRSD","Renewal of the operation of the National Unified Employment Platform.","1-Identified","24/12/2026","12/04/2026","Sales & BD 2","RFP","Sell Direct","MPO","Etimad","SF-2026-1956","1000000","09/05/2026"
"Ali Bin Zeair","Pulse by solutions","GA-0000000012","4-Submitted - Under Evaluation","31/12/2026","13/04/2026","STC & Sub","RFQ","Sell Direct","Facility Management","Non Etimad","SF-2026-1957","100000","23/04/2026"
"Mohammad Alajlan","Solutions by stc","STCSQR-23682 - project 1415","4-Submitted - Under Evaluation","28/09/2026","13/04/2026","STC & Sub","RFQ","Sell Direct","MPO","Non Etimad","SF-2026-1958","3244800","15/04/2026"
"Raed Hammad","Devoteam Company Saudi Limited","2 resources","6-Cancelled","19/08/2026","13/04/2026","STC & Sub","RFQ","Sell Direct","MPO","Non Etimad","SF-2026-1959","1016724","14/04/2026"
"Khalid AlEnezi","Ministry of Sport","Operating and developing beneficiary communication channels","5-Won - Under Evaluation","17/09/2026","13/04/2026","Sales & BD 2","RFP","Sell Direct","CLM","Etimad","SF-2026-1960","8958361","07/05/2026"
"Sultan Alzahrani","Saudi Telecommunications Company-STC Group-EBU","Deals Platforms Management","4-Submitted - Under Evaluation","31/12/2026","14/04/2026","STC & Sub","RFQ","Sell Direct","CLM","Non Etimad","SF-2026-1961","136035","16/04/2026"
"Ali Bin Zeair","Solutions by stc","STCSQR-23861","6-Dropped","06/07/2026","14/04/2026","STC & Sub","RFQ","Sell Direct","MPO","Non Etimad","SF-2026-1962","329191","15/04/2026"
"Mohammad Alajlan","Solutions by stc","Project Manger - solutions Manpower - project 1485","7-Handover Completed","08/06/2026","14/04/2026","STC & Sub","RFQ","Sell Direct","MPO","Non Etimad","SF-2026-1963","386230","23/04/2026"
"Osayed Shadid","Sultan Bin Abdulaziz Humanitarian City","????? ???? ?????? ??????? ????????","6-Dropped","14/04/2026","14/04/2026","Sales & BD 1","RFP","Sell Direct","MPO","Etimad","SF-2026-1964","0","14/04/2026"
"Ali Bin Zeair","Pulse by solutions","service contract vehicles-4326","6-Cancelled","28/04/2026","14/04/2026","STC & Sub","RFQ","Sell Direct","Facility Management","Non Etimad","SF-2026-1965","323892","15/04/2026"
"Bayan AlOlayan","National Center of Non-Profit Sector","Operation of the Contact Center and Customer Care Project.","6-Dropped","03/05/2026","14/04/2026","Sales & BD 2","RFP","Sell Direct","CLM","Etimad","SF-2026-1966","3000000","03/05/2026"
"Bayan AlOlayan","Ministry of Municipal And Rural Affairs-Riyadh","Operation and implementation of the Mystery Shopper Program.","6-Lost","19/08/2026","14/04/2026","Sales & BD 2","RFQ","Sell Direct","CLM","Etimad","SF-2026-1967","15778480","01/05/2026"
"Rawan AlMusayid","General Authority For Foreign Trade","GAFT - Resources","4-Submitted - Under Evaluation","30/11/2026","14/04/2026","Sales & BD 1","RFQ","Sell Through solutions","MPO","Non Etimad","SF-2026-1968","2114896","19/04/2026"
"Fajer Alsalloum","Saudi Aramco","Aramco SANAD Call Center","1-Identified","13/11/2026","14/04/2026","Sales & BD 1","RFI","Sell Direct","CLM","Non Etimad","SF-2026-1969","500000","30/04/2026"
"Rawan AlMusayid","National Center for Vegetation Cover - NCVC","CLM- Providing technical and supervisory services to operations and monitoring centers.","4-Submitted - Under Evaluation","26/11/2026","14/04/2026","Sales & BD 1","RFP","Sell Through solutions","CLM","Etimad","SF-2026-1970","13291081","13/05/2026"
"Rawan AlMusayid","Red Sea Global","Environment & Sustainability platform (SOW3, SOW4, SOW5)","6-Dropped","15/06/2026","14/04/2026","Giga","RFQ","Sell Through solutions","MPO","Non Etimad","SF-2026-1971","500000","19/04/2026"
"Khalid AlEnezi","National Security Center","OT Engineer","4-Submitted - Under Evaluation","17/12/2026","14/04/2026","Sales & BD 1","RFQ","Sell Through solutions","MPO","Etimad","SF-2026-1972","691927","16/04/2026"
"Ali Bin Zeair","Solutions by stc","OP solutions : 16892","7-Handover Completed","20/08/2026","15/04/2026","STC & Sub","RFQ","Sell Direct","MPO","Non Etimad","SF-2026-1973","452728","16/04/2026"
"Mohammad Alajlan","Solutions by stc","Senior Network Architect - solutions Manpower-1288","7-Handover Completed","30/08/2026","15/04/2026","STC & Sub","RFQ","Sell Direct","MPO","Non Etimad","SF-2026-1974","613391","19/04/2026"
"Osayed Shadid","Center for National Health Insurance","??????? ???????? ????? ?????? ????? ?????????","6-Dropped","15/04/2026","15/04/2026","Sales & BD 1","RFP","Sell Direct","SCM","Etimad","SF-2026-1975","0","17/03/2026"
"Osayed Shadid","Center for National Health Insurance","????? ????? ?????? ???? ???? ?????? ??????? ? ??????? ? ????????","6-Dropped","15/04/2026","15/04/2026","Sales & BD 1","RFP","Sell Direct","SCM","Etimad","SF-2026-1976","0","17/03/2026"
"Rawan AlMusayid","Red Sea Global","RSG Contact Center","5-Won - Under Evaluation","30/06/2026","15/04/2026","Giga","RFQ","Sell Direct","CLM","Non Etimad","SF-2026-1977","1521670","23/04/2026"
"Mohammad Alajlan","Solutions by stc","PR -Solution Manpower extra amount - project 1252","6-Dropped","05/07/2026","15/04/2026","STC & Sub","RFQ","Sell Direct","MPO","Non Etimad","SF-2026-1978","171398","21/04/2026"
"Abdulrhman Alshwaier","Saudi Telecommunications Company-STC Group-EBU","T&O 2026 Consultancy Budget - Infra-stcs/ BB","7-Handover Completed","17/05/2026","15/04/2026","STC & Sub","RFQ","Sell Through solutions","MPO","Non Etimad","SF-2026-1979","48958128","10/04/2026"
"Raed Hammad","sirar by stc","Project Management Office Specialist additional budget","4-Submitted - Under Evaluation","30/09/2026","15/04/2026","STC & Sub","RFQ","Sell Direct","MPO","Non Etimad","SF-2026-1980","359694","23/04/2026"
"Fajer Alsalloum","Saudi Energy efficiency center","????? ?????? ?????? ??????? ??????? ???????? ????????? ????? ???? ???????","6-Dropped","18/06/2026","15/04/2026","Sales & BD 1","RFP","Sell Direct","SCM","Non Etimad","SF-2026-1981","0","26/04/2026"
"Raed Hammad","Center3","1704 - Internal Employee MP","7-Handover Completed","16/06/2026","15/04/2026","STC & Sub","RFQ","Sell Direct","MPO","Non Etimad","SF-2026-1982","535123","22/04/2026"
"Rawan AlMusayid","Saudi Accreditation Center","????? ????? ?????? ???? ????? ???? 2026","6-Dropped","15/04/2026","15/04/2026","Sales & BD 1","RFP","Sell Direct","SCM","Etimad","SF-2026-1983","0","15/04/2026"
"Khalid AlEnezi","Ministry of Defense ? Executive Affairs","Resource Allocation- MOD","4-Submitted - Under Evaluation","17/12/2026","15/04/2026","Sales & BD 1","RFQ","Sell Through solutions","MPO","Non Etimad","SF-2026-1984","514056","23/04/2026"
"Khalid AlEnezi","Strategic Management Office","CR for IT Managed Service","4-Submitted - Under Evaluation","26/11/2026","15/04/2026","Sales & BD 1","RFQ","Sell Through solutions","MPO","Non Etimad","SF-2026-1985","600000","19/04/2026"
"Khalid AlEnezi","Saudi Tourism Authority","WO 4-Operating Visitor Care Center","7-Handover Completed","30/06/2026","16/04/2026","Sales & BD 2","RFQ","Sell Direct","CLM","Non Etimad","SF-2026-1986","3787902","16/04/2026"
"Abdulrhman Alshwaier","Saudi Telecommunications Company-STC Group-EBU","Landline services with circuits control","7-Handover Completed","11/05/2026","16/04/2026","STC & Sub","RFQ","Sell Through solutions","MPO","Non Etimad","SF-2026-1987","2150946","16/04/2026"
"Abdulrhman Alshwaier","Saudi Telecommunications Company-STC Group-EBU","EBU BAU - stcs 2024 - Batch 2 ITP 1456","7-Handover Completed","17/05/2026","16/04/2026","STC & Sub","RFQ","Sell Through solutions","MPO","Non Etimad","SF-2026-1988","239805","16/04/2026"
"Bayan AlOlayan","National Center For Government Resources System","Rate Card NCGR WO1","4-Submitted - Under Evaluation","30/09/2026","16/04/2026","Sales & BD 2","RFP","Sell Through solutions","MPO","Non Etimad","SF-2026-1989","4101360","16/04/2026"
"Abdulrhman Alshwaier","Saudi Telecommunications Company-STC Group-EBU","ITP CAM STC - (Zero Touch Work Order Management ? Governance & Testing) 1404","7-Handover Completed","11/05/2026","18/04/2026","STC & Sub","RFQ","Sell Through solutions","MPO","Non Etimad","SF-2026-1990","3053472","16/04/2026"
"Abdulrhman Alshwaier","Saudi Telecommunications Company-STC Group-EBU","ITP -CAM EBU BAU PROJECTION CAM APPS-PLATFORM Q4","7-Handover Completed","21/06/2026","18/04/2026","STC & Sub","RFQ","Sell Through solutions","MPO","Non Etimad","SF-2026-1991","1970644","16/04/2026"
"Abdulrhman Alshwaier","Saudi Telecommunications Company-STC Group-EBU","ITP CAM STC - CBU-F Demand 2025 ? Assurance Apps - Platform Q3","7-Handover Completed","25/05/2026","18/04/2026","STC & Sub","RFQ","Sell Through solutions","MPO","Non Etimad","SF-2026-1992","781541","16/04/2026"
"Abdulrhman Alshwaier","Saudi Telecommunications Company-STC Group-EBU","ITP CAM - CBU Demand 2025 - CAM Apps","7-Handover Completed","11/05/2026","18/04/2026","STC & Sub","RFQ","Sell Through solutions","MPO","Non Etimad","SF-2026-1993","1625985","02/05/2026"
"Abdulrhman Alshwaier","Saudi Telecommunications Company-STC Group-EBU","Captive Project AI - 2","7-Handover Completed","13/08/2026","18/04/2026","STC & Sub","RFQ","Sell Through solutions","HRO","Non Etimad","SF-2026-1994","1303041","01/07/2026"
"Bayan AlOlayan","Ministry of Human Resources & Social Development HRSD","Implementation of fit-out and refurbishment works for HADAF","4-Submitted - Under Evaluation","17/12/2026","18/04/2026","Sales & BD 2","RFP","Sell Direct","Facility Management","Etimad","SF-2026-1995","143090384","14/05/2026"
"Abdulrhman Alshwaier","Saudi Telecommunications Company-STC Group-EBU","Infra Modernization Support","7-Handover Completed","15/06/2026","18/04/2026","STC & Sub","RFQ","Sell Through solutions","MPO","Non Etimad","SF-2026-1996","1507388","11/06/2026"
"Abdulrhman Alshwaier","Saudi Telecommunications Company-STC Group-EBU","STC - (EBU BAU Projection 2025 - Tribe Q3 - ITP CAM 1404","7-Handover Completed","27/07/2026","18/04/2026","STC & Sub","RFQ","Sell Through solutions","MPO","Non Etimad","SF-2026-1997","1485543","01/07/2026"
"Abdulrhman Alshwaier","Saudi Telecommunications Company-STC Group-EBU","STC - (CBU Demand 2025 ? Assurance Apps - Tribe Q3","7-Handover Completed","12/05/2026","18/04/2026","STC & Sub","RFQ","Sell Through solutions","MPO","Non Etimad","SF-2026-1998","1257455","02/05/2026"
"Abdulrhman Alshwaier","Saudi Telecommunications Company-STC Group-EBU","STC - (CAM - CBU Demand 2025) ITP 1404","7-Handover Completed","13/05/2026","18/04/2026","STC & Sub","RFQ","Sell Through solutions","MPO","Non Etimad","SF-2026-1999","1147931","04/05/2026"
"Abdulrhman Alshwaier","Saudi Telecommunications Company-STC Group-EBU","Captive Project AI - 3","7-Handover Completed","17/08/2026","18/04/2026","STC & Sub","RFQ","Sell Through solutions","HRO","Non Etimad","SF-2026-2000","1077998","01/07/2026"
"Abdulrhman Alshwaier","Saudi Telecommunications Company-STC Group-EBU","Infrastructure Enablement 2025","7-Handover Completed","24/05/2026","18/04/2026","STC & Sub","RFQ","Sell Through solutions","MPO","Non Etimad","SF-2026-2001","289535","22/05/2026"
"Abdulrhman Alshwaier","Saudi Telecommunications Company-STC Group-EBU","STC - EBU BAU Projection 2025 ? Assurance Apps ITP CAM 1404","7-Handover Completed","13/05/2026","18/04/2026","STC & Sub","RFQ","Sell Through solutions","MPO","Non Etimad","SF-2026-2002","253772","04/05/2026"
"Abdulrhman Alshwaier","Saudi Telecommunications Company-STC Group-EBU","ITP CAM - CBU Demand 2025 - CAM Apps - Platform Q1 1404","7-Handover Completed","27/07/2026","18/04/2026","STC & Sub","RFQ","Sell Through solutions","MPO","Non Etimad","SF-2026-2003","215802","01/07/2026"
"Abdulrhman Alshwaier","Saudi Telecommunications Company-STC Group-EBU","STC - BFM ? EBU Demands 2025 ? Q3","7-Handover Completed","12/05/2026","18/04/2026","STC & Sub","RFQ","Sell Through solutions","MPO","Non Etimad","SF-2026-2004","791238","05/05/2026"
"Abdulrhman Alshwaier","Saudi Telecommunications Company-STC Group-EBU","Corporate Enablement 2024 ? Corporate Finance ITP FUS","7-Handover Completed","12/05/2026","18/04/2026","STC & Sub","RFQ","Sell Through solutions","MPO","Non Etimad","SF-2026-2005","224738","06/05/2026"
"Abdulrhman Alshwaier","Saudi Telecommunications Company-STC Group-EBU","ITP BFM- WBU Demands 2025 ? Q4 ? Tribe Extra Effort 1642/ BB","7-Handover Completed","19/05/2026","18/04/2026","STC & Sub","RFQ","Sell Through solutions","MPO","Non Etimad","SF-2026-2006","240118","14/05/2026"
"Ali Bin Zeair","Pulse by solutions","RFQ-BMS Engineer","6-Dropped","28/04/2026","19/04/2026","STC & Sub","RFQ","Sell Direct","MPO","Non Etimad","SF-2026-2007","60000","21/04/2026"
"Ali Bin Zeair","Pulse by solutions","ICT Engineer - 1 Month","6-Dropped","29/04/2026","19/04/2026","STC & Sub","RFQ","Sell Direct","MPO","Non Etimad","SF-2026-2008","30000","21/04/2026"
"Rawan AlMusayid","Gulf International Bank Saudi Arabia (GIB-SA)","ACI Resident Engineer","6-Cancelled","23/08/2026","19/04/2026","Sales & BD 1","RFQ","Sell Through solutions","MPO","Non Etimad","SF-2026-2009","481104","23/04/2026"
"Osayed Shadid","AlSafi Danone","SCM","6-Dropped","11/08/2026","19/04/2026","Sales & BD 1","RFQ","Sell Through solutions","SCM","Non Etimad","SF-2026-2010","1000000","23/04/2026"
"Khalid AlEnezi","MOI-General Command of the Aviation Security","Maintenance and operation of systems, network and communications components","4-Submitted - Under Evaluation","24/12/2026","19/04/2026","Sales & BD 1","RFQ","Sell Through solutions","SCM","Etimad","SF-2026-2011","1597961","19/04/2026"
"Ali Bin Zeair","Solutions by stc","Hajj Demand sub 2026","6-Dropped","12/07/2026","19/04/2026","STC & Sub","RFQ","Sell Direct","Facility Management","Non Etimad","SF-2026-2012","40000","21/04/2026"
"Khalid AlEnezi","Taif University","Operation and maintenance of lecture halls and meeting rooms","6-Dropped","26/04/2026","19/04/2026","Sales & BD 2","RFP","Sell Direct","MPO","Etimad","SF-2026-2013","1000000","25/04/2026"
"Khalid AlEnezi","King Khalid University","Operation and maintenance of managed services for the health information system","6-Dropped","03/05/2026","19/04/2026","Sales & BD 2","RFP","Sell Direct","MPO","Etimad","SF-2026-2014","1000000","29/04/2026"
"Khalid AlEnezi","King Fahad National Library","Maintenance and operation of computer hardware and software","6-Dropped","26/04/2026","19/04/2026","Sales & BD 2","RFP","Sell Direct","MPO","Etimad","SF-2026-2015","1000000","26/04/2026"
"Khalid AlEnezi","Imam University","technical support and supply of storage disks for the Oracle Database","6-Dropped","26/04/2026","19/04/2026","Sales & BD 2","RFP","Sell Direct","MPO","Etimad","SF-2026-2016","1000000","24/03/2026"
"Khalid AlEnezi","General Secretariat of the National Risk Council","Pioneers and Leaders of Resilience program","6-Dropped","26/04/2026","19/04/2026","Sales & BD 1","RFP","Sell Direct","HRO","Etimad","SF-2026-2017","1000000","25/03/2026"
"Khalid AlEnezi","King Saud University","Project to supply video broadcasting system cameras to replace the GS systems","6-Dropped","26/04/2026","19/04/2026","Sales & BD 2","RFP","Sell Direct","MPO","Etimad","SF-2026-2018","1000000","27/03/2026"
"Khalid AlEnezi","Imam University","Supply and installation of a Security Information and Event Management (SIEM) system for cybersecurity","6-Dropped","26/04/2026","19/04/2026","Sales & BD 2","RFP","Sell Direct","SCM","Etimad","SF-2026-2019","1000000","02/04/2026"
"Khalid AlEnezi","General Secretariat of the National Risk Council","training programs in the fields of risk management, emergency management, and business continuity","6-Dropped","26/04/2026","19/04/2026","Sales & BD 1","RFP","Sell Direct","HRO","Etimad","SF-2026-2020","1000000","03/04/2026"
"Khalid AlEnezi","Ministry of National Guard","Supply of a wireless (Wi-Fi) network","6-Dropped","26/04/2026","19/04/2026","Sales & BD 1","RFP","Sell Direct","SCM","Etimad","SF-2026-2021","1000000","08/04/2026"
"Khalid AlEnezi","Ministry of Human Resources & Social Development HRSD","Project to renew the cloud service for the unified communications service","6-Dropped","26/04/2026","19/04/2026","Sales & BD 2","RFP","Sell Direct","SCM","Etimad","SF-2026-2022","1000000","26/04/2026"
"Khalid AlEnezi","Ministry of Human Resources & Social Development HRSD","Project to renew the video communication service for individuals with hearing disabilities","6-Dropped","26/04/2026","19/04/2026","Sales & BD 2","RFP","Sell Direct","SCM","Etimad","SF-2026-2023","1000000","15/04/2026"
"Khalid AlEnezi","Ministry of Sport","maintenance and operation of IT Department","4-Submitted - Under Evaluation","30/09/2026","19/04/2026","Sales & BD 2","RFQ","Sell Through solutions","MPO","Etimad","SF-2026-2024","74000000","23/04/2026"
"Khalid AlEnezi","Ministry of Defense ? Executive Affairs","Hospitality Services for MOD","6-Dropped","19/08/2026","19/04/2026","Sales & BD 1","RFQ","Sell Direct","Facility Management","Non Etimad","SF-2026-2025","4134000","23/04/2026"
"Ali Bin Zeair","Saudi Telecommunications Company-STC Group-EBU","HAMS","7-Handover Completed","27/04/2026","20/04/2026","STC & Sub","RFQ","Sell Through solutions","SCM","Non Etimad","SF-2026-2026","932144","21/04/2026"
"Fajer Alsalloum","Diriyah Gate Development Authority","OP-2026-162217 | Diriyah Co. (DC) | Cloud Services Managed Service Resource","6-Cancelled","02/07/2026","20/04/2026","Giga","RFQ","Sell Through solutions","MPO","Non Etimad","SF-2026-2027","0","22/04/2026"
"Raed Hammad","SCCC","Procure MSA3-Cloud Security Managed Service","6-Cancelled","19/08/2026","20/04/2026","STC & Sub","RFQ","Sell Direct","MPO","Non Etimad","SF-2026-2028","100000","19/08/2026"
"Khalid AlEnezi","Ministry of Sport","SPL 360° Livestreaming Experience","4-Submitted - Under Evaluation","17/12/2026","20/04/2026","Sales & BD 2","RFQ","Sell Direct","MPO","Non Etimad","SF-2026-2029","10189314","21/04/2026"
"Khalid AlEnezi","Ministry of Defense ? Executive Affairs","Finance and Management FA","4-Submitted - Under Evaluation","17/12/2026","20/04/2026","Sales & BD 1","RFQ","Sell Through solutions","MPO","Non Etimad","SF-2026-2030","3173333","21/04/2026"
"Fajer Alsalloum","King Salman Park Foundation","KSPF Call Center","6-Cancelled","19/08/2026","20/04/2026","Giga","RFP","Sell Direct","CLM","Non Etimad","SF-2026-2031","2617454","10/05/2026"
"Osayed Shadid","Zakat, Tax and Custom Authority","Developing and operating business intelligence dashboards and self-service platform","3-Qualified In Progress","31/12/2026","20/04/2026","Sales & BD 1","RFP","Sell Through solutions","MPO","Etimad","SF-2026-2032","8998073","01/10/2026"
"Fajer Alsalloum","SAUDI ELECTRICAL COMPANY","Manpower contract of ITC Inv","6-Lost","28/08/2026","20/04/2026","Sales & BD 1","RFP","Sell Direct","MPO","Non Etimad","SF-2026-2033","343200","29/04/2026"
"Rawan AlMusayid","National Center For Public Agencies Performance Measurement","MPO - ??????? ??????? ?????? ????? ?????? ?????????","6-Dropped","02/07/2026","21/04/2026","Sales & BD 1","RFQ","Sell Through solutions","MPO","Etimad","SF-2026-2034","16184710","06/05/2026"
"Rawan AlMusayid","General Authority For Statistics - Gastat","Contact Center","6-Lost","18/06/2026","21/04/2026","Sales & BD 1","RFP","Sell Direct","CLM","Etimad","SF-2026-2035","168251254","21/05/2026"
"Raed Hammad","channels by stc","internal Audit Project 2026","6-Cancelled","21/04/2026","21/04/2026","STC & Sub","RFQ","Sell Direct","MPO","Non Etimad","SF-2026-2036","2622319","21/04/2026"
"Raed Hammad","channels by stc","B2B Project 2026","6-Cancelled","21/04/2026","21/04/2026","STC & Sub","RFQ","Sell Direct","MPO","Non Etimad","SF-2026-2037","2622319","21/04/2026"
"Raed Hammad","channels by stc","HR Projects","7-Handover Completed","28/04/2026","21/04/2026","STC & Sub","RFQ","Sell Direct","MPO","Non Etimad","SF-2026-2038","19243279","23/04/2026"
"Bayan AlOlayan","General Organization for Social Insurance","Collections Officer (MPO)","6-Dropped","19/08/2026","21/04/2026","Sales & BD 2","RFI","Sell Through solutions","MPO","Non Etimad","SF-2026-2039","2015832","23/04/2026"
"Fajer Alsalloum","Saudi Aramco","DMM Warehouse Dec25","7-Handover Completed","22/04/2026","21/04/2026","Sales & BD 1","RFQ","Sell Through solutions","SCM","Non Etimad","SF-2026-2040","265167","19/04/2026"
"Fajer Alsalloum","National Water Company","ITMS Enhancement","6-Cancelled","28/08/2026","21/04/2026","Sales & BD 1","RFQ","Sell Through solutions","Facility Management","Non Etimad","SF-2026-2041","1780582","23/04/2026"
"Fajer Alsalloum","Saudi Aramco","DMM Warehouse Jan26","7-Handover Completed","22/04/2026","21/04/2026","Sales & BD 1","RFQ","Sell Through solutions","SCM","Non Etimad","SF-2026-2042","267986","15/04/2026"
"Rawan AlMusayid","Ministry of Investment","MISA Remaining budget (884-885)","7-Handover Completed","10/05/2026","22/04/2026","Sales & BD 1","RFQ","Sell Through solutions","MPO","Non Etimad","SF-2026-2043","414303","23/04/2026"
"Ali Bin Zeair","Solutions by stc","Required Resource for STC SS.","6-Lost","18/08/2026","22/04/2026","STC & Sub","RFQ","Sell Direct","MPO","Non Etimad","SF-2026-2044","479797","23/04/2026"
"Osayed Shadid","Konecta","Konecta - FM","4-Submitted - Under Evaluation","08/11/2026","22/04/2026","Sales & BD 1","RFQ","Sell Direct","Facility Management","Non Etimad","SF-2026-2045","1559463","26/04/2026"
"Fajer Alsalloum","Principal Buyer Oil and Gas","Talent Development Sr. Specialist","7-Handover Completed","29/04/2026","22/04/2026","Sales & BD 1","RFQ","Sell Direct","MPO","Non Etimad","SF-2026-2046","364104","26/04/2026"
"Rawan AlMusayid","ARAB NATIONAL BANK","Mohammed Allam - 1 MPO","7-Handover Completed","05/07/2026","22/04/2026","Sales & BD 1","RFQ","Sell Direct","MPO","Non Etimad","SF-2026-2047","837158","23/04/2026"
"Ziyad Aldriwish","Riyadh Airport Company","Unified call center service for Second Airports Company","6-Dropped","03/05/2026","22/04/2026","Sales & BD 1","RFP","Sell Direct","CLM","Non Etimad","SF-2026-2048","8000000","30/04/2026"
"Ali Bin Zeair","Pulse by solutions","Driver for Giza","4-Submitted - Under Evaluation","31/12/2026","23/04/2026","STC & Sub","RFQ","Sell Direct","Facility Management","Non Etimad","SF-2026-2049","73333","20/04/2026"
"Fajer Alsalloum","Weqaa Center","Weqaa Call Center","6-Dropped","21/09/2026","23/04/2026","Sales & BD 1","RFP","Sell Direct","CLM","Etimad","SF-2026-2050","3500000","27/08/2026"
"Fajer Alsalloum","Qiddiya IC","Third-Party Staff Augmentation for Qiddiya Site Rollout Team (SRT)","4-Submitted - Under Evaluation","21/10/2026","23/04/2026","Giga","RFP","Sell Through solutions","MPO","Non Etimad","SF-2026-2051","9334786","11/05/2026"
"Khalid AlEnezi","Ministry of Defense ? Executive Affairs","MOD logistics","7-Handover Completed","28/04/2026","23/04/2026","Sales & BD 1","RFQ","Sell Through solutions","SCM","Non Etimad","SF-2026-2052","167609","26/04/2026"
"Bayan AlOlayan","SDAIA - National Information Center","STCSQR-23064","7-Handover Completed","27/04/2026","23/04/2026","Sales & BD 2","RFQ","Sell Through solutions","SCM","Non Etimad","SF-2026-2053","3637277","23/04/2026"
"Khalid AlEnezi","Ministry of Human Resources & Social Development HRSD","STCSQR-23452","7-Handover Completed","16/08/2026","26/04/2026","Sales & BD 2","RFQ","Sell Through solutions","MPO","Non Etimad","SF-2026-2054","423831","27/04/2026"
"Bayan AlOlayan","National Housing Services Company - NHC","Unified Contact Center Project","6-Lost","19/08/2026","26/04/2026","Sales & BD 2","RFQ","Sell Through solutions","CLM","Non Etimad","SF-2026-2055","839467","26/04/2026"
"Fajer Alsalloum","National Water Company","ITMS Expansion","6-Cancelled","28/08/2026","26/04/2026","Sales & BD 1","RFQ","Sell Through solutions","Facility Management","Non Etimad","SF-2026-2056","3904548","27/04/2026"
"Khalid AlEnezi","Saudi Tourism Authority","WO 3- Operating Visitor Care Contact Center","7-Handover Completed","10/05/2026","26/04/2026","Sales & BD 2","RFQ","Sell Direct","CLM","Non Etimad","SF-2026-2057","329475","05/05/2026"
"Osayed Shadid","Saudi Railway Company","OMR 1364111 - IT Business Analysis - Nawaf AlDawood","4-Submitted - Under Evaluation","30/09/2026","27/04/2026","Sales & BD 1","RFQ","Sell Direct","MPO","Non Etimad","SF-2026-2058","279324","28/04/2026"
"Raed Hammad","STC Kuwait","Call center","6-Dropped","26/08/2026","27/04/2026","STC & Sub","RFI","Sell Direct","CLM","Non Etimad","SF-2026-2059","1000000","30/05/2026"
"Bayan AlOlayan","National Center For Government Resources System","NCGR_MS Renewal_OP-2025-160442","7-Handover Completed","30/06/2026","27/04/2026","Sales & BD 2","RFP","Sell Through solutions","MPO","Non Etimad","SF-2026-2060","40539259","05/05/2026"
"Osayed Shadid","MOI MEDICAL SERVICES  SECURITY FORCES HOSPITALS","OP-2026-162349 - MOI - ????? ???? ????????? ?????? ??????? ?????? ???? ??????","6-Cancelled","14/06/2026","27/04/2026","Sales & BD 1","RFQ","Sell Through solutions","MPO","Non Etimad","SF-2026-2061","1449721","03/05/2026"
"Abdullah Awleyaa","Pivot","CLM pivot","6-Cancelled","17/06/2026","27/04/2026","Sales & BD 1","RFQ","Sell Direct","CLM","Non Etimad","SF-2026-2062","346603","30/04/2026"
"Osayed Shadid","Insurance Authority","????? ????? ?????? ??? ???? ????? ????? ??????? ??????? 2026","6-Dropped","14/06/2026","28/04/2026","Sales & BD 1","RFP","Sell Direct","SCM","Etimad","SF-2026-2063","0","13/05/2026"
"Mohammad Alajlan","Solutions by stc","Analyst-Solution Manpower-1205","4-Submitted - Under Evaluation","30/09/2026","28/04/2026","STC & Sub","RFQ","Sell Direct","MPO","Non Etimad","SF-2026-2064","144833","30/04/2026"
"Rawan AlMusayid","Saudi Exports Development Authority","RFI - MPO Saudi Exports","4-Submitted - Under Evaluation","31/12/2026","29/04/2026","Sales & BD 1","RFI","Sell Direct","MPO","Non Etimad","SF-2026-2065","0","07/05/2026"
"Rawan AlMusayid","Digital Government Authority","MPO Extension - 1354","7-Handover Completed","22/06/2026","29/04/2026","Sales & BD 1","RFQ","Sell Through solutions","MPO","Non Etimad","SF-2026-2066","2171448","30/04/2026"
"Fajer Alsalloum","SAUDI ELECTRICAL COMPANY","6500000757","6-Lost","11/08/2026","29/04/2026","Sales & BD 1","RFP","Sell Direct","CLM","Non Etimad","SF-2026-2067","7386236","17/05/2026"
"Rawan AlMusayid","Digital Government Authority","Facility Extension - 6 months","4-Submitted - Under Evaluation","30/09/2026","29/04/2026","Sales & BD 1","RFQ","Sell Through solutions","Facility Management","Non Etimad","SF-2026-2068","545000","30/04/2026"
"Ali Bin Zeair","Saudi Telecommunications Company-STC Group-EBU","JDs for DA Roles \ BB","7-Handover Completed","19/05/2026","30/04/2026","STC & Sub","RFQ","Sell Through solutions","MPO","Non Etimad","SF-2026-2069","1477517","04/05/2026"
"Raed Hammad","TAWAL","Tawal HR - Internal Audit 2026","7-Handover Completed","18/08/2026","30/04/2026","STC & Sub","RFQ","Sell Direct","MPO","Non Etimad","SF-2026-2070","229386","05/05/2025"
"Fajer Alsalloum","Saudi Aramco","2 Maintenance Technicians","4-Submitted - Under Evaluation","30/11/2026","30/04/2026","Sales & BD 1","RFQ","Sell Through solutions","MPO","Non Etimad","SF-2026-2071","371916","07/05/2026"
"Ali Bin Zeair","Saudi Telecommunications Company-STC Group-EBU","SilkLink - OP-2025-159867","4-Submitted - Under Evaluation","31/12/2026","30/04/2026","STC & Sub","RFQ","Sell Through solutions","SCM","Non Etimad","SF-2026-2073","13793277","02/05/2026"
"Fajer Alsalloum","King Salman Park Foundation","MPO for KSPF","6-Lost","28/08/2026","30/04/2026","Giga","RFQ","Sell Direct","MPO","Non Etimad","SF-2026-2074","4500000","07/05/2026"
"Khalid AlEnezi","Ministry of Human Resources & Social Development HRSD","Local content report","7-Handover Completed","11/05/2026","30/04/2026","Sales & BD 2","RFQ","Sell Through solutions","SCM","Etimad","SF-2026-2075","42169","04/05/2026"
"Khalid AlEnezi","Jockey Club of Saudi Arabia","M&O for Jockey Club Facilities","4-Submitted - Under Evaluation","31/12/2026","30/04/2026","Sales & BD 2","RFQ","Sell Direct","Facility Management","Non Etimad","SF-2026-2076","54976496","30/04/2026"
"Osayed Shadid","TASAMA Business Services Company","TASAMA Ref#162883 - Resource Inquiry","6-Lost","26/08/2026","02/05/2026","Sales & BD 1","RFQ","Sell Through solutions","MPO","Non Etimad","SF-2026-2077","9392653","26/08/2026"
"Osayed Shadid","THE NATIONAL AGRICULTURAL NADEC","IT Infrastructure, Services & Automation Maintenance and Support Services ? Framework Agreement.","6-Dropped","11/08/2026","02/05/2026","Sales & BD 1","RFP","Sell Direct","SCM","Non Etimad","SF-2026-2078","4000000","06/05/2026"
"Khalid AlEnezi","Ministry of Defense ? Executive Affairs","CIT Managed Service","4-Submitted - Under Evaluation","17/12/2026","02/05/2026","Sales & BD 1","RFQ","Sell Through solutions","MPO","Etimad","SF-2026-2079","14723885","05/05/2026"
"Khalid AlEnezi","Saudi Esports Federation","EWC Framework Agreement","6-Dropped","30/06/2026","02/05/2026","Sales & BD 2","RFP","Sell Direct","MPO","Non Etimad","SF-2026-2080","2000000","14/05/2026"
"Abdullah Alfawaz","Saudi Electronic University","MS for IT Department","4-Submitted - Under Evaluation","24/12/2026","02/05/2026","Sales & BD 2","RFQ","Sell Through solutions","MPO","Etimad","SF-2026-2081","17667845","10/05/2026"
"Khalid AlEnezi","AFC Asian Cup Saudi Arabia 2027 Local Organizing committee","Facility Management for Regional Operations  Centers","6-Dropped","30/06/2026","02/05/2026","Sales & BD 2","RFQ","Sell Through solutions","Facility Management","Non Etimad","SF-2026-2082","2000000","10/05/2026"
"Osayed Shadid","Health Holding Company","Competition for equipping and operating the beneficiary communication center of the Najran Health Cluster - ?????? ?????","6-Dropped","09/09/2026","03/05/2026","Sales & BD 1","RFP","Sell Direct","CLM","Etimad","SF-2026-2083","4346801","30/05/2026"
"Khalid AlEnezi","Taif University","O&M for IT Department","4-Submitted - Under Evaluation","24/12/2026","03/05/2026","Sales & BD 2","RFP","Sell Direct","MPO","Etimad","SF-2026-2084","3955819","09/05/2026"
"Osayed Shadid","Health Holding Company","PR/2026/00028 - Call Center HRCO","4-Submitted - Under Evaluation","13/12/2026","03/05/2026","Sales & BD 1","RFQ","Sell Through solutions","SCM","Non Etimad","SF-2026-2085","2685823","03/05/2026"
"Osayed Shadid","Health Holding Company","Al-Ahsa Health Cluster HR - Call Center License","6-Cancelled","02/07/2026","03/05/2026","Sales & BD 1","RFQ","Sell Through solutions","SCM","Non Etimad","SF-2026-2086","200000","05/05/2026"
"Abdulrhman Alshwaier","Saudi Telecommunications Company-STC Group-EBU","BFM- CBU Demands 2026 - Q1 - IT Platform/ BB","7-Handover Completed","19/05/2026","04/05/2026","STC & Sub","RFQ","Sell Through solutions","MPO","Non Etimad","SF-2026-2087","3430258","14/05/2026"
"Ali Bin Zeair","Saudi Telecommunications Company-STC Group-EBU","Systems improvement and building technical capabilities (2026) - STC \ OP-2025-159848 Manpwer","7-Handover Completed","09/06/2026","04/05/2026","STC & Sub","RFQ","Sell Through solutions","MPO","Non Etimad","SF-2026-2088","1487764","06/05/2026"
"Fajer Alsalloum","Diriyah Gate Development Authority","LMSOP-178067-20260504 - Managed Network Services - DC","4-Submitted - Under Evaluation","30/09/2026","04/05/2026","Giga","RFP","Sell Through solutions","MPO","Non Etimad","SF-2026-2089","6698258","06/05/2026"
"Bayan AlOlayan","National Center For Government Resources System","STCSQR-23560","6-Dropped","23/08/2026","04/05/2026","Sales & BD 2","RFP","Sell Through solutions","Facility Management","Non Etimad","SF-2026-2090","20000","07/05/2026"
"Bayan AlOlayan","Jouf Municipality","Project for the Development, Operation, and Activation of the Resilience Index at Al Jouf Municipality","6-Lost","19/08/2026","04/05/2026","Sales & BD 2","RFP","Sell Direct","MPO","Etimad","SF-2026-2091","10999001","05/05/2026"
"Rawan AlMusayid","SAUDI FRANSI BANK","BSF WO2 - BSF - Managed Services RFP for Data Management and Production Support","4-Submitted - Under Evaluation","31/12/2026","05/05/2026","Sales & BD 1","RFQ","Sell Through solutions","MPO","Non Etimad","SF-2026-2092","2401384","07/05/2026"
"Ziyad Aldriwish","Saudi Authority for Industrial Cities and Technology Zones  MODON","Local Content MODON Project","7-Handover Completed","07/05/2026","05/05/2026","Sales & BD 1","RFQ","Sell Through solutions","SCM","Non Etimad","SF-2026-2093","42169","05/05/2026"
"Raed Hammad","Center3","IT Resources","7-Handover Completed","24/06/2026","05/05/2026","STC & Sub","RFQ","Sell Direct","MPO","Non Etimad","SF-2026-2094","98461","10/05/2026"
"Raed Hammad","Center3","1878 - WhatsApp Business Communication Channel","6-Cancelled","19/08/2026","05/05/2026","STC & Sub","RFQ","Sell Direct","CLM","Non Etimad","SF-2026-2095","50000","10/05/2026"
"Raed Hammad","specialized by stc","RFQ# 7750 Customer Satisfaction","6-Dropped","26/08/2026","05/05/2026","STC & Sub","RFQ","Sell Direct","CLM","Non Etimad","SF-2026-2096","100000","07/05/2026"
"Raed Hammad","iotsquered","RFQ - Upsource (Manpower)","6-Cancelled","12/05/2026","05/05/2026","STC & Sub","RFQ","Sell Direct","SCM","Non Etimad","SF-2026-2097","100000","07/05/2026"
"Khalid AlEnezi","Saudi Broadcasting Authority","Maintenance and Operations of SBA Facilities","4-Submitted - Under Evaluation","17/12/2026","05/05/2026","Sales & BD 2","RFP","Sell Direct","Facility Management","Etimad","SF-2026-2098","3000000","16/05/2026"
"Rawan AlMusayid","SAUDI FRANSI BANK","CR - BSF - Managed Services RFP for Data Management and Production Support","6-Cancelled","02/07/2026","05/05/2026","Sales & BD 1","RFQ","Sell Through solutions","MPO","Non Etimad","SF-2026-2100","1308715","10/05/2026"
"Abdullah Awleyaa","Alruwayis and Partners","Event planning","6-Cancelled","02/07/2026","05/05/2026","Sales & BD 1","RFQ","Sell Direct","Event Management","Non Etimad","SF-2026-2101","1366823","07/05/2026"
"Ali Bin Zeair","Saudi Telecommunications Company-STC Group-EBU","Fiber Demand-2026-BB","7-Handover Completed","29/06/2026","06/05/2026","STC & Sub","RFQ","Sell Direct","MPO","Non Etimad","SF-2026-2102","15000000","13/05/2026"
"Bayan AlOlayan","Remat Al-Riyadh Development Company","Manpower Supply and Workforce Management","1-Identified","29/10/2026","06/05/2026","Sales & BD 2","RFP","Sell Direct","MPO","Non Etimad","SF-2026-2103","5000000","17/05/2026"
"Fajer Alsalloum","Principal Buyer Oil and Gas","Additional Resources - Contract Amendment","6-Cancelled","28/08/2026","06/05/2026","Sales & BD 1","RFQ","Sell Direct","MPO","Non Etimad","SF-2026-2104","4240000","07/05/2026"
"Abdulrhman Alshwaier","Saudi Telecommunications Company-STC Group-EBU","STC - Oracle Incentive Commission (OIC) Ph#2","7-Handover Completed","30/07/2026","06/05/2026","STC & Sub","RFQ","Sell Through solutions","MPO","Non Etimad","SF-2026-2105","190969","02/07/2026"
"Bayan AlOlayan","SDAIA - National Information Center","VMware Managed service","7-Handover Completed","19/05/2026","06/05/2026","Sales & BD 2","RFQ","Sell Through solutions","SCM","Non Etimad","SF-2026-2106","4320000","07/05/2026"
"Abdullah Awleyaa","Black Box Products FZE","Black box AGC resource","4-Submitted - Under Evaluation","27/09/2026","06/05/2026","Sales & BD 1","RFQ","Sell Direct","MPO","Non Etimad","SF-2026-2107","1500000","13/05/2026"
"Fajer Alsalloum","SAUDI BASIC INDUSTRIES CO.(SABIC)","WOs Batch 3","7-Handover Completed","25/05/2026","06/05/2026","Sales & BD 1","RFQ","Sell Direct","MPO","Non Etimad","SF-2026-2108","1137370","12/05/2026"
"Ali Bin Zeair","Saudi Telecommunications Company-STC Group-EBU","RFP - Innovation Center (Exhibition - Content & programing","3-Qualified In Progress","31/12/2026","07/05/2026","STC & Sub","RFI","Sell Direct","Facility Management","Non Etimad","SF-2026-2109","400000","01/10/2026"
"Fajer Alsalloum","National Water Company","Customer Satsfaction Survey","6-Cancelled","02/07/2026","07/05/2026","Sales & BD 1","RFP","Sell Direct","SCM","Non Etimad","SF-2026-2110","1500000","21/05/2026"
"Khalid AlEnezi","Ministry of Defense ? Executive Affairs","Sr. Engineers MOD Project","7-Handover Completed","18/08/2026","07/05/2026","Sales & BD 1","RFQ","Sell Through solutions","MPO","Non Etimad","SF-2026-2111","1131353","10/05/2026"
"Abdullah Alfawaz","Jeddah University","MS for E-learning","4-Submitted - Under Evaluation","26/11/2026","09/05/2026","Sales & BD 2","RFP","Sell Direct","MPO","Etimad","SF-2026-2112","3283637","19/05/2026"
"Khalid AlEnezi","Saudi Tourism Authority","Development of digital products, IT infrastructure, and application support","4-Submitted - Under Evaluation","24/12/2026","09/05/2026","Sales & BD 2","RFQ","Sell Through solutions","MPO","Non Etimad","SF-2026-2113","52772263","16/05/2026"
"Osayed Shadid","AlSahab Company","Call Center Management and Operation Project - SCEGA","6-Dropped","11/08/2026","10/05/2026","Sales & BD 1","RFI","Sell Direct","CLM","Non Etimad","SF-2026-2114","3740699","10/05/2026"
"Rawan AlMusayid","National Center for Wildlife ( NCW )","NCW Contact Center","6-Lost","16/09/2026","10/05/2026","Sales & BD 1","RFP","Sell Direct","CLM","Etimad","SF-2026-2115","3963013","07/06/2026"
"Raed Hammad","iotsquered","Rebadge team Batch1","7-Handover Completed","26/07/2026","10/05/2026","STC & Sub","RFQ","Sell Direct","MPO","Non Etimad","SF-2026-2116","3220752","10/05/2026"
"Bayan AlOlayan","National Center For Government Resources System","Governance and CS","1-Identified","24/12/2026","10/05/2026","Sales & BD 2","RFP","Sell Through solutions","MPO","Non Etimad","SF-2026-2117","100000000","13/05/2026"
"Raed Hammad","TAWAL","Tawal HR - OPS 2026","7-Handover Completed","19/05/2026","10/05/2026","STC & Sub","RFQ","Sell Direct","MPO","Non Etimad","SF-2026-2118","249996","13/05/2026"
"Ali Bin Zeair","Saudi Telecommunications Company-STC Group-EBU","Project Name: STC WS NS manage services 2026 \ OP-2026-163008","4-Submitted - Under Evaluation","31/12/2026","10/05/2026","STC & Sub","RFQ","Sell Through solutions","MPO","Non Etimad","SF-2026-2119","3000000","12/05/2026"
"Khalid AlEnezi","Saudi Tourism Authority","International and Local Numbers Service","3-Qualified In Progress","24/12/2026","10/05/2026","Sales & BD 2","RFQ","Sell Direct","CLM","Non Etimad","SF-2026-2120","100000","12/05/2026"
"Osayed Shadid","Zakat, Tax and Custom Authority","Managed Services - Infrastructure and Applications","6-Lost","11/08/2026","10/05/2026","Sales & BD 1","RFQ","Sell Through solutions","MPO","Non Etimad","SF-2026-2121","10000000","25/05/2026"
"Raed Hammad","TAWAL","Cyber Security - 2026","7-Handover Completed","19/05/2026","10/05/2026","STC & Sub","RFQ","Sell Direct","MPO","Non Etimad","SF-2026-2122","1683389","13/05/2026"
"Raed Hammad","TAWAL","Tawa HR - Corporate Finance 2026","7-Handover Completed","11/06/2026","10/05/2026","STC & Sub","RFQ","Sell Direct","MPO","Non Etimad","SF-2026-2123","582183","30/04/2026"
"Raed Hammad","TAWAL","HR - Facility 2026","7-Handover Completed","19/05/2026","10/05/2026","STC & Sub","RFQ","Sell Direct","MPO","Non Etimad","SF-2026-2124","458645","13/05/2026"
"Osayed Shadid","Ministry of Health","STCS -MoH national pacs project","6-Dropped","11/08/2026","10/05/2026","Sales & BD 1","RFQ","Sell Through solutions","MPO","Non Etimad","SF-2026-2125","2416205","14/05/2026"
"Rawan AlMusayid","Imam Turki Bin Abdullah Royal Nature Reserve De","ITBA - Contact Center","6-Dropped","15/06/2026","11/05/2026","Sales & BD 1","RFP","Sell Direct","CLM","Non Etimad","SF-2026-2126","1100000","20/05/2026"
"Osayed Shadid","Insurance Authority","Providing customer care call center services to the Insurance Authority","6-Lost","16/08/2026","11/05/2026","Sales & BD 1","RFP","Sell Direct","CLM","Etimad","SF-2026-2127","17378248","06/06/2026"
"Mohammad Alajlan","Solutions by stc","STCSQR-24049 - 1374","7-Handover Completed","30/07/2026","11/05/2026","STC & Sub","RFQ","Sell Direct","MPO","Non Etimad","SF-2026-2128","308870","13/05/2026"
"Osayed Shadid","Health Holding Company","????? ?????? ??????? ????????? ?????? ?????? (?????????/ ??????) ????????? ???????? ?????? ??????? ?? ??????? ????? ????","6-Dropped","14/06/2026","12/05/2026","Sales & BD 1","RFP","Sell Direct","SCM","Etimad","SF-2026-2129","0","12/05/2026"
"Osayed Shadid","Health Holding Company","?????? ????? ?????? ??? ?????? ?????? ?????? - ????? ?????? ???????? ?????? ??? ?????? ????? ???? ??? ( PLANTREE) ??????","6-Dropped","14/06/2026","12/05/2026","Sales & BD 1","RFP","Sell Direct","SCM","Etimad","SF-2026-2130","0","12/05/2026"
"Osayed Shadid","Health Holding Company","?????? ?????? - ??? ????? ???? ????? ???????? ?????? ???? ???? ?????","6-Dropped","14/06/2026","12/05/2026","Sales & BD 1","RFP","Sell Direct","SCM","Etimad","SF-2026-2131","0","12/05/2026"
"Raed Hammad","Center3","1896 - SMS Gateway Subscription","6-Dropped","19/08/2026","12/05/2026","STC & Sub","RFQ","Sell Direct","SCM","Non Etimad","SF-2026-2132","100000","21/05/2026"
"Ali Bin Zeair","Pulse by solutions","Giza Cars \ Reference No.: OPP-26-37","4-Submitted - Under Evaluation","31/12/2026","12/05/2026","STC & Sub","RFQ","Sell Direct","Facility Management","Non Etimad","SF-2026-2133","30358","14/05/2026"
"Fajer Alsalloum","Saudi Aramco","DMM Warehouse Feb26","7-Handover Completed","17/05/2026","12/05/2026","Sales & BD 1","RFQ","Sell Through solutions","SCM","Non Etimad","SF-2026-2134","252020","14/05/2026"
"Fajer Alsalloum","Saudi Aramco","DMM Warehouse March26","7-Handover Completed","17/05/2026","12/05/2026","Sales & BD 1","RFQ","Sell Through solutions","SCM","Non Etimad","SF-2026-2135","234941","14/05/2026"
"Raed Hammad","channels by stc","Aftersales, Installation, Repair & Logistics Services","6-Cancelled","19/08/2026","12/05/2026","STC & Sub","RFI","Sell Direct","SCM","Non Etimad","SF-2026-2136","1000000","17/05/2026"
"Khalid AlEnezi","General Commission for Audiovisual Media","Security and safety services","6-Dropped","15/06/2026","12/05/2026","Sales & BD 2","RFP","Sell Direct","Facility Management","Etimad","SF-2026-2137","7000000","02/06/2026"
"Khalid AlEnezi","General Commission for Audiovisual Media","Design and Fit-out for AlEkhbariya Channel","4-Submitted - Under Evaluation","24/12/2026","12/05/2026","Sales & BD 2","RFP","Sell Direct","Facility Management","Etimad","SF-2026-2138","2000000","21/05/2026"
"Khalid AlEnezi","General Commission for Audiovisual Media","Execution of the visual and audio identity","6-Dropped","30/06/2026","12/05/2026","Sales & BD 2","RFP","Sell Direct","Facility Management","Etimad","SF-2026-2139","4000000","22/05/2026"
"Bayan AlOlayan","Ministry of Human Resources & Social Development HRSD","License Renewal for HRSD contact center","1-Identified","24/12/2026","12/05/2026","Sales & BD 2","RFP","Sell Direct","CLM","Etimad","SF-2026-2140","2000000","27/05/2026"
"Bayan AlOlayan","MOI - Prisons","Operation of Cybersecurity Systems","6-Dropped","14/07/2026","12/05/2026","Sales & BD 2","RFP","Sell Direct","MPO","Non Etimad","SF-2026-2141","1000000","01/06/2026"
"Bayan AlOlayan","MOI - Prisons","Maintenance of Administrative Systems","6-Dropped","14/07/2026","12/05/2026","Sales & BD 2","RFP","Sell Direct","MPO","Etimad","SF-2026-2142","1000000","10/06/2026"
"Bayan AlOlayan","MOI - Prisons","Maintenance and Operation of Communication Systems","6-Dropped","14/07/2026","12/05/2026","Sales & BD 2","RFP","Sell Direct","HRO","Etimad","SF-2026-2143","1000000","02/06/2026"
"Abdullah Alfawaz","MOI - Prisons","Maintenance and Operation of CCTV Systems","6-Dropped","23/08/2026","12/05/2026","Sales & BD 2","RFP","Sell Direct","MPO","Etimad","SF-2026-2144","1000000","17/06/2026"
"Raed Hammad","TAWAL","Finance - Budget, Tax & AP - 2026","6-Cancelled","21/05/2026","12/05/2026","STC & Sub","RFQ","Sell Direct","MPO","Non Etimad","SF-2026-2145","784796","21/05/2026"
"Fajer Alsalloum","Saudi Aramco","STCSQR-23930 Agile point","7-Handover Completed","24/06/2026","13/05/2026","Sales & BD 1","RFQ","Sell Through solutions","SCM","Non Etimad","SF-2026-2146","2813849","21/05/2026"
"Abdulrhman Alshwaier","Saudi Telecommunications Company-STC Group-EBU","Captive Project AI - 4","7-Handover Completed","30/07/2026","13/05/2026","STC & Sub","RFQ","Sell Through solutions","HRO","Non Etimad","SF-2026-2147","1665538","01/07/2026"
"Khalid AlEnezi","Ministry of Defense ? Executive Affairs","MOD Enhanced Application MS","4-Submitted - Under Evaluation","31/12/2026","13/05/2026","Sales & BD 1","RFQ","Sell Through solutions","SCM","Non Etimad","SF-2026-2148","50000000","14/05/2026"
"Rawan AlMusayid","SAUDI FRANSI BANK","New GPUs servers - BID 1799","4-Submitted - Under Evaluation","30/09/2026","13/05/2026","Sales & BD 1","RFQ","Sell Through solutions","MPO","Non Etimad","SF-2026-2149","799793","21/05/2026"
"Abdulrhman Alshwaier","Saudi Telecommunications Company-STC Group-EBU","Captive Project AI - 6","7-Handover Completed","30/07/2026","13/05/2026","STC & Sub","RFQ","Sell Through solutions","HRO","Non Etimad","SF-2026-2150","1462801","01/07/2026"
"Abdulrhman Alshwaier","Saudi Telecommunications Company-STC Group-EBU","BFM - EBU Demands 2025 - IT Platform Q4","4-Submitted - Under Evaluation","31/12/2026","13/05/2026","STC & Sub","RFQ","Sell Through solutions","MPO","Non Etimad","SF-2026-2151","413468","06/07/2026"
"Abdulrhman Alshwaier","Saudi Telecommunications Company-STC Group-EBU","BFM - CBU Demands 2026 - Tribe Q1 Extra","7-Handover Completed","16/08/2026","13/05/2026","STC & Sub","RFQ","Sell Through solutions","MPO","Non Etimad","SF-2026-2152","316383","06/07/2026"
"Abdulrhman Alshwaier","Saudi Telecommunications Company-STC Group-EBU","BFM - WBU Demands 2026 - Tribe Q1 ","7-Handover Completed","02/09/2026","13/05/2026","STC & Sub","RFQ","Sell Through solutions","MPO","Non Etimad","SF-2026-2153","286707","05/07/2026"
"Abdulrhman Alshwaier","Saudi Telecommunications Company-STC Group-EBU","Captive Project AI - 5","7-Handover Completed","16/08/2026","13/05/2026","STC & Sub","RFQ","Sell Through solutions","HRO","Non Etimad","SF-2026-2154","248035","25/06/2026"
"Abdulrhman Alshwaier","Saudi Telecommunications Company-STC Group-EBU","Captive Project AI - 7","7-Handover Completed","17/08/2026","13/05/2026","STC & Sub","RFQ","Sell Through solutions","HRO","Non Etimad","SF-2026-2155","3264458","24/06/2026"
"Abdulrhman Alshwaier","Saudi Telecommunications Company-STC Group-EBU","Captive Project AI - 8","7-Handover Completed","13/08/2026","13/05/2026","STC & Sub","RFQ","Sell Through solutions","HRO","Non Etimad","SF-2026-2156","6083171","25/06/2026"
"Abdulrhman Alshwaier","Saudi Telecommunications Company-STC Group-EBU","Captive Project AI - 9","7-Handover Completed","13/08/2026","14/05/2026","STC & Sub","RFQ","Sell Through solutions","HRO","Non Etimad","SF-2026-2157","1834720","18/06/2026"
"Fajer Alsalloum","Saudi Aramco","STCSQR-23929 Solution Architect","6-Cancelled","02/07/2026","14/05/2026","Sales & BD 1","RFQ","Sell Through solutions","MPO","Non Etimad","SF-2026-2158","650000","18/05/2026"
"Rawan AlMusayid","Neoleap","Contact Center Project","6-Cancelled","02/07/2026","17/05/2026","Sales & BD 1","RFP","Sell Direct","CLM","Non Etimad","SF-2026-2159","3027689","17/05/2026"
"Fajer Alsalloum","Sofon Industries","OP-2026-163141-IT Managed Services Support","6-Cancelled","18/06/2026","17/05/2026","Sales & BD 1","RFQ","Sell Through solutions","MPO","Non Etimad","SF-2026-2160","17209","17/05/2026"
"Osayed Shadid","TASAMA Business Services Company","Staff Augmentation","6-Dropped","11/08/2026","17/05/2026","Sales & BD 1","RFQ","Sell Through solutions","MPO","Non Etimad","SF-2026-2161","4000000","19/05/2026"
"Bayan AlOlayan","National Housing Services Company - NHC","Implementation of the pilot phase of the Accredited Observer Initiative","6-Lost","19/08/2026","17/05/2026","Sales & BD 2","RFP","Sell Direct","SCM","Non Etimad","SF-2026-2162","12414667","17/05/2026"
"Bayan AlOlayan","National Housing Services Company - NHC","Smart building","6-Dropped","19/08/2026","17/05/2026","Sales & BD 2","RFP","Sell Through solutions","Facility Management","Non Etimad","SF-2026-2163","10000000","20/05/2026"
"Fajer Alsalloum","Diriyah Gate Development Authority","2 Months Extend to PO 106795","7-Handover Completed","30/06/2026","17/05/2026","Giga","RFQ","Sell Through STC","MPO","Non Etimad","SF-2026-2164","291780","21/05/2026"
"Bayan AlOlayan","Ministry of Human Resources & Social Development HRSD","O&M of the Developed Social Security System Platform","1-Identified","24/12/2026","17/05/2026","Sales & BD 2","RFP","Sell Direct","CLM","Etimad","SF-2026-2165","2000000","29/05/2026"
"Bayan AlOlayan","Ministry of Human Resources & Social Development HRSD","Maintenance of the Unified Employee Application","1-Identified","24/12/2026","18/05/2026","Sales & BD 2","RFP","Sell Direct","CLM","Etimad","SF-2026-2166","3000000","13/06/2026"
"Bayan AlOlayan","Ministry of Human Resources & Social Development HRSD","Maintenance of HRSD's Application for Individuals","1-Identified","24/12/2026","18/05/2026","Sales & BD 2","RFP","Sell Direct","CLM","Etimad","SF-2026-2167","1000000","12/06/2026"
"Bayan AlOlayan","Ministry of Human Resources & Social Development HRSD","Support and Implementation Services for Institutional Enablement and Operational Transformation","1-Identified","30/12/2026","18/05/2026","Sales & BD 2","RFP","Sell Direct","CLM","Etimad","SF-2026-2168","1000000","24/05/2026"
"Khalid AlEnezi","Ministry of Sport","IT O&M Mahd Academy","4-Submitted - Under Evaluation","17/12/2026","18/05/2026","Sales & BD 2","RFQ","Sell Through solutions","MPO","Non Etimad","SF-2026-2169","25000000","07/06/2026"
"Bayan AlOlayan","MOI - Prisons","Development, Supply, Installation, and Operation of IPT","6-Dropped","14/07/2026","18/05/2026","Sales & BD 2","RFP","Sell Direct","SCM","Etimad","SF-2026-2170","1000000","02/06/2026"
"Mohammad Alajlan","Solutions by stc","Project Manager-Solution Manpower-1217","7-Handover Completed","28/06/2026","18/05/2026","STC & Sub","RFQ","Sell Direct","MPO","Non Etimad","SF-2026-2171","541803","20/05/2026"
"Abdullah Awleyaa","AL AKARIA","Fai Sedra 2","6-Cancelled","17/06/2026","19/05/2026","Sales & BD 1","RFQ","Sell Direct","Event Management","Non Etimad","SF-2026-2172","500000","24/05/2026"
"Osayed Shadid","Konecta","Supply Agents","3-Qualified In Progress","08/11/2026","19/05/2026","Sales & BD 1","RFQ","Sell Direct","MPO","Non Etimad","SF-2026-2173","1000000","30/09/2026"
"Malak AlSuhaim","Ministry of Tourism","Provision of Security Guarding Services for the Branches of MOT","1-Identified","24/12/2026","19/05/2026","Sales & BD 2","RFP","Sell Direct","Facility Management","Etimad","SF-2026-2174","3000000","14/06/2026"
"Fajer Alsalloum","Saudi Aramco","STCSQR-23927 Wipro","6-Cancelled","18/06/2026","20/05/2026","Sales & BD 1","RFQ","Sell Through solutions","MPO","Non Etimad","SF-2026-2175","350000","24/05/2026"
"Fajer Alsalloum","Saudi Aramco","STCSQR-23928 Q-Pros","6-Cancelled","18/06/2026","20/05/2026","Sales & BD 1","RFQ","Sell Through solutions","MPO","Non Etimad","SF-2026-2176","350000","24/05/2026"
"Ali Bin Zeair","Saudi Telecommunications Company-STC Group-EBU","OP -number: OP-2025-157650","4-Submitted - Under Evaluation","31/12/2026","20/05/2026","STC & Sub","RFQ","Sell Through solutions","MPO","Non Etimad","SF-2026-2177","924130","25/05/2026"
"Fajer Alsalloum","Saudi Aramco","OP-2026-163672 Renewal","7-Handover Completed","09/08/2026","20/05/2026","Sales & BD 1","RFQ","Sell Through solutions","MPO","Non Etimad","SF-2026-2178","786562","24/05/2026"
"Mohammad Alajlan","Solutions by stc","VSAT  WH","7-Handover Completed","25/05/2026","20/05/2026","STC & Sub","RFQ","Sell Direct","SCM","Non Etimad","SF-2026-2179","112639","24/05/2026"
"Malak AlSuhaim","Ministry of Hajj","EBU renewal","1-Identified","29/10/2026","20/05/2026","Sales & BD 2","RFP","Sell Through solutions","MPO","Non Etimad","SF-2026-2180","200000","21/05/2026"
"Fajer Alsalloum","Principal Buyer Oil and Gas","Strategic Planning Expert","4-Submitted - Under Evaluation","30/09/2026","20/05/2026","Sales & BD 1","RFQ","Sell Direct","MPO","Non Etimad","SF-2026-2181","948000","24/05/2026"
"Fajer Alsalloum","Principal Buyer Oil and Gas","Cybersecurity Expert","7-Handover Completed","02/07/2026","20/05/2026","Sales & BD 1","RFQ","Sell Direct","MPO","Non Etimad","SF-2026-2182","936000","24/05/2026"
"Bayan AlOlayan","Real Estate General Authority","1 resource","6-Dropped","23/08/2026","21/05/2026","Sales & BD 2","RFP","Sell Through solutions","MPO","Non Etimad","SF-2026-2183","100000","24/05/2026"
"Fajer Alsalloum","Saudi Aramco","Software Developer Aramco","7-Handover Completed","13/08/2026","24/05/2026","Sales & BD 1","RFQ","Sell Through solutions","MPO","Non Etimad","SF-2026-2184","362022","24/05/2026"
"Fajer Alsalloum","Royal Comission of Al Ula","Senior Engagement Manager 1211","7-Handover Completed","28/06/2026","24/05/2026","Giga","RFQ","Sell Through solutions","MPO","Non Etimad","SF-2026-2185","866390","28/05/2026"
"Fajer Alsalloum","Principal Buyer Oil and Gas","Business and Performance Planning Expert","7-Handover Completed","02/07/2026","24/05/2026","Sales & BD 1","RFQ","Sell Direct","MPO","Non Etimad","SF-2026-2186","948000","27/05/2026"
"Fajer Alsalloum","Saudi Aramco","Graphic Designer","4-Submitted - Under Evaluation","30/11/2026","24/05/2026","Sales & BD 1","RFQ","Sell Through solutions","MPO","Non Etimad","SF-2026-2187","223870","27/05/2026"
"Abdulrhman Alshwaier","Saudi Telecommunications Company-STC Group-EBU","Captive Project AI - 10","7-Handover Completed","17/08/2026","25/05/2026","STC & Sub","RFQ","Sell Through solutions","HRO","Non Etimad","SF-2026-2188","586959","01/07/2026"
"Fajer Alsalloum","Principal Buyer Oil and Gas","Procurement & Contracts Sr. Specialist","7-Handover Completed","01/07/2026","25/05/2026","Sales & BD 1","RFQ","Sell Direct","MPO","Non Etimad","SF-2026-2189","368568","27/05/2026"
"Fajer Alsalloum","Saudi Aramco","Renewal for OP-2026-163674","7-Handover Completed","09/08/2026","25/05/2026","Sales & BD 1","RFQ","Sell Through solutions","MPO","Non Etimad","SF-2026-2190","812902","31/05/2026"
"Fajer Alsalloum","Saudi Aramco","Renewal OP-2026-163680","7-Handover Completed","09/08/2026","25/05/2026","Sales & BD 1","RFQ","Sell Through solutions","MPO","Non Etimad","SF-2026-2191","312042","28/05/2026"
"Fajer Alsalloum","Saudi Aramco","OP-2026-163683","7-Handover Completed","09/08/2026","25/05/2026","Sales & BD 1","RFQ","Sell Through solutions","MPO","Non Etimad","SF-2026-2192","635568","28/05/2026"
"Fajer Alsalloum","Saudi Aramco","Renewal for Maintenance Technicians","4-Submitted - Under Evaluation","30/09/2026","25/05/2026","Sales & BD 1","RFQ","Sell Through solutions","MPO","Non Etimad","SF-2026-2193","914610","28/05/2026"
"Khalid AlEnezi","MOD - Armed Forces","Training Personnel of the Administration of King Fahd Military City","6-Dropped","26/08/2026","25/05/2026","Sales & BD 1","RFP","Sell Direct","HRO","Etimad","SF-2026-2194","0","25/05/2026"
"Khalid AlEnezi","Ministry of National Guard","Preparation and outfitting of the Services Hall with display screens","6-Dropped","26/08/2026","25/05/2026","Sales & BD 1","RFP","Sell Direct","Facility Management","Etimad","SF-2026-2195","0","25/05/2026"
"Mohammad Alajlan","Solutions by stc","STCSQR-24270 - project 1533","7-Handover Completed","15/07/2026","02/06/2026","STC & Sub","RFQ","Sell Direct","MPO","Non Etimad","SF-2026-2196","178506","04/06/2026"
"Osayed Shadid","Health Holding Company","Establish patient experience call center","6-Dropped","15/09/2026","02/06/2026","Sales & BD 1","RFQ","Sell Through solutions","CLM","Non Etimad","SF-2026-2197","76596114","07/07/2026"
"Ali Bin Zeair","Saudi Telecommunications Company-STC Group-EBU","MCN TU 2025 OP-2026-162498","7-Handover Completed","06/07/2026","02/06/2026","STC & Sub","RFQ","Sell Through solutions","MPO","Non Etimad","SF-2026-2198","2984081","03/06/2026"
"Bayan AlOlayan","Ministry of Human Resources & Social Development HRSD","Renewal of managed services to enhance the efficiency of developing the Jadarat platform HADAF","1-Identified","24/12/2026","02/06/2026","Sales & BD 2","RFP","Sell Direct","MPO","Etimad","SF-2026-2199","20000000","03/06/2026"
"Mohammad Alajlan","Solutions by stc","Networking - Solution Manpower 1338","7-Handover Completed","06/08/2026","02/06/2026","STC & Sub","RFQ","Sell Direct","MPO","Non Etimad","SF-2026-2200","149494","04/06/2026"
"Khalid AlEnezi","Ministry of Sport","Saudi Olympic & Paralympic - Digital Transformation","4-Submitted - Under Evaluation","24/12/2026","02/06/2026","Sales & BD 2","RFQ","Sell Through solutions","MPO","Non Etimad","SF-2026-2201","1000000","04/06/2026"
"Khalid AlEnezi","Princess Nora bint Abdul Rahman University","Ticket Allowance Request","7-Handover Completed","07/07/2026","02/06/2026","Sales & BD 2","RFQ","Sell Through solutions","MPO","Non Etimad","SF-2026-2202","67917","04/06/2026"
"Abdullah Awleyaa","AL Futtaim UAE","Call Center Services for Automotive Operations","6-Cancelled","09/09/2026","02/06/2026","Sales & BD 1","RFQ","Sell Direct","CLM","Non Etimad","SF-2026-2203","7500000","04/06/2026"
"Fajer Alsalloum","Saudi Aramco","Overtime B","1-Identified","30/09/2026","15/06/2026","Sales & BD 1","RFQ","Sell Through solutions","MPO","Non Etimad","SF-2026-2204","36128","16/06/2026"
"Ali Bin Zeair","Nile","Nile	Development of Finance and Procurement Policies","7-Handover Completed","11/06/2026","15/06/2026","STC & Sub","RFQ","Sell Direct","F&A","Non Etimad","SF-2026-2205","110000","09/06/2026"
"Ali Bin Zeair","Solutions by stc","STCSQR-24438","6-Lost","06/07/2026","15/06/2026","STC & Sub","RFQ","Sell Direct","MPO","Non Etimad","SF-2026-2206","181572","15/06/2026"
"Ali Bin Zeair","Solutions by stc","Implementation & Optimization 2024 OP-2024-152015","6-Lost","18/08/2026","15/06/2026","STC & Sub","RFQ","Sell Direct","MPO","Non Etimad","SF-2026-2207","239651","16/06/2026"
"Bayan AlOlayan","National Housing Services Company - NHC","facility additional scope","6-Dropped","19/08/2026","15/06/2026","Sales & BD 2","RFP","Sell Direct","Facility Management","Non Etimad","SF-2026-2208","587180","15/06/2026"
"Osayed Shadid","ASMO","Monitoring and capacity Solution Project","6-Dropped","11/08/2026","15/06/2026","Sales & BD 1","RFQ","Sell Through solutions","MPO","Non Etimad","SF-2026-2209","1251260","18/06/2026"
"Fajer Alsalloum","Saudi Aramco","Contract renewal for PO  6511226680 OP-2026-164038","7-Handover Completed","09/08/2026","15/06/2026","Sales & BD 1","RFQ","Sell Through solutions","MPO","Non Etimad","SF-2026-2210","867808","16/06/2026"
"Mohammad Alajlan","Pulse by solutions","1481 - Logistics & WH services","7-Handover Completed","18/06/2026","15/06/2026","STC & Sub","RFQ","Sell Direct","SCM","Non Etimad","SF-2026-2211","3000000","16/06/2026"
"Osayed Shadid","Ministry of Transportation","Managed Services Ref#162697","6-Dropped","24/08/2026","15/06/2026","Sales & BD 1","RFQ","Sell Through solutions","MPO","Non Etimad","SF-2026-2212","10584730","23/06/2026"
"Osayed Shadid","King Salman International Airport (KSIA)","Cybersecurity Awareness Project","6-Dropped","24/08/2026","15/06/2026","Sales & BD 1","RFQ","Sell Through solutions","Event Management","Non Etimad","SF-2026-2213","1612762","24/06/2026"
"Bayan AlOlayan","National Center of Non-Profit Sector","cyber security","6-Lost","19/08/2026","15/06/2026","Sales & BD 2","RFP","Sell Through solutions","MPO","Non Etimad","SF-2026-2214","1125534","15/06/2026"
"Raed Hammad","Center3","IT Dep ? Resources 2026","7-Handover Completed","21/06/2026","15/06/2026","STC & Sub","RFQ","Sell Direct","MPO","Non Etimad","SF-2026-2215","1104916","16/06/2025"
"Osayed Shadid","Saudi Global Ports Co","Headquarters Facilities Management Managing Agent Services","6-Dropped","10/08/2026","15/06/2026","Sales & BD 1","RFQ","Sell Direct","Facility Management","Non Etimad","SF-2026-2216","15000000","30/06/2026"
"Fajer Alsalloum","SAUDI BASIC INDUSTRIES CO.(SABIC)","WO Batch 4","7-Handover Completed","17/06/2026","15/06/2026","Sales & BD 1","RFQ","Sell Direct","MPO","Non Etimad","SF-2026-2217","3589971","16/06/2026"
"Rawan AlMusayid","Economic Cities Authority","Facility - Managed services","4-Submitted - Under Evaluation","20/12/2026","16/06/2026","Sales & BD 1","RFQ","Sell Through solutions","Facility Management","Non Etimad","SF-2026-2218","100000","16/06/2026"
"Rawan AlMusayid","The Saudi National Bank","SNB - Observability Expert","4-Submitted - Under Evaluation","18/11/2026","16/06/2026","Sales & BD 1","RFQ","Sell Through solutions","MPO","Non Etimad","SF-2026-2219","895944","16/06/2026"
"Rawan AlMusayid","Research Development and Innovation Authority","Budget Utilization","7-Handover Completed","30/06/2026","16/06/2026","Sales & BD 1","RFQ","Sell Through solutions","MPO","Non Etimad","SF-2026-2220","132000","16/06/2026"
"Rawan AlMusayid","Agricultural Development Fund","OP-2026-163761 - Saudi Arab Agricultural Bank","4-Submitted - Under Evaluation","16/11/2026","16/06/2026","Sales & BD 1","RFQ","Sell Through solutions","MPO","Non Etimad","SF-2026-2221","2257694","16/06/2026"
"Rawan AlMusayid","SAUDI FRANSI BANK","Saudi National Resource - STC solutions-BSF","4-Submitted - Under Evaluation","30/11/2026","16/06/2026","Sales & BD 1","RFQ","Sell Through solutions","MPO","Non Etimad","SF-2026-2222","1909218","09/09/2026"
"Rawan AlMusayid","Neoleap","Collection PROJECT","6-Cancelled","02/07/2026","16/06/2026","Sales & BD 1","RFP","Sell Direct","F&A","Non Etimad","SF-2026-2223","0","25/06/2026"
"Abdulrhman Alshwaier","Saudi Telecommunications Company-STC Group-EBU","Captive Project ITP_ 6","7-Handover Completed","17/08/2026","16/06/2026","STC & Sub","RFQ","Sell Direct","HRO","Non Etimad","SF-2026-2224","594000","16/06/2026"
"Osayed Shadid","Misk Charity Foundation","Renewal 1335  - STCSQR - 16812 Misk Foundation","4-Submitted - Under Evaluation","30/09/2026","16/06/2026","Sales & BD 1","RFQ","Sell Through solutions","MPO","Non Etimad","SF-2026-2225","215191","07/06/2026"
"Abdulrhman Alshwaier","Saudi Telecommunications Company-STC Group-EBU","WBU Ad hock CRs-FCS5007317-145211","4-Submitted - Under Evaluation","23/12/2026","16/06/2026","STC & Sub","RFQ","Sell Through solutions","MPO","Non Etimad","SF-2026-2226","376867","01/07/2026"
"Abdulrhman Alshwaier","Saudi Telecommunications Company-STC Group-EBU","STC - CBU Demands 2025 ? Q4 - IT platform ? Solutions MPA BFM","7-Handover Completed","15/09/2026","16/06/2026","STC & Sub","RFQ","Sell Through solutions","MPO","Non Etimad","SF-2026-2227","205398","29/06/2026"
"Abdulrhman Alshwaier","Saudi Telecommunications Company-STC Group-EBU","STC - (FC5007619-BFM - Fulfillment - WBU-143216) BFM","7-Handover Completed","20/08/2026","16/06/2026","STC & Sub","RFQ","Sell Through solutions","MPO","Non Etimad","SF-2026-2228","238208","25/06/2026"
"Fajer Alsalloum","Saudi Aramco","Resources Budget Management","6-Lost","01/07/2026","16/06/2026","Sales & BD 1","RFQ","Sell Through solutions","MPO","Non Etimad","SF-2026-2229","50000000","30/05/2026"
"Fajer Alsalloum","CBRE","Rebadge MPO Resources","6-Lost","10/08/2026","16/06/2026","Sales & BD 1","RFQ","Sell Direct","MPO","Non Etimad","SF-2026-2230","9433435","18/06/2026"
"Fajer Alsalloum","King Salman Energy Park","OP-2025-159159","6-Dropped","09/09/2026","16/06/2026","Sales & BD 1","RFQ","Sell Through solutions","MPO","Non Etimad","SF-2026-2231","306590","21/06/2026"
"Mohammad Alajlan","Solutions by stc","Manpower 1215","7-Handover Completed","22/07/2026","16/06/2026","STC & Sub","RFQ","Sell Direct","MPO","Non Etimad","SF-2026-2232","128832","17/06/2026"
"Mohammad Alajlan","Solutions by stc","Operation Manager - STCS","7-Handover Completed","21/07/2026","16/06/2026","STC & Sub","RFQ","Sell Direct","MPO","Non Etimad","SF-2026-2234","333039","17/06/2026"
"Mohammad Alajlan","Solutions by stc","sales specialist","7-Handover Completed","12/07/2026","16/06/2026","STC & Sub","RFQ","Sell Direct","MPO","Non Etimad","SF-2026-2235","595642","17/06/2026"
"Mohammad Alajlan","Saudi Telecommunications Company-STC Group-EBU","OP-2026-161998 - Resource Renewal - 1254","7-Handover Completed","26/07/2026","16/06/2026","STC & Sub","RFQ","Sell Through solutions","MPO","Non Etimad","SF-2026-2236","615109","17/06/2026"
"Rawan AlMusayid","Saudi Water Authority","MPO - SWA_cloud team","4-Submitted - Under Evaluation","30/10/2026","17/06/2026","Sales & BD 1","RFQ","Sell Through solutions","MPO","Non Etimad","SF-2026-2237","4709754","17/06/2026"
"Mohammad Alajlan","Solutions by stc","STCSQR-24395 - 1145","7-Handover Completed","19/08/2026","17/06/2026","STC & Sub","RFQ","Sell Direct","MPO","Non Etimad","SF-2026-2238","1626529","18/06/2026"
"Bayan AlOlayan","Remat Al-Riyadh Development Company","Operational performance - WO 3","7-Handover Completed","30/06/2026","17/06/2026","Sales & BD 2","RFP","Sell Direct","MPO","Non Etimad","SF-2026-2239","1070506","17/06/2026"
"Bayan AlOlayan","National Center For Government Resources System","MS Renewal WO18","7-Handover Completed","30/06/2026","17/06/2026","Sales & BD 2","RFP","Sell Through solutions","MPO","Non Etimad","SF-2026-2240","40539259","14/06/2026"
"Fajer Alsalloum","Ministry of Energy","MoE_MPO NOC Services_OP-2026-163919","6-Cancelled","02/07/2026","17/06/2026","Sales & BD 1","RFQ","Sell Through solutions","MPO","Non Etimad","SF-2026-2241","18768316","01/07/2026"
"Bayan AlOlayan","THIQAH","Thiqah CLM 3 months","4-Submitted - Under Evaluation","29/10/2026","17/06/2026","Sales & BD 2","RFP","Sell Direct","CLM","Non Etimad","SF-2026-2242","1571631","14/06/2026"
"Bayan AlOlayan","SDAIA - National Information Center","quotation for 2 resources","4-Submitted - Under Evaluation","30/09/2026","17/06/2026","Sales & BD 2","RFP","Sell Through solutions","MPO","Non Etimad","SF-2026-2243","430990","17/06/2026"
"Osayed Shadid","Public Investment Fund","PIF Tahaluf Program ? Manpower Services category","4-Submitted - Under Evaluation","26/11/2026","17/06/2026","Sales & BD 1","RFP","Sell Direct","MPO","Non Etimad","SF-2026-2244","5000000","07/07/2026"
"Abdulrhman Alshwaier","Saudi Telecommunications Company-STC Group-EBU","BFM Renewal","7-Handover Completed","30/07/2026","17/06/2026","STC & Sub","RFQ","Sell Through solutions","MPO","Non Etimad","SF-2026-2245","2301279","02/07/2026"
"Bayan AlOlayan","Real Estate General Authority","REGA Resources","7-Handover Completed","13/08/2026","17/06/2026","Sales & BD 2","RFP","Sell Through solutions","MPO","Non Etimad","SF-2026-2246","788375","18/06/2026"
"Osayed Shadid","Public Investment Fund","IT Support","4-Submitted - Under Evaluation","26/10/2026","17/06/2026","Sales & BD 1","RFQ","Sell Direct","MPO","Non Etimad","SF-2026-2247","5293984","25/06/2026"
"Rawan AlMusayid","Shared Services Program","1MPO - IT Support Engineer","4-Submitted - Under Evaluation","28/11/2026","18/06/2026","Sales & BD 1","RFQ","Sell Through solutions","MPO","Non Etimad","SF-2026-2248","249753","22/06/2026"
"Ali Bin Zeair","Solutions by stc","STCSQR-24539","7-Handover Completed","13/07/2026","18/06/2026","STC & Sub","RFQ","Sell Direct","MPO","Non Etimad","SF-2026-2249","141840","23/06/2026"
"Mohammad Alajlan","Solutions by stc","F&A (GRC) II","7-Handover Completed","21/06/2026","18/06/2026","STC & Sub","RFQ","Sell Direct","F&A","Non Etimad","SF-2026-2250","260000","18/06/2026"
"Bayan AlOlayan","National Center For Government Resources System","Redevelopment and Rehabilitation Works","4-Submitted - Under Evaluation","30/12/2026","18/06/2026","Sales & BD 2","RFP","Sell Direct","MPO","Non Etimad","SF-2026-2251","74804163","16/07/2026"
"Bayan AlOlayan","SDAIA - National Information Center","(SDAIA)Almoamer proposal","7-Handover Completed","30/06/2026","18/06/2026","Sales & BD 2","RFP","Sell Direct","SCM","Non Etimad","SF-2026-2252","13002176","21/06/2026"
"Fajer Alsalloum","National Water Company","Hajj Contributors Honoring Ceremony","6-Cancelled","09/09/2026","21/06/2026","Sales & BD 1","RFQ","Sell Through solutions","Event Management","Non Etimad","SF-2026-2253","254174","25/06/2026"
"Mohammad Alajlan","Solutions by stc","Principal Consultant-Solution Manpower-1257","7-Handover Completed","02/09/2026","21/06/2026","STC & Sub","RFQ","Sell Direct","MPO","Non Etimad","SF-2026-2254","306890","23/06/2026"
"Bayan AlOlayan","Al-Diyar Al-Arabia","CLM 6 agents","2-To Be Qualified","29/10/2026","21/06/2026","Sales & BD 2","RFP","Sell Direct","CLM","Non Etimad","SF-2026-2255","100000","22/06/2026"
"Bayan AlOlayan","Ministry of Human Resources & Social Development HRSD","FA to enhance the quality of the observatory?s products and data in labor market fields","4-Submitted - Under Evaluation","31/12/2026","21/06/2026","Sales & BD 2","RFQ","Sell Through solutions","MPO","Non Etimad","SF-2026-2256","2000000","21/06/2026"
"Abdullah Alfawaz","Ministry of Culture","FA for the provision of development and technical support services for the Cultural Academies","6-Lost","23/08/2026","21/06/2026","Sales & BD 2","RFQ","Sell Through solutions","MPO","Non Etimad","SF-2026-2257","1000000","22/06/2026"
"Fajer Alsalloum","Water Transportation and Technology Company","Manpower Services Agreement","4-Submitted - Under Evaluation","31/10/2026","22/06/2026","Sales & BD 1","RFP","Sell Direct","MPO","Non Etimad","SF-2026-2258","0","30/06/2026"
"Raed Hammad","TAWAL","Tawal off shore","4-Submitted - Under Evaluation","30/12/2026","22/06/2026","STC & Sub","RFP","Sell Direct","MPO","Non Etimad","SF-2026-2260","1000000","25/06/2026"
"Ali Bin Zeair","Solutions by stc","STCSQR-23517","7-Handover Completed","25/06/2026","22/06/2026","STC & Sub","RFQ","Sell Direct","SCM","Non Etimad","SF-2026-2261","250000","24/06/2026"
"Rawan AlMusayid","Gulf International Bank Saudi Arabia (GIB-SA)","OP-2026-162705 - ACI Resident Engineer","7-Handover Completed","23/08/2026","22/06/2026","Sales & BD 1","RFQ","Sell Through solutions","MPO","Non Etimad","SF-2026-2262","370000","29/06/2026"
"Malak AlSuhaim","Ministry of Hajj","Call center","1-Identified","30/10/2026","22/06/2026","Sales & BD 2","RFP","Sell Direct","CLM","Non Etimad","SF-2026-2263","3000000","29/06/2026"
"Khalid AlEnezi","Royal Guard","MS for GRP Oracle","4-Submitted - Under Evaluation","30/10/2026","22/06/2026","Sales & BD 1","RFQ","Sell Through solutions","MPO","Non Etimad","SF-2026-2264","22857659","22/06/2026"
"Khalid AlEnezi","Initiatives Management Office IMO","FA for Building Capabilities to Implement Artificial Intelligence Use Cases","4-Submitted - Under Evaluation","29/10/2026","22/06/2026","Sales & BD 1","RFQ","Sell Through solutions","MPO","Non Etimad","SF-2026-2265","23587795","29/06/2026"
"Abdullah Alfawaz","Ministry of Culture","Activation of Consulting and Operational Services to Enable the Core Functions of the University of Arts","4-Submitted - Under Evaluation","29/10/2026","22/06/2026","Sales & BD 2","RFQ","Sell Through solutions","SCM","Non Etimad","SF-2026-2266","11676000","29/06/2026"
"Bayan AlOlayan","Ministry of Human Resources & Social Development HRSD","framework Agreement for the Execution of Interior Fit-Out Works for HRDF-phase two","2-To Be Qualified","30/11/2026","22/06/2026","Sales & BD 2","RFP","Sell Direct","Facility Management","Etimad","SF-2026-2267","3000000","12/07/2026"
"Osayed Shadid","King Faisal Specialist Hospital International Holding Co.","RFQ - 4881145 - Providing Maintenance and Support for Avaya Telephone System","6-Lost","02/08/2026","22/06/2026","Sales & BD 1","RFP","Sell Direct","SCM","Non Etimad","SF-2026-2268","12350641","05/07/2026"
"Osayed Shadid","Saudi Post","Renewal of Digital Address Subscription for SPL Branches.","6-Dropped","11/08/2026","23/06/2026","Sales & BD 1","RFP","Sell Direct","SCM","Non Etimad","SF-2026-2269","1000000","02/07/2026"
"Raed Hammad","TAWAL","O&M Opex2 2026 - additional amount","7-Handover Completed","12/07/2026","23/06/2026","STC & Sub","RFQ","Sell Direct","MPO","Non Etimad","SF-2026-2271","1470501","24/06/2026"
"Raed Hammad","Cisco Systems, Inc","renewal phase 5 to STC ( Nov 2025 - Apr 2026) additional amount","7-Handover Completed","30/06/2026","23/06/2026","STC & Sub","RFQ","Sell Direct","MPO","Non Etimad","SF-2026-2272","5206242","24/06/2026"
"Rawan AlMusayid","Saudi Water Authority","SWA Contact Center","4-Submitted - Under Evaluation","29/11/2026","23/06/2026","Sales & BD 1","RFP","Sell Direct","MPO","Etimad","SF-2026-2273","8442668","19/07/2026"
"Raed Hammad","Cisco Systems, Inc","renewal phase 5 to STC","7-Handover Completed","30/06/2026","23/06/2026","STC & Sub","RFQ","Sell Direct","MPO","Non Etimad","SF-2026-2274","15618726","24/06/2026"
"Raed Hammad","TAWAL","Performance & Career Mgmt -  2026","7-Handover Completed","06/08/2026","23/06/2026","STC & Sub","RFQ","Sell Direct","MPO","Non Etimad","SF-2026-2275","234455","25/06/2026"
"Khalid AlEnezi","Ministry of Human Resources & Social Development HRSD","Central Customer Service System Development Project ? Phase Two-HRDF","6-Dropped","08/07/2026","23/06/2026","Sales & BD 2","RFP","Sell Direct","SCM","Etimad","SF-2026-2276","2000000","08/07/2026"
"Bayan AlOlayan","SDAIA - National Information Center","SDAIA SBM proposal","1-Identified","29/10/2026","23/06/2026","Sales & BD 2","RFQ","Sell Direct","MPO","Non Etimad","SF-2026-2277","4000000","23/06/2026"
"Bayan AlOlayan","SDAIA - National Information Center","SDAIA VAS","7-Handover Completed","05/07/2026","23/06/2026","Sales & BD 2","RFQ","Sell Through solutions","SCM","Non Etimad","SF-2026-2278","3569405","23/06/2026"
"Rawan AlMusayid","Ministry of Environment Water and Agriculture","Setup and Operation of the MEWA Office in Riyadh City ? Imam Mohammad Ibn Saud Islamic University","4-Submitted - Under Evaluation","30/11/2026","24/06/2026","Sales & BD 1","RFI","Sell Direct","Facility Management","Non Etimad","SF-2026-2279","0","28/06/2026"
"Osayed Shadid","SAUDI GROUND SERVICES","Application Support & Maintenance","6-Dropped","11/08/2026","24/06/2026","Sales & BD 1","RFQ","Sell Direct","MPO","Non Etimad","SF-2026-2280","1000000","30/06/2026"
"Osayed Shadid","Takaful Al-Rajhi","Al Rajhi Takaful - Customer Care Call Center","4-Submitted - Under Evaluation","22/11/2026","24/06/2026","Sales & BD 1","RFQ","Sell Direct","CLM","Non Etimad","SF-2026-2281","13349330","27/07/2026"
"Rawan AlMusayid","The Saudi National Bank","Agentic AI Solution for Retail Collections","6-Dropped","13/07/2026","24/06/2026","Sales & BD 1","RFP","Sell Through solutions","SCM","Non Etimad","SF-2026-2282","2000000","09/07/2026"
"Mohammad Alajlan","Saudi Telecommunications Company-STC Group-EBU","Quotation OP-2026-163008","7-Handover Completed","20/07/2026","24/06/2026","STC & Sub","RFQ","Sell Through solutions","MPO","Non Etimad","SF-2026-2283","2150691","25/06/2026"
"Osayed Shadid","Ministry of Industry And Mineral Resources","Consulting Support Service - Framework Agreements","4-Submitted - Under Evaluation","08/11/2026","24/06/2026","Sales & BD 1","RFQ","Sell Through solutions","MPO","Etimad","SF-2026-2284","3967276","05/07/2026"
"Ali Bin Zeair","Solutions by stc","STCSQR-22639","6-Lost","13/08/2026","25/06/2026","STC & Sub","RFQ","Sell Direct","Facility Management","Non Etimad","SF-2026-2285","258994","11/08/2026"
"Ali Bin Zeair","Solutions by stc","Cloud MS -3 STCs","7-Handover Completed","30/06/2026","25/06/2026","STC & Sub","RFQ","Sell Direct","SCM","Non Etimad","SF-2026-2286","7225299","28/06/2026"
"Abdullah Alfawaz","King Saud University","""Operating Incubation Programs at the Business Incubators and Accelerators Center of the Entrepreneurship Institute""","1-Identified","29/10/2026","25/06/2026","Sales & BD 2","RFQ","Sell Through solutions","MPO","Non Etimad","SF-2026-2287","1500000","15/07/2026"
"Fajer Alsalloum","National Water Company","Collection Services","4-Submitted - Under Evaluation","30/09/2026","25/06/2026","Sales & BD 1","RFP","Sell Direct","SCM","Non Etimad","SF-2026-2288","0","28/06/2026"
"Osayed Shadid","King Salman International Airport (KSIA)","KSIA MSI -OP-2026-162081","6-Dropped","19/08/2026","27/06/2026","Sales & BD 1","RFQ","Sell Through solutions","MPO","Non Etimad","SF-2026-2289","3193303","02/07/2026"
"Khalid AlEnezi","Najran University","M&O of the Laboratories of the College of Engineering","6-Dropped","09/07/2026","28/06/2026","Sales & BD 2","RFP","Sell Direct","MPO","Etimad","SF-2026-2290","3000000","06/07/2026"
"Khalid AlEnezi","Tourism Development Fund","Management and Operation of the Unified Contact Center for TDF","6-Lost","16/08/2026","28/06/2026","Sales & BD 2","RFP","Sell Direct","CLM","Etimad","SF-2026-2291","2367748","12/07/2026"
"Khalid AlEnezi","Ministry of National Guard","Managed Service project for National Guard","4-Submitted - Under Evaluation","31/12/2026","28/06/2026","Sales & BD 1","RFQ","Sell Through solutions","MPO","Non Etimad","SF-2026-2292","35383983","29/06/2026"
"Khalid AlEnezi","Private Affairs of King Salman bin Abdulaziz","Private Contact Center","1-Identified","24/12/2026","28/06/2026","Sales & BD 1","RFQ","Sell Through solutions","CLM","Non Etimad","SF-2026-2293","3000000","30/06/2026"
"Bayan AlOlayan","SDAIA - National Information Center","treck trak proposal","1-Identified","30/09/2026","28/06/2026","Sales & BD 2","RFP","Sell Through solutions","MPO","Non Etimad","SF-2026-2294","6510733","29/06/2026"
"Ali Bin Zeair","Pulse by solutions","Pulse Warehouse","7-Handover Completed","30/06/2026","28/06/2026","STC & Sub","RFQ","Sell Direct","Facility Management","Non Etimad","SF-2026-2295","265440","29/06/2026"
"Rawan AlMusayid","Digital Government Authority","Managed Technical Operations Services for Digital Transformation Enhancement","4-Submitted - Under Evaluation","25/10/2026","29/06/2026","Sales & BD 1","RFP","Sell Direct","MPO","Etimad","SF-2026-2296","21597639","29/07/2026"
"Ali Bin Zeair","Saudi Telecommunications Company-STC Group-EBU","Rest of the amount | Hiring Request | customer: stc","7-Handover Completed","20/08/2026","29/06/2026","STC & Sub","RFQ","Sell Through solutions","MPO","Non Etimad","SF-2026-2297","81747","01/07/2026"
"Osayed Shadid","Saudi Railway Company","Contract Management & Controls Specialist","4-Submitted - Under Evaluation","08/11/2026","29/06/2026","Sales & BD 1","RFQ","Sell Direct","MPO","Non Etimad","SF-2026-2298","270373","02/07/2026"
"Mohammad Alajlan","Solutions by stc","ERP Audit Specialists","7-Handover Completed","30/06/2026","29/06/2026","STC & Sub","RFQ","Sell Direct","F&A","Non Etimad","SF-2026-2299","266464","29/06/2026"
"Mohammad Alajlan","Solutions by stc","cleaner for Dirab office","6-Lost","18/08/2026","29/06/2026","STC & Sub","RFQ","Sell Direct","Facility Management","Non Etimad","SF-2026-2300","101053","30/06/2026"
"Fajer Alsalloum","Saudi Aramco","DMM Warehouse May26","7-Handover Completed","30/06/2026","29/06/2026","Sales & BD 1","RFQ","Sell Through solutions","SCM","Non Etimad","SF-2026-2301","205137","28/06/2026"
"Abdulrhman Alshwaier","Saudi Telecommunications Company-STC Group-EBU","Captive Project ITP_1","7-Handover Completed","07/09/2026","30/06/2026","STC & Sub","RFQ","Sell Direct","MPO","Non Etimad","SF-2026-2302","53359370","13/08/2026"
"Abdulrhman Alshwaier","Saudi Telecommunications Company-STC Group-EBU","Infrastructure Enablement MPA - CAM","7-Handover Completed","06/09/2026","30/06/2026","STC & Sub","RFQ","Sell Through solutions","MPO","Non Etimad","SF-2026-2303","775044","01/07/2026"
"Ali Bin Zeair","Saudi Telecommunications Company-STC Group-EBU","Captive Project ITP_2","7-Handover Completed","16/09/2026","30/06/2026","STC & Sub","RFQ","Sell Direct","HRO","Non Etimad","SF-2026-2304","20222253","13/08/2026"
"Abdulrhman Alshwaier","Saudi Telecommunications Company-STC Group-EBU","Captive Project ITP_3","7-Handover Completed","16/09/2026","30/06/2026","STC & Sub","RFQ","Sell Direct","MPO","Non Etimad","SF-2026-2305","6744374","13/08/2026"
"Abdulrhman Alshwaier","Saudi Telecommunications Company-STC Group-EBU","Captive Project ITP_4","7-Handover Completed","17/08/2026","30/06/2026","STC & Sub","RFQ","Sell Direct","MPO","Non Etimad","SF-2026-2306","749544","13/08/2026"
"Ali Bin Zeair","Saudi Telecommunications Company-STC Group-EBU","STCSQR-24354","4-Submitted - Under Evaluation","31/12/2026","30/06/2026","STC & Sub","RFQ","Sell Through solutions","MPO","Non Etimad","SF-2026-2308","200000","02/07/2026"
"Fajer Alsalloum","Saudi Aramco","Additional Budget to 1222","4-Submitted - Under Evaluation","30/11/2026","30/06/2026","Sales & BD 1","RFQ","Sell Through solutions","MPO","Non Etimad","SF-2026-2309","357818","09/07/2026"
"Bayan AlOlayan","Al-Diyar Al-Arabia","4 months extentions","4-Submitted - Under Evaluation","30/09/2026","01/07/2026","Sales & BD 2","RFP","Sell Direct","CLM","Non Etimad","SF-2026-2311","228382","05/07/2026"
"Abdullah Awleyaa","Future investment Initiative","FII HVAC & Electrical PPM & RM","4-Submitted - Under Evaluation","17/11/2026","01/07/2026","Sales & BD 1","RFQ","Sell Direct","Facility Management","Non Etimad","SF-2026-2312","81720","02/07/2026"
"Ali Bin Zeair","Saudi Telecommunications Company-STC Group-EBU","CWBO MS Staff","6-Dropped","18/08/2026","01/07/2026","STC & Sub","RFQ","Sell Direct","MPO","Non Etimad","SF-2026-2313","300000","05/07/2026"
"Bayan AlOlayan","Royal Commission For Riyadh City","STC Outsourcing  (CR 2 months )","4-Submitted - Under Evaluation","30/09/2026","01/07/2026","Sales & BD 2","RFP","Sell Through solutions","MPO","Non Etimad","SF-2026-2314","58661","06/07/2026"
"Osayed Shadid","Konecta","HRO - Services","4-Submitted - Under Evaluation","23/11/2026","02/07/2026","Sales & BD 1","RFQ","Sell Direct","MPO","Non Etimad","SF-2026-2315","401440","31/08/2026"
"Osayed Shadid","Ministry of Industry And Mineral Resources","Institutional Integration ? Framework Agreement","6-Dropped","11/08/2026","02/07/2026","Sales & BD 1","RFP","Sell Direct","MPO","Etimad","SF-2026-2316","3000000","18/07/2026"
"Khalid AlEnezi","AFC Asian Cup Saudi Arabia 2027 Local Organizing committee","Contact Center Governance","4-Submitted - Under Evaluation","30/09/2026","02/07/2026","Sales & BD 2","RFQ","Sell Direct","SCM","Non Etimad","SF-2026-2317","281690","16/07/2026"
"Rawan AlMusayid","Saudi Investment Bank","Infrastructure Operations Support","6-Cancelled","27/08/2026","02/07/2026","Sales & BD 1","RFQ","Sell Direct","MPO","Non Etimad","SF-2026-2318","861899","19/07/2026"
"Fajer Alsalloum","National Water Company","Shared Services - Zamzam","1-Identified","30/11/2026","05/07/2026","Sales & BD 1","RFP","Sell Direct","MPO","Non Etimad","SF-2026-2319","2000000","09/07/2026"
"Malak AlSuhaim","Ministry of Sport","Operation, Maintenance, and Cleaning of King Fahd Sports City in Taif","2-To Be Qualified","30/10/2026","05/07/2026","Sales & BD 2","RFP","Sell Direct","Facility Management","Etimad","SF-2026-2320","3000000","16/07/2026"
"Malak AlSuhaim","Ministry of Sport","Operation, Maintenance, and Cleaning of Al-Khaleej Club in Saihat","2-To Be Qualified","30/10/2026","05/07/2026","Sales & BD 2","RFP","Sell Direct","Facility Management","Etimad","SF-2026-2321","2000000","16/07/2026"
"Khalid AlEnezi","Strategic Management Office","CEDA Resources","6-Dropped","26/08/2026","05/07/2026","Sales & BD 1","RFQ","Sell Through solutions","MPO","Non Etimad","SF-2026-2322","4000000","06/07/2026"
"Khalid AlEnezi","Fund for martyr  wounded POW and Missing in Action","operation of technical infrastructure systems and services for IT management phase2","4-Submitted - Under Evaluation","31/12/2026","05/07/2026","Sales & BD 1","RFP","Sell Direct","MPO","Etimad","SF-2026-2323","6316704","01/09/2026"
"Eman Yousuf","Test","Test","6-Dropped","31/08/2026","06/07/2026","","RFP","Sell Direct","CLM","Non Etimad","SF-2026-2324","0","16/07/2026"
"Ali Bin Zeair","Saudi Telecommunications Company-STC Group-EBU","stc gym project","4-Submitted - Under Evaluation","31/12/2026","06/07/2026","STC & Sub","RFQ","Sell Direct","Facility Management","Non Etimad","SF-2026-2325","8542800","13/07/2026"
"Khalid AlEnezi","General Intelligence Presidency","DMS Resource","4-Submitted - Under Evaluation","30/11/2026","06/07/2026","Sales & BD 1","RFQ","Sell Through solutions","MPO","Non Etimad","SF-2026-2326","962380","07/07/2026"
"Khalid AlEnezi","Ministry of Sport","MOS Resources","7-Handover Completed","08/07/2026","06/07/2026","Sales & BD 2","RFQ","Sell Through Pulse","MPO","Non Etimad","SF-2026-2327","99282","07/07/2026"
"Bayan AlOlayan","Ministry of Municipal And Rural Affairs-Riyadh","Operation of the Innovative Customer Service System","7-Handover Completed","28/07/2026","06/07/2026","Sales & BD 2","RFP","Sell Direct","CLM","Etimad","SF-2026-2328","106955980","12/07/2026"
"Khalid AlEnezi","Ministry of Defense ? Executive Affairs","MOD- STCSQR-24737","4-Submitted - Under Evaluation","26/11/2026","06/07/2026","Sales & BD 1","RFQ","Sell Through solutions","MPO","Non Etimad","SF-2026-2329","293435","08/07/2026"
"Ali Bin Zeair","Pulse by solutions","Reinforcement Activation Brief","7-Handover Completed","28/07/2026","07/07/2026","STC & Sub","RFQ","Sell Direct","Event Management","Non Etimad","SF-2026-2330","38042","09/07/2026"
"Fajer Alsalloum","National Water Company","NWC Additional Space & Upgrade","7-Handover Completed","11/08/2026","07/07/2026","Sales & BD 1","RFQ","Sell Through solutions","Facility Management","Non Etimad","SF-2026-2331","6857914","12/07/2026"
"Abdulrhman Alshwaier","Saudi Telecommunications Company-STC Group-EBU","Mega project renewal","7-Handover Completed","02/09/2026","07/07/2026","STC & Sub","RFQ","Sell Through solutions","MPO","Non Etimad","SF-2026-2332","3209160","09/07/2026"
"Mohammad Alajlan","Solutions by stc","Cybersecurity GRC Consultant - solutions Manpower 1267","4-Submitted - Under Evaluation","07/10/2026","07/07/2026","STC & Sub","RFQ","Sell Direct","MPO","Non Etimad","SF-2026-2333","661289","08/07/2026"
"Abdullah Alfawaz","Bisha University","????? ????? ????? ????? ??????? ????????? ???????? ?????????? - ????? ????","6-Dropped","26/07/2026","07/07/2026","Sales & BD 2","RFP","Sell Direct","MPO","Etimad","SF-2026-2334","5000000","20/07/2026"
"Rawan AlMusayid","Digital Government Authority","CR 4","4-Submitted - Under Evaluation","31/10/2026","07/07/2026","Sales & BD 1","RFQ","Sell Through solutions","MPO","Non Etimad","SF-2026-2335","2543102","13/07/2026"
"Mohammad Alajlan","Saudi Telecommunications Company-STC Group-EBU","stc BFM 1642","7-Handover Completed","23/08/2026","07/07/2026","STC & Sub","RFQ","Sell Through solutions","MPO","Non Etimad","SF-2026-2336","5225000","08/07/2026"
"Mohammad Alajlan","Saudi Telecommunications Company-STC Group-EBU","CAM stc 1404","6-Dropped","06/09/2026","07/07/2026","STC & Sub","RFQ","Sell Through solutions","MPO","Non Etimad","SF-2026-2337","775044","08/07/2026"
"Ali Bin Zeair","Solutions by stc","STCSQR-24869","7-Handover Completed","16/07/2026","07/07/2026","STC & Sub","RFQ","Sell Direct","MPO","Non Etimad","SF-2026-2338","207574","09/07/2026"
"Fajer Alsalloum","SAUDI BASIC INDUSTRIES CO.(SABIC)","SABIC WOs Batch 5","7-Handover Completed","12/07/2026","07/07/2026","Sales & BD 1","RFQ","Sell Direct","MPO","Non Etimad","SF-2026-2339","1093729","09/07/2026"
"Raed Hammad","iotsquered","program manager","6-Cancelled","19/08/2026","07/07/2026","STC & Sub","RFP","Sell Direct","MPO","Non Etimad","SF-2026-2340","100000","12/07/2026"
"Fajer Alsalloum","National Water Company","NWC ITMS Facility Capex","6-Cancelled","12/07/2026","08/07/2026","Sales & BD 1","RFQ","Sell Through solutions","Facility Management","Non Etimad","SF-2026-2341","6823394","12/07/2026"
"Bayan AlOlayan","Alhasa Municipality","Operation of customer service 940","1-Identified","30/11/2026","08/07/2026","Sales & BD 2","RFP","Sell Direct","CLM","Etimad","SF-2026-2342","9000000","23/07/2026"
"Khalid AlEnezi","Ministry of Defense ? Executive Affairs","WH- VSAT Project","7-Handover Completed","26/07/2026","08/07/2026","Sales & BD 1","RFQ","Sell Through solutions","SCM","Non Etimad","SF-2026-2343","150000","18/07/2026"
"Khalid AlEnezi","Initiatives Management Office IMO","Change Request","4-Submitted - Under Evaluation","30/09/2026","08/07/2026","Sales & BD 1","RFQ","Sell Through solutions","MPO","Non Etimad","SF-2026-2344","546994","12/07/2026"
"Fajer Alsalloum","Saudi Aramco","DMM Warehouse May26","2-To Be Qualified","30/09/2026","09/07/2026","Sales & BD 1","RFQ","Sell Through solutions","SCM","Non Etimad","SF-2026-2345","7260","12/07/2026"
"Fajer Alsalloum","Electricity Regulatory and Cogeneration Authority","Support & Analytics Monitoring Center","4-Submitted - Under Evaluation","31/10/2026","09/07/2026","Sales & BD 1","RFP","Sell Direct","MPO","Etimad","SF-2026-2346","5748796","13/08/2026"
"Mohammad Alajlan","Saudi Telecommunications Company-STC Group-EBU","STC - (TQA Process Enhancement) MSAS","4-Submitted - Under Evaluation","08/10/2026","09/07/2026","STC & Sub","RFQ","Sell Through solutions","MPO","Non Etimad","SF-2026-2347","600000","12/07/2026"
"Khalid AlEnezi","Ministry of Defense - Medical Services","MSD- Furniture Pass through Project","4-Submitted - Under Evaluation","30/09/2026","09/07/2026","Sales & BD 1","RFQ","Sell Through solutions","SCM","Non Etimad","SF-2026-2348","600000","12/07/2026"
"Fajer Alsalloum","National Water Company","QA Transformation & Testing Center of Excellence","4-Submitted - Under Evaluation","31/10/2026","09/07/2026","Sales & BD 1","RFP","Sell Direct","MPO","Non Etimad","SF-2026-2349","30065389","21/07/2026"
"Raed Hammad","Center3","MPO Resource Support Service","7-Handover Completed","19/07/2026","09/07/2026","STC & Sub","RFQ","Sell Direct","MPO","Non Etimad","SF-2026-2350","4000000","13/07/2026"
"Osayed Shadid","Center for National Health Insurance","????? ????? ?????? ??????? ??????? ????? ???????? ?? ????? ???????","6-Dropped","13/07/2026","12/07/2026","Sales & BD 1","RFP","Sell Direct","SCM","Etimad","SF-2026-2351","0","12/07/2026"
"Osayed Shadid","Ministry of Health","????? ????? ?????? ?????? ???? ???? ????????","6-Dropped","13/07/2026","12/07/2026","Sales & BD 1","RFP","Sell Direct","SCM","Etimad","SF-2026-2352","0","12/07/2026"
"Osayed Shadid","Najran Health Affairs","????? ?????? ?????? ??????? ?? ?????????? ?????? ?????? ?????????? ???????? ????? ????? ?????","6-Dropped","13/07/2026","12/07/2026","Sales & BD 1","RFP","Sell Direct","SCM","Etimad","SF-2026-2353","0","12/07/2026"
"Osayed Shadid","Najran Health Affairs","????? ??????? ???????? ??????? ?????? ??????? SPP ( IV THERAPY ) ?????? ?????? ?????????? ???????? ????? ????? ?????","6-Dropped","13/07/2026","12/07/2026","Sales & BD 1","RFP","Sell Direct","SCM","Etimad","SF-2026-2354","0","12/07/2026"
"Osayed Shadid","Najran Health Affairs","????? ??????? ???????? ??????? ??????? SPP ?????? ?????? ?????????? ???????? ????? ????? ?????","6-Dropped","13/07/2026","12/07/2026","Sales & BD 1","RFP","Sell Direct","SCM","Etimad","SF-2026-2355","0","12/07/2026"
"Osayed Shadid","MOI MEDICAL SERVICES  SECURITY FORCES HOSPITALS","?????? ????? ??? ????? ???? ????? ????? ?????? ???????? ????? ????? ????????  (EIS/PACS) ?? ??????? ?????? ?????? ??????","6-Dropped","13/07/2026","12/07/2026","Sales & BD 1","RFP","Sell Direct","SCM","Etimad","SF-2026-2356","0","12/07/2026"
"Osayed Shadid","Insurance Authority","????? ?????? ?????? ????? ????? ???????? ?????????","6-Dropped","13/07/2026","12/07/2026","Sales & BD 1","RFP","Sell Direct","F&A","Etimad","SF-2026-2357","0","12/07/2026"
"Osayed Shadid","Insurance Authority","????? ???? ????? ????? ???????","6-Dropped","13/07/2026","12/07/2026","Sales & BD 1","RFP","Sell Direct","F&A","Etimad","SF-2026-2358","0","12/07/2026"
"Ali Bin Zeair","Saudi Telecommunications Company-STC Group-EBU","OP-2026-161998","4-Submitted - Under Evaluation","31/12/2026","12/07/2026","STC & Sub","RFQ","Sell Through solutions","MPO","Non Etimad","SF-2026-2359","9102271","15/07/2026"
"Osayed Shadid","Zakat, Tax and Custom Authority","????? ????? ?????? ????? ???????? ??????? 2026","6-Dropped","23/07/2026","12/07/2026","Sales & BD 1","RFP","Sell Direct","SCM","Etimad","SF-2026-2360","0","12/07/2026"
"Osayed Shadid","Zakat, Tax and Custom Authority","??????? ??? ???? ????? ?????? ???????","6-Dropped","23/07/2026","12/07/2026","Sales & BD 1","RFP","Sell Direct","CLM","Etimad","SF-2026-2361","0","12/07/2026"
"Osayed Shadid","Zakat, Tax and Custom Authority","??????? ???? ?????? ????????? ?????? ????? ??????? ?????? ????? ???????","6-Dropped","23/07/2026","12/07/2026","Sales & BD 1","RFP","Sell Direct","SCM","Etimad","SF-2026-2362","0","12/07/2026"
"Osayed Shadid","Saudi Post","????? ??????? ???? ????? ?????? ????? ????? ???? ?????","6-Dropped","23/07/2026","12/07/2026","Sales & BD 1","RFP","Sell Direct","SCM","Etimad","SF-2026-2363","0","12/07/2026"
"Osayed Shadid","Ministry of Transportation","????? ????? ?????? ????? ???????? ??? ???? (dTIMS)","6-Dropped","23/07/2026","12/07/2026","Sales & BD 1","RFP","Sell Direct","SCM","Etimad","SF-2026-2364","0","12/07/2026"
"Osayed Shadid","Saudi Food & Drug Authority - SFDA","????? ????? ????? ????? ?????","6-Dropped","23/07/2026","12/07/2026","Sales & BD 1","RFP","Sell Direct","SCM","Etimad","SF-2026-2365","0","12/07/2026"
"Khalid AlEnezi","Almosafer Travel and Tourism Company closed joint stock","Contact Center Systems","6-Dropped","27/08/2026","13/07/2026","Sales & BD 2","RFI","Sell Direct","CLM","Non Etimad","SF-2026-2366","2000000","26/08/2026"
"Abdulrhman Alshwaier","Saudi Telecommunications Company-STC Group-EBU","Captive Project AI -1","7-Handover Completed","26/07/2026","13/07/2026","STC & Sub","RFQ","Sell Through solutions","HRO","Non Etimad","SF-2026-2367","52993390","24/07/2026"
"Abdulrhman Alshwaier","Saudi Telecommunications Company-STC Group-EBU","FOM 2025 BAU","7-Handover Completed","25/08/2026","13/07/2026","STC & Sub","RFQ","Sell Through solutions","HRO","Non Etimad","SF-2026-2368","5880046","06/08/2026"
"Rawan AlMusayid","Ministry of Economy & Planning","????? ????? ????? ??????? ??????????","6-Dropped","14/07/2026","13/07/2026","Sales & BD 1","RFP","Sell Direct","SCM","Etimad","SF-2026-2369","0","14/07/2026"
"Rawan AlMusayid","Saudi Credit Bank","????? ??????? ?????? ????? ????? ??????? ????????","6-Dropped","14/07/2026","13/07/2026","Sales & BD 1","RFP","Sell Direct","SCM","Etimad","SF-2026-2370","0","14/07/2026"
"Rawan AlMusayid","Ministry of Investment","????? ????? ?????? ?????????? ?????? ???????? ????????","6-Dropped","14/07/2026","13/07/2026","Sales & BD 1","RFP","Sell Direct","SCM","Etimad","SF-2026-2371","0","13/07/2026"
"Fajer Alsalloum","Ministry of Energy","????? ????? ???????? ???????? ??????? ??????? ???????? ????? ??????? ??????? ??????????","6-Dropped","28/08/2026","13/07/2026","Sales & BD 1","RFP","Sell Direct","SCM","Etimad","SF-2026-2372","0","14/05/2026"
"Fajer Alsalloum","Ministry of Energy","????? ???? ????? ????? ????? ????? ????????? ??????? ??????","6-Dropped","28/08/2026","13/07/2026","Sales & BD 1","RFP","Sell Direct","SCM","Etimad","SF-2026-2373","0","23/04/2026"
"Fajer Alsalloum","Ministry of Energy","????? ????? ????? ??????? ??????? ???????? ??????? ?????? ??????","6-Dropped","14/07/2026","13/07/2026","Sales & BD 1","RFP","Sell Direct","SCM","Non Etimad","SF-2026-2374","0","07/06/2026"
"Fajer Alsalloum","Ministry of Energy","????? ?????? ???????? ?????? ????? ????? ??????? ???? 2026","6-Dropped","28/08/2026","13/07/2026","Sales & BD 1","RFP","Sell Direct","SCM","Non Etimad","SF-2026-2375","0","07/06/2026"
"Fajer Alsalloum","Ministry of Energy","????? ????? ????? ?????? ?????? ?????? ?????? ?????? ??????? 2026","6-Dropped","28/08/2026","13/07/2026","Sales & BD 1","RFP","Sell Direct","SCM","Etimad","SF-2026-2376","0","08/08/2026"
"Ali Bin Zeair","Solutions by stc","STCQR-24675","7-Handover Completed","16/07/2026","13/07/2026","STC & Sub","RFQ","Sell Direct","SCM","Non Etimad","SF-2026-2377","228984","14/07/2026"
"Ali Bin Zeair","Solutions by stc","STCQR-24714","7-Handover Completed","16/07/2026","13/07/2026","STC & Sub","RFQ","Sell Direct","SCM","Non Etimad","SF-2026-2378","396153","15/07/2026"
"Bayan AlOlayan","Real Estate General Authority","Renewal of Licenses and Provision of Technical Support Services for the Intifa'a Platform.","6-Dropped","13/07/2026","13/07/2026","Sales & BD 2","RFP","Sell Through solutions","CLM","Etimad","SF-2026-2379","0","05/05/2026"
"Bayan AlOlayan","Riyadh infostructure project center","Operation and Development of Traffic Management, Accident Management, and Encroachment Services","6-Dropped","13/07/2026","13/07/2026","Sales & BD 2","RFP","Sell Through solutions","CLM","Etimad","SF-2026-2380","0","21/05/2026"
"Bayan AlOlayan","Royal Commission For Jubail & Yanbu - Yanbu","Licensing of Educational and Academic Software for the Education Sector Departments.","6-Dropped","13/07/2026","13/07/2026","Sales & BD 2","RFP","Sell Through solutions","CLM","Etimad","SF-2026-2381","0","27/05/2026"
"Bayan AlOlayan","Medina Municipality","Operation and Development of the Engineering Offices Governance System for the Madinah Region Municipality","6-Dropped","23/08/2026","13/07/2026","Sales & BD 2","RFP","Sell Through solutions","CLM","Etimad","SF-2026-2382","0","24/06/2026"
"Bayan AlOlayan","National Center of Non-Profit Sector","Operation and Development of the Engineering Offices Governance System","6-Dropped","13/07/2026","13/07/2026","Sales & BD 2","RFP","Sell Through solutions","CLM","Etimad","SF-2026-2383","0","24/06/2026"
"Bayan AlOlayan","Jeddah Municipality","Provision of Cybersecurity Protection Services and Technical Support.","6-Dropped","13/07/2026","13/07/2026","Sales & BD 2","RFP","Sell Through solutions","CLM","Etimad","SF-2026-2384","0","09/07/2026"
"Bayan AlOlayan","SDAIA - National Information Center","Supply and Installation of Computer Networks ? Phase Three","6-Dropped","13/07/2026","13/07/2026","Sales & BD 2","RFP","Sell Through solutions","CLM","Etimad","SF-2026-2385","0","09/04/2026"
"Rawan AlMusayid","Saudi Water Authority","????? ????? ????? ?????? ????? ????????? ??????? ????? ???? ????? ????????","6-Dropped","13/07/2026","13/07/2026","Sales & BD 1","RFP","Sell Direct","SCM","Etimad","SF-2026-2386","0","13/07/2026"
"Rawan AlMusayid","Ministry of Investment","?????? ?????? ??????? ?????? ?????????  ????? ?????? ?? ????????  ?? ????? ?????","6-Dropped","13/07/2026","13/07/2026","Sales & BD 1","RFP","Sell Direct","SCM","Etimad","SF-2026-2387","0","13/07/2026"
"Rawan AlMusayid","Agricultural Development Fund","????? ????? ??????? ????? ????? ??????? ??????????? (Renewal Microsoft Unified Support)","6-Dropped","13/07/2026","13/07/2026","Sales & BD 1","RFP","Sell Direct","SCM","Etimad","SF-2026-2388","0","13/07/2026"
"Rawan AlMusayid","Agricultural Development Fund","????? ????? ??????? ????? ????? ??????? ??????????? (Renewal Microsoft Unified Support)","6-Dropped","13/07/2026","13/07/2026","Sales & BD 1","RFP","Sell Direct","SCM","Etimad","SF-2026-2389","0","13/07/2026"
"Rawan AlMusayid","Agricultural Development Fund","????? ?????? ????? ????? ?????? ?????????? ?????? ????????? ?????? ?????","6-Dropped","13/07/2026","13/07/2026","Sales & BD 1","RFP","Sell Direct","SCM","Etimad","SF-2026-2390","0","13/07/2026"
"Rawan AlMusayid","Small and Medium Enterprises General Authority","????? ?????? ??????? ???????? ??????","6-Dropped","13/07/2026","13/07/2026","Sales & BD 2","RFP","Sell Direct","SCM","Etimad","SF-2026-2392","0","13/07/2026"
"Rawan AlMusayid","Small and Medium Enterprises General Authority","????? ??????? ??????? ?????? ??????? ?????????","6-Dropped","13/07/2026","13/07/2026","Sales & BD 2","RFP","Sell Direct","SCM","Etimad","SF-2026-2393","0","13/07/2026"
"Bayan AlOlayan","SDAIA - National Information Center","Arabic Data Availability and Quality Enhancement Project for Training Arabic Language Technologies","6-Dropped","13/07/2026","13/07/2026","Sales & BD 2","RFP","Sell Direct","CLM","Etimad","SF-2026-2394","0","29/04/2026"
"Rawan AlMusayid","Ministry of Commerce","????? ????? ????? ??????? ??????????? 2026","6-Dropped","13/07/2026","13/07/2026","Sales & BD 1","RFP","Sell Direct","SCM","Etimad","SF-2026-2395","0","13/07/2026"
"Rawan AlMusayid","National Center For Public Agencies Performance Measurement","????? ????? ??????? ?????? ?? ???? ?????? ?????? ?????? ??????? ???? ?????? 2026?","6-Dropped","13/07/2026","13/07/2026","Sales & BD 1","RFP","Sell Direct","SCM","Etimad","SF-2026-2396","0","13/07/2026"
"Bayan AlOlayan","SDAIA - National Information Center","Preparation and Development of the Wired and Wireless Network Infrastructure ? Phase Two","6-Dropped","13/07/2026","13/07/2026","Sales & BD 2","RFP","Sell Through solutions","CLM","Etimad","SF-2026-2397","0","01/05/2026"
"Rawan AlMusayid","The Saudi Standards Metrology and Quality Organization","????? ????? ?????? ????? ???????? ????? ?????? ????? ??????? ??????? ????????","6-Dropped","13/07/2026","13/07/2026","Sales & BD 1","RFP","Sell Direct","SCM","Etimad","SF-2026-2398","0","13/07/2026"
"Bayan AlOlayan","SDAIA - National Information Center","Network Time Synchronization System","6-Dropped","13/07/2026","13/07/2026","Sales & BD 2","RFP","Sell Direct","CLM","Etimad","SF-2026-2399","0","27/04/2026"
"Rawan AlMusayid","The Saudi Standards Metrology and Quality Organization","????? ????? ????? ????? ???","6-Dropped","13/07/2026","13/07/2026","Sales & BD 1","RFP","Sell Direct","SCM","Etimad","SF-2026-2400","0","13/07/2026"
"Bayan AlOlayan","SDAIA - National Information Center","High-Performance Computing Capacity Provision Project for Artificial Intelligence ? Phase Two","6-Dropped","13/07/2026","13/07/2026","Sales & BD 2","RFP","Sell Through solutions","CLM","Etimad","SF-2026-2401","0","14/05/2026"
"Bayan AlOlayan","MOI - Prisons","Supply of a Central Television Channel Control System for the General Directorate of Prisons","6-Dropped","13/07/2026","13/07/2026","Sales & BD 2","RFP","Sell Direct","CLM","Etimad","SF-2026-2402","0","30/04/2026"
"Bayan AlOlayan","MOI - Prisons","Maintenance and Operation of Inspection Equipment and Its Accessories for the General Directorate of Prisons and All Its","6-Dropped","13/07/2026","13/07/2026","Sales & BD 2","RFP","Sell Through solutions","CLM","Etimad","SF-2026-2403","0","14/05/2026"
"Bayan AlOlayan","MOI - Prisons","Operation of Cybersecurity Systems","6-Dropped","13/07/2026","13/07/2026","Sales & BD 2","RFP","Sell Through solutions","CLM","Non Etimad","SF-2026-2404","0","01/06/2026"
"Bayan AlOlayan","MOI - Prisons","Development, Supply, Installation, and Commissioning of the IP Telephony","6-Dropped","13/07/2026","13/07/2026","Sales & BD 2","RFP","Sell Through solutions","CLM","Etimad","SF-2026-2405","0","02/06/2026"
"Bayan AlOlayan","MOI - Prisons","Maintenance and Operation of Communication Systems and Their Accessories for the General Directorate of Prisons and Its","6-Dropped","13/07/2026","13/07/2026","Sales & BD 2","RFP","Sell Through solutions","CLM","Etimad","SF-2026-2406","0","02/06/2026"
"Bayan AlOlayan","MOI - Prisons","Supply, Installation, and Commissioning of Metal and Contraband Detection Devices for Selected Prisons","6-Dropped","13/07/2026","13/07/2026","Sales & BD 2","RFP","Sell Through solutions","CLM","Etimad","SF-2026-2407","0","06/05/2026"
"Bayan AlOlayan","MOI - Prisons","Supply, Installation, and Commissioning of Metal and Contraband Detection Devices for the Deportation Holding Facility a","6-Dropped","13/07/2026","13/07/2026","Sales & BD 2","RFP","Sell Direct","CLM","Etimad","SF-2026-2408","0","06/06/2026"
"Bayan AlOlayan","MOI - Prisons","Renewal and Upgrade of the Web Application Vulnerability Assessment System","6-Dropped","14/07/2026","13/07/2026","Sales & BD 2","RFP","Sell Direct","CLM","Etimad","SF-2026-2409","0","14/07/2026"
"Bayan AlOlayan","MOI - Prisons","Renewal and Upgrade of the DDoS Protection and Mitigation System","6-Dropped","13/07/2026","13/07/2026","Sales & BD 2","RFP","Sell Direct","CLM","Etimad","SF-2026-2410","0","02/06/2026"
"Bayan AlOlayan","Ministry of Hajj","Malware Protection and Response System Project","6-Dropped","14/07/2026","13/07/2026","Sales & BD 2","RFP","Sell Through solutions","CLM","Etimad","SF-2026-2411","0","14/07/2026"
"Abdullah Alfawaz","MOI - Prisons","Maintenance of Administrative Systems","1-Identified","25/12/2026","13/07/2026","Sales & BD 2","RFP","Sell Through solutions","CLM","Etimad","SF-2026-2412","0","06/10/2026"
"Bayan AlOlayan","Ministry of Hajj","Provision of Technical Requirements for the Command and Control","6-Dropped","13/07/2026","13/07/2026","Sales & BD 2","RFP","Sell Direct","CLM","Etimad","SF-2026-2413","0","15/05/2026"
"Bayan AlOlayan","SDAIA - National Information Center","Media Monitoring","6-Dropped","13/07/2026","13/07/2026","Sales & BD 2","RFP","Sell Direct","CLM","Etimad","SF-2026-2414","0","16/05/2026"
"Bayan AlOlayan","Ministry of Hajj","IT Services Operation Project","6-Dropped","13/07/2026","13/07/2026","Sales & BD 2","RFP","Sell Through solutions","CLM","Etimad","SF-2026-2415","0","06/05/2026"
"Saad Algadhi","Saudi Broadcasting Authority","Technical support for AVID systems","6-Dropped","14/07/2026","13/07/2026","Sales & BD 2","RFP","Sell Direct","SCM","Non Etimad","SF-2026-2416","1000000","13/07/2026"
"Khalid AlEnezi","Saudi Broadcasting Authority","Technical support for Vizrt graphics systems","1-Identified","31/12/2026","13/07/2026","Sales & BD 2","RFP","Sell Direct","SCM","Etimad","SF-2026-2417","1000000","13/07/2026"
"Khalid AlEnezi","Council of Ministers","Project for Providing Technical Support Services for the Internal Portal","6-Dropped","26/08/2026","13/07/2026","Sales & BD 1","RFP","Sell Direct","SCM","Etimad","SF-2026-2418","1000000","13/07/2026"
"Khalid AlEnezi","MOD - Armed Forces","Digital Transformation Assessment","6-Dropped","26/08/2026","13/07/2026","Sales & BD 1","RFP","Sell Direct","SCM","Etimad","SF-2026-2419","1000000","13/07/2026"
"Khalid AlEnezi","Tourism Development Fund","Technical Support and Development for the Temenos T24 Core Banking System (2027)","2-To Be Qualified","31/12/2026","13/07/2026","Sales & BD 2","RFP","Sell Direct","F&A","Etimad","SF-2026-2420","1000000","16/07/2026"
"Khalid AlEnezi","General Authority for Military Industries","Development, Technical Support, and Hosting Services for the Authority's External Main Portal (2026)","6-Dropped","19/08/2026","13/07/2026","Sales & BD 1","RFP","Sell Direct","SCM","Etimad","SF-2026-2421","1000000","13/07/2026"
"Khalid AlEnezi","Jockey Club of Saudi Arabia","Technical Support Services for the Financial and Procurement System","2-To Be Qualified","30/12/2026","13/07/2026","Sales & BD 2","RFP","Sell Direct","F&A","Etimad","SF-2026-2422","2000000","05/10/2026"
"Khalid AlEnezi","General Authority for Military Industries","Renewal of Licenses and Technical Support for Network Infrastructure","6-Dropped","19/08/2026","13/07/2026","Sales & BD 1","RFP","Sell Direct","SCM","Etimad","SF-2026-2423","1000000","13/07/2026"
"Khalid AlEnezi","Saudi Broadcasting Authority","Preparation of Saudi Broadcasting Authority Sites at the Holy Sites for Hajj 1447 AH","2-To Be Qualified","31/12/2026","13/07/2026","Sales & BD 2","RFP","Sell Direct","Facility Management","Etimad","SF-2026-2424","1000000","13/07/2026"
"Khalid AlEnezi","MOD - Armed Forces","Engineering and Technical Training Courses","6-Dropped","26/08/2026","13/07/2026","Sales & BD 1","RFP","Sell Direct","HRO","Etimad","SF-2026-2425","1000000","13/07/2026"
"Khalid AlEnezi","General Secretariat of the National Risk Council","Maintenance and Technical Support for the Equipment of the Crisis Management and Operations Rooms at the Disaster and Cr","2-To Be Qualified","29/10/2026","13/07/2026","Sales & BD 1","RFP","Sell Direct","Facility Management","Etimad","SF-2026-2426","2000000","06/08/2026"
"Abdullah Alfawaz","Ministry of Culture","Management, Operation, Maintenance, and Development Services for the Fund Portal and Automated Services Project","6-Dropped","23/08/2026","13/07/2026","Sales & BD 2","RFP","Sell Direct","SCM","Etimad","SF-2026-2427","1000000","13/07/2026"
"Abdullah Alfawaz","Ministry of Culture","Operation, Maintenance, and Management of Infrastructure, Automation, and Development of Digital Transformation Systems","6-Dropped","23/08/2026","13/07/2026","Sales & BD 2","RFP","Sell Direct","SCM","Etimad","SF-2026-2428","1000000","13/07/2026"
"Khalid AlEnezi","General Authority for Military Industries","Licenses for the IT Service Management System","6-Dropped","19/08/2026","13/07/2026","Sales & BD 1","RFP","Sell Direct","SCM","Etimad","SF-2026-2429","1000000","13/07/2026"
"Khalid AlEnezi","Presidency of State Security.","License Renewal, Technical Support, and Maintenance Services for the Educational System at Naif College for National Sec","6-Dropped","26/08/2026","13/07/2026","Sales & BD 1","RFP","Sell Direct","SCM","Etimad","SF-2026-2430","1000000","13/07/2026"
"Khalid AlEnezi","Decision support center","Technical Support and Operations Services for the Integration System","6-Dropped","26/08/2026","13/07/2026","Sales & BD 1","RFP","Sell Direct","SCM","Etimad","SF-2026-2431","1000000","13/07/2026"
"Khalid AlEnezi","Ministry of National Guard","Operation and Maintenance of the IT Service Management Tools","6-Dropped","26/08/2026","13/07/2026","Sales & BD 1","RFP","Sell Direct","SCM","Etimad","SF-2026-2432","1000000","13/07/2026"
"Khalid AlEnezi","Saudi Broadcasting Authority","Technical support for central livestreaming","2-To Be Qualified","30/11/2026","13/07/2026","Sales & BD 2","RFP","Sell Direct","Facility Management","Etimad","SF-2026-2433","1000000","31/07/2026"
"Rawan AlMusayid","King Salman Royal Reserve","????? ????? ?????? ??????? ???? ????? ????? ??? ?????? ??????? ???? 2026","6-Dropped","14/07/2026","14/07/2026","Sales & BD 1","RFP","Sell Direct","SCM","Etimad","SF-2026-2434","0","14/07/2026"
"Ali Bin Zeair","Saudi Telecommunications Company-STC Group-EBU","OP-2026-164337","4-Submitted - Under Evaluation","31/12/2026","14/07/2026","STC & Sub","RFQ","Sell Through solutions","MPO","Non Etimad","SF-2026-2435","686137","16/07/2026"
"Fajer Alsalloum","Ministry of Energy","????? ????? ????? ??????? ??????? ???????? ??????? ?????? ??????","6-Dropped","15/07/2026","14/07/2026","Sales & BD 1","RFP","Sell Direct","SCM","Etimad","SF-2026-2436","0","07/07/2026"
"Fajer Alsalloum","Ministry of Energy","????? ?????? ???????? ?????? ????? ????? ??????? ???? 2026","6-Dropped","15/07/2026","14/07/2026","Sales & BD 1","RFP","Sell Direct","MPO","Non Etimad","SF-2026-2437","0","08/07/2026"
"Rawan AlMusayid","Economic Cities Authority","????? ???????? ??????? ???????? ?????? ?????? ?????? ??? ???? ????? ???????? ?????????? ??????","6-Dropped","15/07/2026","14/07/2026","Sales & BD 1","RFP","Sell Direct","SCM","Etimad","SF-2026-2438","0","07/07/2026"
"Rawan AlMusayid","Economic Cities Authority","????? ????? ????? ?????? ??????? ????????","6-Dropped","15/07/2026","14/07/2026","Sales & BD 1","RFP","Sell Direct","SCM","Etimad","SF-2026-2439","0","07/07/2026"
"Osayed Shadid","Center for National Health Insurance","????? ?????? ????????? ??????? ??????? ?????? ????? (????)","6-Dropped","15/07/2026","14/07/2026","Sales & BD 1","RFP","Sell Direct","SCM","Etimad","SF-2026-2440","0","07/07/2026"
"Bayan AlOlayan","Ministry of Human Resources & Social Development HRSD","IT Operations Management Operations and Maintenance Project","1-Identified","31/12/2026","14/07/2026","Sales & BD 2","RFP","Sell Direct","SCM","Etimad","SF-2026-2441","1000000","14/07/2026"
"Bayan AlOlayan","Ministry of Human Resources & Social Development HRSD","Beneficiary Voice System Operations and Maintenance Project","2-To Be Qualified","31/12/2026","14/07/2026","Sales & BD 2","RFP","Sell Direct","SCM","Etimad","SF-2026-2442","1000000","14/07/2026"
"Bayan AlOlayan","Ministry of Human Resources & Social Development HRSD","Operation and Maintenance Project for the Ministry Sectors' Systems for Data Quality Improvement and Cleansing","2-To Be Qualified","31/12/2026","14/07/2026","Sales & BD 2","RFP","Sell Direct","SCM","Etimad","SF-2026-2443","1000000","14/07/2026"
"Bayan AlOlayan","Ministry of Human Resources & Social Development HRSD","Operation and Maintenance Project for Social Development Services","2-To Be Qualified","31/12/2026","14/07/2026","Sales & BD 2","RFP","Sell Direct","SCM","Etimad","SF-2026-2444","1000000","14/07/2026"
"Bayan AlOlayan","Ministry of Human Resources & Social Development HRSD","Operation and Maintenance of Artificial Intelligence Services","2-To Be Qualified","31/12/2026","14/07/2026","Sales & BD 2","RFP","Sell Direct","SCM","Etimad","SF-2026-2445","1000000","14/07/2026"
"Bayan AlOlayan","Ministry of Human Resources & Social Development HRSD","Data Layer Operations Project","2-To Be Qualified","31/12/2026","14/07/2026","Sales & BD 2","RFP","Sell Direct","SCM","Etimad","SF-2026-2446","1000000","14/07/2026"
"Khalid AlEnezi","Saudi Esports Federation","EF Hardware Assets & IT Licenses","1-Identified","29/10/2026","14/07/2026","Sales & BD 2","RFP","Sell Direct","SCM","Non Etimad","SF-2026-2447","3000000","29/07/2026"
"Khalid AlEnezi","Initiatives Management Office IMO","DevOps Portal Operations, Support, and Enhancement Project","6-Dropped","20/07/2026","14/07/2026","Sales & BD 1","RFQ","Sell Direct","MPO","Non Etimad","SF-2026-2448","1000000","14/07/2026"
"Ali Bin Zeair","Solutions by stc","Internal Audit Plan Execution Support","7-Handover Completed","23/07/2026","15/07/2026","STC & Sub","RFQ","Sell Direct","F&A","Non Etimad","SF-2026-2449","394573","16/07/2026"
"Meshari Aljurbua","iotsquered","BMS Project","4-Submitted - Under Evaluation","13/10/2026","15/07/2026","STC & Sub","RFQ","Sell Direct","MPO","Non Etimad","SF-2026-2450","1699769","19/07/2026"
"Mohammad Alajlan","Saudi Telecommunications Company-STC Group-EBU","Digital GTM Engine Build-up","7-Handover Completed","12/08/2026","15/07/2026","STC & Sub","RFQ","Sell Through solutions","MPO","Non Etimad","SF-2026-2451","473088","19/07/2026"
"Meshari Aljurbua","Devoteam Company Saudi Limited","REGA Customer Services Center Operations - Devoteam","6-Cancelled","19/08/2026","16/07/2026","STC & Sub","RFQ","Sell Direct","MPO","Non Etimad","SF-2026-2452","114908","19/07/2026"
"Mohammad Alajlan","Solutions by stc","STCSQR-24866","7-Handover Completed","27/08/2026","16/07/2026","STC & Sub","RFQ","Sell Direct","MPO","Non Etimad","SF-2026-2453","1057487","20/07/2026"
"Bayan AlOlayan","Ministry of Human Resources & Social Development HRSD","O&M of HRDF Contact Center and Jadarat Platform","1-Identified","29/10/2026","16/07/2026","Sales & BD 2","RFP","Sell Direct","CLM","Etimad","SF-2026-2454","2000000","19/07/2026"
"Bayan AlOlayan","National Center For Government Resources System","NCGR UMS Renewal 42","4-Submitted - Under Evaluation","30/12/2026","16/07/2026","Sales & BD 2","RFQ","Sell Through solutions","Facility Management","Non Etimad","SF-2026-2455","12155914","23/07/2026"
"Bayan AlOlayan","Ministry of Human Resources & Social Development HRSD","Sustainable Operation of the Delni Center for Entrepreneurs ? 2026","2-To Be Qualified","29/10/2026","16/07/2026","Sales & BD 2","RFP","Sell Direct","CLM","Etimad","SF-2026-2456","15000000","22/07/2026"
"Khalid AlEnezi","General Intelligence Presidency","Basic Contact Center Training","2-To Be Qualified","30/11/2026","18/07/2026","Sales & BD 1","RFQ","Sell Direct","CLM","Non Etimad","SF-2026-2457","200000","22/07/2026"
"Malak AlSuhaim","Ministry of Culture","Royal Arts Complex","2-To Be Qualified","30/11/2026","18/07/2026","Sales & BD 2","RFP","Sell Through STC","MPO","Non Etimad","SF-2026-2458","2000000","23/07/2026"
"Malak AlSuhaim","Ministry of Culture","Operational Services for the Maintenance and Activation of Academic Laboratories and Academic Operations Equipment","1-Identified","30/11/2026","18/07/2026","Sales & BD 2","RFP","Sell Direct","Facility Management","Non Etimad","SF-2026-2459","1000000","27/07/2026"
"Khalid AlEnezi","General Commission for Audiovisual Media","Media Job Classification and Employee Registration Incentive Program","2-To Be Qualified","31/12/2026","18/07/2026","Sales & BD 2","RFI","Sell Through STC","MPO","Non Etimad","SF-2026-2460","1000000","23/07/2026"
"Ali Bin Zeair","Solutions by stc","STCQR-24800","7-Handover Completed","20/07/2026","19/07/2026","STC & Sub","RFQ","Sell Direct","SCM","Non Etimad","SF-2026-2461","315597","19/07/2026"
"Abdullah Alfawaz","Tabuk Emirates","??????? ??????? ????? ?????? ???????? ???? ????? ????? ????","6-Dropped","23/08/2026","19/07/2026","Sales & BD 2","RFP","Sell Direct","MPO","Etimad","SF-2026-2462","0","10/04/2026"
"Abdullah Alfawaz","King Saud University","????? ????? ?????? ???? ?????? ?????????? 1447???","6-Dropped","23/08/2026","19/07/2026","Sales & BD 2","RFP","Sell Direct","MPO","Etimad","SF-2026-2463","0","25/04/2026"
"Osayed Shadid","Riyadh Airport Company","Business Solution Development Manpower.","4-Submitted - Under Evaluation","16/11/2026","19/07/2026","Sales & BD 1","RFQ","Sell Direct","MPO","Non Etimad","SF-2026-2464","0","23/08/2026"
"Meshari Aljurbua","Devoteam Company Saudi Limited","Request For Quotation - Nawaf Alnofaie","4-Submitted - Under Evaluation","19/10/2026","19/07/2026","STC & Sub","RFQ","Sell Direct","MPO","Non Etimad","SF-2026-2465","328936","21/07/2026"
"Abdullah Alfawaz","King Saud University","????? ????? ????? ?????? ????? ???? ??????","6-Dropped","23/08/2026","19/07/2026","Sales & BD 2","RFP","Sell Direct","MPO","Etimad","SF-2026-2466","100000","25/04/2026"
"Abdullah Alfawaz","Qassim University","????? ????? ????? ????? ???????? ????? ????? ????? ??????????","6-Dropped","23/08/2026","19/07/2026","Sales & BD 2","RFP","Sell Direct","MPO","Etimad","SF-2026-2467","100000","28/04/2026"
"Abdullah Alfawaz","King Khalid University","????? ?????  ?????? ??????? ??????????? ???????? ??????????","6-Dropped","23/08/2026","19/07/2026","Sales & BD 2","RFP","Sell Direct","MPO","Etimad","SF-2026-2468","100000","02/05/2026"
"Abdullah Alfawaz","King Faisal University","????? ????? ?????? ????? ?????? ??????? ?????? ????? ????","6-Dropped","23/08/2026","19/07/2026","Sales & BD 2","RFP","Sell Direct","MPO","Etimad","SF-2026-2469","400000","18/04/2026"
"Abdullah Alfawaz","Majmaah University","????? ????? ????? ?????? ????????? ???????? ???????? ??????????? ??????? ??? ????????","6-Cancelled","22/07/2026","19/07/2026","Sales & BD 2","RFP","Sell Direct","MPO","Etimad","SF-2026-2470","200000","14/05/2026"
"Abdullah Alfawaz","Princess Nora bint Abdul Rahman University","????? ????? ???? ????? ?????????? ????? ??????? 1448?? ?????? ??????? ???? ??? ?????????","6-Dropped","23/08/2026","19/07/2026","Sales & BD 2","RFP","Sell Direct","MPO","Etimad","SF-2026-2471","200000","06/07/2026"
"Abdullah Alfawaz","MOI - Civil Affairs","????? ????? ????? ????????? ?????? ????? ??????? ???????? ?????? ????? ???????? ??????? ???????","6-Dropped","23/08/2026","19/07/2026","Sales & BD 2","RFP","Sell Direct","MPO","Etimad","SF-2026-2472","450000","20/06/2026"
"Abdullah Alfawaz","Prince Sattam bin Abdulaziz University","????? ????? ????? ?????? ?????? ??????? ???????? ?????????? ????????","6-Dropped","23/08/2026","19/07/2026","Sales & BD 2","RFP","Sell Direct","MPO","Etimad","SF-2026-2473","650000","25/06/2026"
"Abdullah Alfawaz","Jeddah University","????? ????? ????? ????? ???????????","6-Dropped","23/08/2026","20/07/2026","Sales & BD 2","RFP","Sell Direct","MPO","Etimad","SF-2026-2474","200000","26/06/2026"
"Meshari Aljurbua","iotsquered","RFQ - Upsource (Outsourcing Employees)","4-Submitted - Under Evaluation","20/10/2026","20/07/2026","STC & Sub","RFQ","Sell Direct","MPO","Non Etimad","SF-2026-2475","344521","21/07/2026"
"Abdullah Alfawaz","Majmaah University","????? ???? ?????? ????????? ?????? ( ???? ) ?????? ?????? ????? ?????? ?????? ???????","1-Identified","31/12/2026","20/07/2026","Sales & BD 2","RFP","Sell Direct","MPO","Etimad","SF-2026-2476","2500000","22/03/2026"
"Abdullah Alfawaz","Northern Border University","????? ????? ?????? ????? ??????????","6-Dropped","23/08/2026","20/07/2026","Sales & BD 2","RFP","Sell Direct","MPO","Etimad","SF-2026-2477","300000","24/03/2026"
"Rawan AlMusayid","Digital Government Authority","Providing Managed Services for the Operation and Maintenance of the National Government Electronic Transactions System","3-Qualified In Progress","31/12/2026","20/07/2026","Sales & BD 1","RFP","Sell Direct","MPO","Etimad","SF-2026-2478","140000000","24/09/2026"
"Abdullah Alfawaz","Board of Grievances","????? ??? ???? ?????? ?????? ??????? ??????? ???????? Manage Engine  ?????? ??????? ?? ????? ????? ????? ?????","6-Dropped","23/08/2026","20/07/2026","Sales & BD 2","RFP","Sell Direct","SCM","Etimad","SF-2026-2479","400000","31/03/2026"
"Abdullah Alfawaz","National Center For Government Resources System","????? ????? ?????? ???????? ????? ????? ????? ??????? (????? ????????)","6-Dropped","23/08/2026","20/07/2026","Sales & BD 2","RFP","Sell Direct","SCM","Etimad","SF-2026-2480","430000","22/04/2026"
"Abdullah Alfawaz","Umm Al-Qura University","????? ??? ?????? ????? ?????? ????? ??????? ???????? ??????????? ????? ????????? ???????? ?????? ?? ????? 2026 ?","6-Dropped","23/08/2026","20/07/2026","Sales & BD 2","RFP","Sell Direct","HRO","Etimad","SF-2026-2481","420000","03/05/2026"
"Abdullah Alfawaz","Entrustment and Liquidation Center - Infath","????? ?????? ????? ????????? ????????? ????????? ????? ??????? ???????? - ?????","6-Dropped","23/08/2026","20/07/2026","Sales & BD 2","RFP","Sell Direct","MPO","Etimad","SF-2026-2482","300000","20/06/2026"
"Abdullah Alfawaz","MOI - Civil Affairs","????? ??????? ?????? ?????? ??????? ???????","6-Dropped","23/08/2026","20/07/2026","Sales & BD 2","RFP","Sell Direct","SCM","Etimad","SF-2026-2483","600000","06/06/2026"
"Abdullah Alfawaz","Najran Emirate","????? ?????? ????? ????? ????????? ????????","6-Dropped","23/08/2026","20/07/2026","Sales & BD 2","RFP","Sell Direct","MPO","Etimad","SF-2026-2484","400000","06/03/2026"
"Abdullah Alfawaz","King Abdulaziz University","????? ????? ????? ????? ????? ?????? ??????? (???) ??????? ???????","6-Dropped","23/08/2026","20/07/2026","Sales & BD 2","RFP","Sell Direct","MPO","Etimad","SF-2026-2485","320000","06/06/2026"
"Abdullah Alfawaz","Beshah Municipalities","????? ????? ?????? ???? ??????? ?????????? - ????? ????","6-Dropped","23/08/2026","20/07/2026","Sales & BD 2","RFP","Sell Direct","MPO","Etimad","SF-2026-2487","400000","05/04/2026"
"Abdullah Alfawaz","SDAIA - National Information Center","????? ?????? ??? ????? ????? ????? ??????? ??????? ???????? ???????? ?????? ???????? ???????? ??????? ???????","1-Identified","10/11/2026","20/07/2026","Sales & BD 2","RFP","Sell Direct","MPO","Etimad","SF-2026-2490","900000","21/06/2026"
"Rawan AlMusayid","General Authority For Competition","Call Center Project","4-Submitted - Under Evaluation","31/12/2026","20/07/2026","Sales & BD 1","RFP","Sell Direct","CLM","Etimad","SF-2026-2491","1405865","03/08/2026"
"Abdullah Alfawaz","SDAIA - National Information Center","????? ????? ?????? ???? ??????? ????????","6-Dropped","23/08/2026","20/07/2026","Sales & BD 2","RFP","Sell Direct","MPO","Etimad","SF-2026-2492","465000","18/06/2026"
"Abdullah Alfawaz","SDAIA - National Information Center","????? ???? ????? ????? ??????? ?????? ???? ???? ?????????","6-Dropped","23/08/2026","20/07/2026","Sales & BD 2","RFP","Sell Direct","MPO","Etimad","SF-2026-2493","425000","08/07/2026"
"Abdullah Alfawaz","Technical and Vocational Training Corporation","????? ?????? ????? ?????? ????? ?????? ????? ????? ??? X4SARF","6-Dropped","23/08/2026","20/07/2026","Sales & BD 2","RFP","Sell Direct","MPO","Etimad","SF-2026-2494","613000","05/06/2026"
"Abdullah Alfawaz","Ministry of Interior - Public Security","???? ???? ??? ???? 1447??","6-Dropped","23/08/2026","20/07/2026","Sales & BD 2","RFP","Sell Direct","SCM","Etimad","SF-2026-2495","700000","07/03/2026"
"Abdullah Alfawaz","MOI MEDICAL SERVICES  SECURITY FORCES HOSPITALS","????? ????? ???? ??????? ????? ??????? ?????? ????????? ???????? ????????? ???????? ? ???????? ??????? ??qq","6-Dropped","23/08/2026","20/07/2026","Sales & BD 1","RFP","Sell Direct","MPO","Etimad","SF-2026-2496","400000","01/04/2026"
"Abdullah Alfawaz","Majmaah University","????? ????? ????? ?????? ????????? ???????? ???????? ??????????? ??????? ??? ????????","6-Dropped","23/08/2026","20/07/2026","Sales & BD 2","RFP","Sell Direct","MPO","Etimad","SF-2026-2497","440000","14/05/2026"
"Abdulrhman Alshwaier","Saudi Telecommunications Company-STC Group-EBU","Securing specialized technical  and administrative expertise","7-Handover Completed","27/08/2026","20/07/2026","STC & Sub","RFQ","Sell Direct","F&A","Non Etimad","SF-2026-2498","7999974","26/08/2026"
"Abdullah Alfawaz","Entrustment and Liquidation Center - Infath","????? ???????? ???????? ???????? ???? ??????? ??????? ???? ??????? ???????? ? ????? (???? ?????? ??????)","6-Dropped","23/08/2026","20/07/2026","Sales & BD 2","RFP","Sell Direct","MPO","Etimad","SF-2026-2499","500000","21/05/2026"
"Abdullah Alfawaz","Board of Grievances","????? ?????? ??? ????? ????? ?????? ????? ?????? ??????? ???? 2026?","6-Dropped","23/08/2026","20/07/2026","Sales & BD 2","RFP","Sell Direct","SCM","Etimad","SF-2026-2501","300000","20/06/2026"
"Abdullah Alfawaz","Jeddah University","????? ??? ???? ????????? ???????? ?????? ????? ????? ????? ????? ????????? ???????? (????) ????? (???)","6-Dropped","23/08/2026","20/07/2026","Sales & BD 2","RFP","Sell Direct","SCM","Etimad","SF-2026-2502","300000","26/06/2026"
"Abdullah Alfawaz","Saudi Electronic University","????? ????? ????? ????? ????? ?????? ??????? ??????? ???????","6-Dropped","23/08/2026","20/07/2026","Sales & BD 2","RFP","Sell Direct","MPO","Etimad","SF-2026-2503","720000","02/07/2026"
"Abdullah Alfawaz","Prince Sattam bin Abdulaziz University","????? ????? ????? ?????? ?????? ??????? ???????? ?????????? ????????","6-Dropped","23/08/2026","20/07/2026","Sales & BD 2","RFP","Sell Direct","MPO","Etimad","SF-2026-2504","200000","06/07/2026"
"Abdullah Alfawaz","MOI - Prisons","????? ?????? ????? ???????? ??????? ????? ? ??? ??????? ??????? ?????? ( 47/26/59 )","6-Dropped","23/08/2026","20/07/2026","Sales & BD 2","RFP","Sell Direct","MPO","Etimad","SF-2026-2505","350000","12/07/2026"
"Abdullah Alfawaz","SDAIA - National Information Center","????? ????? ????? ??????? ??????? ???? ????? ????????? ???????? - ??????? ???????","1-Identified","15/11/2026","20/07/2026","Sales & BD 2","RFP","Sell Direct","MPO","Etimad","SF-2026-2506","200000","22/07/2026"
"Abdullah Alfawaz","Education and Training Evaluation Commission","????? ????? ??????? ????? ???? ?????????? ?? ???? ??????? ???????","1-Identified","08/12/2026","20/07/2026","Sales & BD 2","RFP","Sell Direct","MPO","Etimad","SF-2026-2507","200000","23/07/2026"
"Abdullah Alfawaz","MOI - Prisons","????? ????? ???????? ??????? ????? ? ??? ??????? ??????? ??????? ( 48/26/64 )","1-Identified","15/12/2026","20/07/2026","Sales & BD 2","RFP","Sell Direct","SCM","Etimad","SF-2026-2508","600000","04/08/2026"
"Abdullah Alfawaz","Premium Residency Center","????? ????? ??????? ???? ?????? ????????? ?????? ?????","6-Dropped","19/08/2026","20/07/2026","Sales & BD 2","RFP","Sell Direct","MPO","Etimad","SF-2026-2509","3000000","10/07/2026"
"Fajer Alsalloum","Principal Buyer Oil and Gas","Procurement & Contracts Sr. Specialist","7-Handover Completed","22/07/2026","21/07/2026","Sales & BD 1","RFQ","Sell Direct","MPO","Non Etimad","SF-2026-2510","141317","22/07/2026"
"Bayan AlOlayan","Remat Al-Riyadh Development Company","Framework Agreement for Supporting the Establishment and Operation of NEOM","4-Submitted - Under Evaluation","26/11/2026","21/07/2026","Sales & BD 2","RFP","Sell Direct","MPO","Non Etimad","SF-2026-2511","0","27/07/2026"
"Meshari Aljurbua","specialized by stc","Hire New Resources - Specialized","4-Submitted - Under Evaluation","21/10/2026","21/07/2026","STC & Sub","RFQ","Sell Direct","MPO","Non Etimad","SF-2026-2512","1208747","22/07/2026"
"Osayed Shadid","Misk Charity Foundation","Renewal 1134 | MISK Foundation Contact Center","7-Handover Completed","03/08/2026","21/07/2026","Sales & BD 1","RFQ","Sell Direct","CLM","Non Etimad","SF-2026-2513","73880","26/07/2026"
"Osayed Shadid","Ministry of Health","Mobily SOW Operational Takeover Assessment in MOH","4-Submitted - Under Evaluation","23/11/2026","21/07/2026","Sales & BD 1","RFQ","Sell Through solutions","MPO","Non Etimad","SF-2026-2514","2778120","27/07/2026"
"Osayed Shadid","Lean Business Services","Local Number + enable outbound calling through our AI-powered Gemini Agent","6-Dropped","10/08/2026","21/07/2026","Sales & BD 2","RFI","Sell Direct","CLM","Non Etimad","SF-2026-2515","1000000","30/07/2026"
"Mohammad Alajlan","Solutions by stc","Senior Product Manager - solutions Manpower 1503","4-Submitted - Under Evaluation","21/10/2026","21/07/2026","STC & Sub","RFQ","Sell Direct","MPO","Non Etimad","SF-2026-2516","465617","23/07/2026"
"Mohammad Alajlan","Saudi Telecommunications Company-STC Group-EBU","OP-2026-162779-T&O 2026 Consultancy","7-Handover Completed","13/09/2026","22/07/2026","STC & Sub","RFQ","Sell Through solutions","MPO","Non Etimad","SF-2026-2517","2628766","23/07/2026"
"Rawan AlMusayid","SAUDI FRANSI BANK","Remaning budget","7-Handover Completed","12/08/2026","22/07/2026","Sales & BD 1","RFQ","Sell Through solutions","MPO","Non Etimad","SF-2026-2518","265956","27/07/2026"
"Fajer Alsalloum","National Energy services company","Network Engineer","7-Handover Completed","12/08/2026","22/07/2026","Sales & BD 1","RFQ","Sell Through solutions","MPO","Non Etimad","SF-2026-2519","123305","23/07/2026"
"Fajer Alsalloum","Principal Buyer Oil and Gas","Cybersecurity Specalist","7-Handover Completed","09/08/2026","22/07/2026","Sales & BD 1","RFQ","Sell Direct","MPO","Non Etimad","SF-2026-2520","396000","31/07/2026"
"Osayed Shadid","ESNAD","Managed IT Services and AI-Enabled IT Operations (A-26-07-02)","6-Dropped","10/08/2026","23/07/2026","Sales & BD 1","RFP","Sell Direct","SCM","Non Etimad","SF-2026-2521","1000000","30/07/2026"
"Osayed Shadid","Saudi Health Council","MANPOWER OUTSOURCING & EMPLOYER OF RECORD (EOR) SERVICES","4-Submitted - Under Evaluation","19/10/2026","23/07/2026","Sales & BD 1","RFP","Sell Direct","MPO","Non Etimad","SF-2026-2522","0","30/07/2026"
"Osayed Shadid","Bahri","Digital Resources Outsourcing","6-Dropped","19/08/2026","23/07/2026","Sales & BD 1","RFI","Sell Through solutions","MPO","Non Etimad","SF-2026-2523","1904820","30/07/2026"
"Fajer Alsalloum","National Water Company","System & Network Engineers","4-Submitted - Under Evaluation","31/10/2026","23/07/2026","Sales & BD 1","RFQ","Sell Through solutions","MPO","Non Etimad","SF-2026-2524","141389","30/07/2026"
"Mohammad Alajlan","Nile","STCSQR-25002","4-Submitted - Under Evaluation","25/10/2026","26/07/2026","STC & Sub","RFQ","Sell Through solutions","SCM","Non Etimad","SF-2026-2525","556121","28/07/2026"
"Fajer Alsalloum","Saudi Aramco","UI/User Experience (UX)  Designer","4-Submitted - Under Evaluation","30/09/2026","26/07/2026","Sales & BD 1","RFQ","Sell Through solutions","MPO","Non Etimad","SF-2026-2526","428871","30/07/2026"
"Mohammad Alajlan","Solutions by stc","1 recourse 1576","6-Won","21/09/2026","26/07/2026","STC & Sub","RFQ","Sell Direct","MPO","Non Etimad","SF-2026-2527","230925","28/07/2026"
"Fajer Alsalloum","Saudi Aramco","SAIRO QC Automation","4-Submitted - Under Evaluation","31/10/2026","26/07/2026","Sales & BD 1","RFQ","Sell Through solutions","MPO","Non Etimad","SF-2026-2528","413969","30/07/2026"
"Abdullah Awleyaa","Al-Waha Duty Free","IT Field Support Services","4-Submitted - Under Evaluation","30/11/2026","26/07/2026","Sales & BD 1","RFP","Sell Direct","MPO","Non Etimad","SF-2026-2529","1186067","30/07/2026"
"Meshari Aljurbua","Center3","Building Rental","7-Handover Completed","30/07/2026","27/07/2026","STC & Sub","RFQ","Sell Through solutions","Facility Management","Non Etimad","SF-2026-2530","4105342","27/07/2026"
"Abdullah Alfawaz","Amanah Tech","amanah tech RFQ STCSQR-24924 - JS","4-Submitted - Under Evaluation","15/11/2026","27/07/2026","Sales & BD 2","RFQ","Sell Direct","MPO","Non Etimad","SF-2026-2531","486775","04/07/2026"
"Osayed Shadid","Zakat, Tax and Custom Authority","STCSQR-24876 - overtime related to ZATCA project budget management","4-Submitted - Under Evaluation","30/10/2026","28/07/2026","Sales & BD 1","RFQ","Sell Through solutions","MPO","Non Etimad","SF-2026-2532","600000","06/08/2026"
"Osayed Shadid","Dammam Airports Company (DACO)","RFP - 1200001710 call center","6-Dropped","19/08/2026","28/07/2026","Sales & BD 1","RFP","Sell Direct","CLM","Non Etimad","SF-2026-2533","3000000","19/08/2026"
"Meshari Aljurbua","iotsquered","Technical Operations Engineer","4-Submitted - Under Evaluation","20/10/2026","28/07/2026","STC & Sub","RFP","Sell Direct","MPO","Non Etimad","SF-2026-2534","388800","29/07/2026"
"Mohammad Alajlan","Saudi Telecommunications Company-STC Group-EBU","Compliance Reporting MPA","4-Submitted - Under Evaluation","04/10/2026","28/07/2026","STC & Sub","RFQ","Sell Through solutions","MPO","Non Etimad","SF-2026-2535","997498","30/07/2026"
"Mohammad Alajlan","Saudi Telecommunications Company-STC Group-EBU","CAD Automation & Integration demands 2024","4-Submitted - Under Evaluation","04/10/2026","28/07/2026","STC & Sub","RFQ","Sell Through solutions","MPO","Non Etimad","SF-2026-2536","302492","30/07/2026"
"Mohammad Alajlan","Saudi Telecommunications Company-STC Group-EBU","Royal Communications Demand for CE Apps","4-Submitted - Under Evaluation","04/10/2026","28/07/2026","STC & Sub","RFQ","Sell Through solutions","MPO","Non Etimad","SF-2026-2537","997499","30/07/2026"
"Mohammad Alajlan","Saudi Telecommunications Company-STC Group-EBU","CST general Ad-hock s Requests","4-Submitted - Under Evaluation","04/10/2026","28/07/2026","STC & Sub","RFQ","Sell Through solutions","MPO","Non Etimad","SF-2026-2538","598500","30/07/2026"
"Khalid AlEnezi","Initiatives Management Office IMO","IMO FA for the Design and Development of External Websites","4-Submitted - Under Evaluation","15/12/2026","28/07/2026","Sales & BD 1","RFQ","Sell Through solutions","MPO","Non Etimad","SF-2026-2539","11825368","06/08/2026"
"Fajer Alsalloum","Principal Buyer Oil and Gas","Business and Performance Planning Specialist","7-Handover Completed","09/08/2026","28/07/2026","Sales & BD 1","RFQ","Sell Direct","MPO","Non Etimad","SF-2026-2540","408000","31/07/2026"
"Khalid AlEnezi","Ministry of National Guard","MS Resident Engineers","7-Handover Completed","05/08/2026","28/07/2026","Sales & BD 1","RFQ","Sell Through solutions","F&A","Non Etimad","SF-2026-2541","788903","28/07/2026"
"Khalid AlEnezi","Presidency of State Security.","Compliance System and Passenger Data Quality System Operation & Support Services for PSS","4-Submitted - Under Evaluation","15/12/2026","28/07/2026","Sales & BD 1","RFP","Sell Direct","MPO","Etimad","SF-2026-2542","16746969","22/08/2026"
"Khalid AlEnezi","Saudi Tourism Authority","WO 5- Operating Visitor Care Contact Center","7-Handover Completed","05/08/2026","28/07/2026","Sales & BD 2","RFQ","Sell Direct","CLM","Non Etimad","SF-2026-2543","9469755","30/07/2026"
"Fajer Alsalloum","Principal Buyer Oil and Gas","Consultant","7-Handover Completed","02/09/2026","29/07/2026","Sales & BD 1","RFQ","Sell Direct","MPO","Non Etimad","SF-2026-2544","1176000","02/08/2026"
"Abdullah Alfawaz","National Center For Government Resources System","??????? ??????? ??????? ??????","4-Submitted - Under Evaluation","15/12/2026","29/07/2026","Sales & BD 2","RFQ","Sell Through Pulse","MPO","Non Etimad","SF-2026-2546","342410391","20/08/2026"
"Rawan AlMusayid","Imam Turki Bin Abdullah Royal Nature Reserve De","1 MPO - ITBA","4-Submitted - Under Evaluation","30/11/2026","30/07/2026","Sales & BD 1","RFQ","Sell Through solutions","MPO","Non Etimad","SF-2026-2547","360750","06/08/2026"
"Khalid AlEnezi","Ministry of Defense ? Executive Affairs","MOD Retirees Affairs Department Project","4-Submitted - Under Evaluation","31/12/2026","31/07/2026","Sales & BD 1","RFI","Sell Direct","SCM","Non Etimad","SF-2026-2548","100950654","04/08/2026"
"Khalid AlEnezi","Ministry of Defense ? Executive Affairs","Amr Contact Center Renewal","4-Submitted - Under Evaluation","30/10/2026","31/07/2026","Sales & BD 1","RFP","Sell Direct","CLM","Non Etimad","SF-2026-2549","7000000","25/08/2026"
"Ali Bin Zeair","Saudi Telecommunications Company-STC Group-EBU","STCSQR-25125","4-Submitted - Under Evaluation","31/12/2026","02/08/2026","STC & Sub","RFQ","Sell Through solutions","MPO","Non Etimad","SF-2026-2550","5000000","28/10/2026"
"Mohammad Alajlan","Solutions by stc","STCSQR-19378 (Renewal)","4-Submitted - Under Evaluation","15/10/2026","02/08/2026","STC & Sub","RFQ","Sell Direct","MPO","Non Etimad","SF-2026-2551","235519","04/08/2026"
"Fajer Alsalloum","Principal Buyer Oil and Gas","Performance Planning Expert","4-Submitted - Under Evaluation","30/09/2026","02/08/2026","Sales & BD 1","RFQ","Sell Direct","MPO","Non Etimad","SF-2026-2552","948000","23/08/2026"
"Mohammad Alajlan","Solutions by stc","Meshal Mohammed - New Hire","4-Submitted - Under Evaluation","10/11/2026","02/08/2026","STC & Sub","RFQ","Sell Direct","MPO","Non Etimad","SF-2026-2553","540000","04/08/2026"
"Rawan AlMusayid","National Center for Waste Management","MWAN Contact Center","4-Submitted - Under Evaluation","30/11/2026","03/08/2026","Sales & BD 1","RFP","Sell Direct","CLM","Etimad","SF-2026-2554","5171848","03/09/2026"
"Ali Bin Zeair","Solutions by stc","STCQR-24783","7-Handover Completed","05/08/2026","03/08/2026","STC & Sub","RFQ","Sell Direct","Facility Management","Non Etimad","SF-2026-2555","2076883","04/08/2026"
"Fajer Alsalloum","Diriyah Gate Development Authority","OP-2026-164689 Technology Operation Manage Service","4-Submitted - Under Evaluation","31/12/2026","03/08/2026","Giga","RFQ","Sell Through solutions","MPO","Non Etimad","SF-2026-2556","34297612","06/09/2026"
"Abdulrhman Alshwaier","Saudi Telecommunications Company-STC Group-EBU","Captive ITP CAM 13","7-Handover Completed","06/09/2026","04/08/2026","STC & Sub","RFQ","Sell Through solutions","HRO","Non Etimad","SF-2026-2557","661427","12/08/2026"
"Rawan AlMusayid","Ministry of Communication","Contact Center MCIT","6-Dropped","25/08/2026","04/08/2026","Sales & BD 1","RFP","Sell Direct","CLM","Etimad","SF-2026-2558","0","18/08/2026"
"Abdulrhman Alshwaier","Saudi Telecommunications Company-STC Group-EBU","Zero Touch Work Order Management","4-Submitted - Under Evaluation","31/12/2026","04/08/2026","STC & Sub","RFQ","Sell Through solutions","MPO","Non Etimad","SF-2026-2559","9200000","11/08/2026"
"Abdulrhman Alshwaier","Saudi Telecommunications Company-STC Group-EBU","Business Finance 2026","4-Submitted - Under Evaluation","29/10/2026","04/08/2026","STC & Sub","RFQ","Sell Through solutions","F&A","Non Etimad","SF-2026-2560","7881814","11/08/2026"
"Meshari Aljurbua","sirar by stc","offshore india - sirar","3-Qualified In Progress","14/10/2026","04/08/2026","STC & Sub","RFQ","Sell Direct","MPO","Non Etimad","SF-2026-2561","0","30/09/2026"
"Khalid AlEnezi","Ministry of Defense ? Executive Affairs","MOD - Digital Transformation Consultation","4-Submitted - Under Evaluation","30/09/2026","05/08/2026","Sales & BD 1","RFQ","Sell Through solutions","SCM","Non Etimad","SF-2026-2562","30991304","03/09/2026"
"Khalid AlEnezi","Saudi Center for International Strategic Partnership","SCISP ? Managed IT Services","4-Submitted - Under Evaluation","30/11/2026","05/08/2026","Sales & BD 1","RFQ","Sell Through solutions","MPO","Non Etimad","SF-2026-2563","11669346","09/08/2026"
"Khalid AlEnezi","Ministry of Defense ? Executive Affairs","Services related Arkan Building project","4-Submitted - Under Evaluation","30/09/2026","05/08/2026","Sales & BD 1","RFQ","Sell Through solutions","SCM","Non Etimad","SF-2026-2564","38611","06/08/2026"
"Ali Bin Zeair","Solutions by stc","Staging Area","7-Handover Completed","07/09/2026","05/08/2026","STC & Sub","RFQ","Sell Direct","SCM","Non Etimad","SF-2026-2565","96000","06/08/2026"
"Mohammad Alajlan","Solutions by stc","STCSQR-24867 \ project code 1210","7-Handover Completed","19/08/2026","05/08/2026","STC & Sub","RFQ","Sell Direct","MPO","Non Etimad","SF-2026-2566","5000000","06/08/2026"
"Abdulrhman Alshwaier","Saudi Telecommunications Company-STC Group-EBU","AI&DS Professional Service","7-Handover Completed","09/08/2026","05/08/2026","STC & Sub","RFQ","Sell Direct","MPO","Non Etimad","SF-2026-2567","100000000","05/08/2026"
"Ali Bin Zeair","Saudi Telecommunications Company-STC Group-EBU","STCSQR-25147","4-Submitted - Under Evaluation","31/12/2026","05/08/2026","STC & Sub","RFQ","Sell Through solutions","MPO","Non Etimad","SF-2026-2568","300000","10/08/2026"
"Bayan AlOlayan","Royal Commission For Riyadh City","RCRC 12 Resources","4-Submitted - Under Evaluation","30/09/2026","05/08/2026","Sales & BD 2","RFQ","Sell Direct","CLM","Non Etimad","SF-2026-2569","122460","05/08/2026"
"Meshari Aljurbua","sirar by stc","Upsource Third-party Employee Quotation - Sirar","4-Submitted - Under Evaluation","10/11/2026","06/08/2026","STC & Sub","RFQ","Sell Direct","MPO","Non Etimad","SF-2026-2570","1360000","09/08/2026"
"Osayed Shadid","Mohamed Yousuf Naghi Motors","Call Center Outsourcing","4-Submitted - Under Evaluation","18/11/2026","06/08/2026","Sales & BD 1","RFQ","Sell Direct","CLM","Non Etimad","SF-2026-2571","5861655","18/08/2026"
"Khalid AlEnezi","Ministry of Defense ? Executive Affairs","Fairmount Event - MOD","7-Handover Completed","16/08/2026","06/08/2026","Sales & BD 1","RFQ","Sell Through solutions","Event Management","Non Etimad","SF-2026-2572","202000","06/08/2026"
"Mohammad Alajlan","Solutions by stc","STCSQR-25225","7-Handover Completed","20/08/2026","06/08/2026","STC & Sub","RFQ","Sell Direct","MPO","Non Etimad","SF-2026-2573","484193","09/08/2026"
"Ali Bin Zeair","Saudi Telecommunications Company-STC Group-EBU","Delivery quality managed services","4-Submitted - Under Evaluation","31/12/2026","09/08/2026","STC & Sub","RFQ","Sell Direct","CLM","Non Etimad","SF-2026-2574","100000","25/08/2026"
"Rawan AlMusayid","Shared Services Program","OP-2026-165040 - SSP - License Renewal","4-Submitted - Under Evaluation","27/12/2026","09/08/2026","Sales & BD 1","RFQ","Sell Through solutions","MPO","Non Etimad","SF-2026-2575","259090","13/08/2026"
"Meshari Aljurbua","Devoteam Company Saudi Limited","(Modon - Smart Cities Strategy 1 . 2)","6-Won","21/09/2026","09/08/2026","STC & Sub","RFQ","Sell Direct","MPO","Non Etimad","SF-2026-2576","603556","11/08/2026"
"Bayan AlOlayan","National Development Fund","Frame work agreement for contact center WO4","3-Qualified In Progress","30/09/2026","09/08/2026","Sales & BD 2","RFP","Sell Direct","CLM","Non Etimad","SF-2026-2577","600000","24/09/2026"
"Meshari Aljurbua","iotsquered","RFQ 702 (Resource for QA)?","4-Submitted - Under Evaluation","04/11/2026","09/08/2026","STC & Sub","RFQ","Sell Direct","MPO","Non Etimad","SF-2026-2578","0","09/08/2026"
"Khalid AlEnezi","Private Affairs of Crown Prince","System INTE MS","7-Handover Completed","24/08/2026","10/08/2026","Sales & BD 1","RFQ","Sell Through solutions","SCM","Non Etimad","SF-2026-2579","398478","13/08/2026"
"Fajer Alsalloum","Saudi Aramco","Logistics for DMM Warehouse 1","7-Handover Completed","27/08/2026","10/08/2026","Sales & BD 1","RFQ","Sell Through solutions","SCM","Non Etimad","SF-2026-2580","183000","10/08/2026"
"Fajer Alsalloum","Saudi Aramco","PO 41174","1-Identified","30/09/2026","10/08/2026","Sales & BD 1","RFQ","Sell Through solutions","MPO","Non Etimad","SF-2026-2581","4400","11/08/2026"
"Osayed Shadid","ESNAD","VIP - Call Center","4-Submitted - Under Evaluation","12/10/2026","10/08/2026","Sales & BD 1","RFQ","Sell Direct","CLM","Non Etimad","SF-2026-2582","743242","13/08/2026"
"Abdulrhman Alshwaier","Saudi Telecommunications Company-STC Group-EBU","Captive- AI 11 HRO","4-Submitted - Under Evaluation","31/12/2026","10/08/2026","STC & Sub","RFQ","Sell Through solutions","HRO","Non Etimad","SF-2026-2583","600000","11/08/2026"
"Abdulrhman Alshwaier","Saudi Telecommunications Company-STC Group-EBU","AI&DS - WBU DT Q2","4-Submitted - Under Evaluation","31/12/2026","10/08/2026","STC & Sub","RFQ","Sell Through solutions","MPO","Non Etimad","SF-2026-2584","290000","11/08/2026"
"Osayed Shadid","Ministry of Transportation","Managed Infrastructure and Applications Services - Ministry of Transport","4-Submitted - Under Evaluation","13/12/2026","10/08/2026","Sales & BD 1","RFQ","Sell Through solutions","MPO","Non Etimad","SF-2026-2585","6000000","18/08/2026"
"Abdulrhman Alshwaier","Saudi Telecommunications Company-STC Group-EBU","AI&DS - WBU DT Q1","4-Submitted - Under Evaluation","31/12/2026","10/08/2026","STC & Sub","RFQ","Sell Through solutions","MPO","Non Etimad","SF-2026-2586","119000","11/08/2026"
"Abdulrhman Alshwaier","Saudi Telecommunications Company-STC Group-EBU","AI&DS - CBU BAU Q1","4-Submitted - Under Evaluation","31/12/2026","10/08/2026","STC & Sub","RFQ","Sell Through solutions","MPO","Non Etimad","SF-2026-2587","485000","11/08/2026"
"Abdullah Alfawaz","Umm Al-Qura University","????? ?????? ?????? ?????? ???????? ??????????? ?????? ?? ????? ???????","1-Identified","28/10/2026","10/08/2026","Sales & BD 2","RFP","Sell Direct","MPO","","SF-2026-2588","3000000","25/08/2026"
"Meshari Aljurbua","iotsquered","Resource Transition Until December 2027","7-Handover Completed","03/09/2026","11/08/2026","STC & Sub","RFQ","Sell Direct","MPO","Non Etimad","SF-2026-2589","1178877","11/08/2026"
"Fajer Alsalloum","Principal Buyer Oil and Gas","Technician","6-Dropped","14/09/2026","11/08/2026","Sales & BD 1","RFQ","Sell Through Pulse","MPO","Non Etimad","SF-2026-2590","60000","14/09/2026"
"Rawan AlMusayid","National Center For Public Agencies Performance Measurement","????? ????? ????? ??????? ?????????? SAP  (????????? ????????)","6-Dropped","11/08/2026","11/08/2026","Sales & BD 1","RFP","Sell Direct","SCM","Etimad","SF-2026-2591","0","22/07/2026"
"Osayed Shadid","Ministry of Health","????? ????? ????? ????? ??????? ????????? ???????? (??????? ???????)","6-Dropped","11/08/2026","11/08/2026","Sales & BD 1","RFP","Sell Direct","SCM","Etimad","SF-2026-2592","0","11/08/2026"
"Rawan AlMusayid","Shared Services Program","????? ??? ????? ?????? ???????","6-Dropped","11/08/2026","11/08/2026","Sales & BD 1","RFP","Sell Direct","SCM","Etimad","SF-2026-2593","0","29/07/2026"
"Osayed Shadid","Zakat, Tax and Custom Authority","????? ????? ???? ???????? ???? ??????????","6-Dropped","11/08/2026","11/08/2026","Sales & BD 1","RFP","Sell Direct","SCM","Etimad","SF-2026-2594","0","11/08/2026"
"Osayed Shadid","Insurance Authority","??? ??????? ??????? ??????? ???????","6-Dropped","11/08/2026","11/08/2026","Sales & BD 1","RFP","Sell Direct","SCM","Etimad","SF-2026-2595","0","11/08/2026"
"Rawan AlMusayid","Agricultural Development Fund","????? ????? ????? ????? ?????????? ????????","6-Dropped","11/08/2026","11/08/2026","Sales & BD 1","RFP","Sell Direct","SCM","Etimad","SF-2026-2596","0","03/08/2026"
"Osayed Shadid","Saudi Red Crescent Authority","????? ???????? ????????? ?? ???? ????? ??????? ??????? ?????? ?? ????? ??????? ? ???????","6-Dropped","11/08/2026","11/08/2026","Sales & BD 1","RFP","Sell Direct","SCM","Etimad","SF-2026-2597","0","11/08/2026"
"Osayed Shadid","Saudi Red Crescent Authority","????? ???????? ???????? ?????? ???????? ??????? ????????? ?? ????? ??????? ??????? ????? ?????? ??????? ????????","6-Dropped","11/08/2026","11/08/2026","Sales & BD 1","RFP","Sell Direct","SCM","Etimad","SF-2026-2598","0","11/08/2026"
"Osayed Shadid","Saudi Red Crescent Authority","????? ???????? ???????? ??????? ?????????? ??????? ????????? ?? ????? ?????? ??????? ?????","6-Dropped","11/08/2026","11/08/2026","Sales & BD 1","RFP","Sell Direct","SCM","Etimad","SF-2026-2599","0","11/08/2026"
"Osayed Shadid","Saudi Red Crescent Authority","????? ???????? ???????? ?????? ???????? ??????? ????????? ?? ????? ???? ?????? ?????? ???????","6-Dropped","11/08/2026","11/08/2026","Sales & BD 1","RFP","Sell Direct","SCM","Etimad","SF-2026-2600","0","11/08/2026"
"Rawan AlMusayid","Agricultural Development Fund","????? ????? ????? ?????? ?????? ???? ????? ????????? ??????? ???????? (Cohesity)  ??????? ??????? ????? ??????? ?? ?????","6-Dropped","11/08/2026","11/08/2026","Sales & BD 1","RFP","Sell Direct","SCM","Etimad","SF-2026-2601","0","11/08/2026"
"Osayed Shadid","Saudi Red Crescent Authority","????? ???????? ???????? ?????? ???????? ??????? ????????? ???????? ???????","6-Dropped","11/08/2026","11/08/2026","Sales & BD 1","RFP","Sell Direct","SCM","Etimad","SF-2026-2602","0","11/08/2026"
"Osayed Shadid","Saudi Red Crescent Authority","????? ???????? ???????? ?????? ???????? ??????? ????????? ?????? ??? ???????","6-Dropped","11/08/2026","11/08/2026","Sales & BD 1","RFP","Sell Direct","SCM","Etimad","SF-2026-2603","0","11/08/2026"
"Rawan AlMusayid","The Saudi Standards Metrology and Quality Organization","????? ????? ?????? ????? ???????? ????? ?????? ????? ??????? ??????? ????????","6-Dropped","11/08/2026","11/08/2026","Sales & BD 1","RFP","Sell Direct","SCM","Etimad","SF-2026-2604","0","11/08/2026"
"Rawan AlMusayid","Ministry of Economy & Planning","????? ????? ?????? ????? ?????? ???????? ????? ???????? ????????","6-Dropped","11/08/2026","11/08/2026","Sales & BD 1","RFP","Sell Direct","SCM","Etimad","SF-2026-2605","0","11/08/2026"
"Rawan AlMusayid","Economic Cities Authority","????? ????? ?????? ????? ??????? ???????? ??????? ??????? ???? ??????? ??????? ???????? ??? ???????","6-Dropped","11/08/2026","11/08/2026","Sales & BD 1","RFP","Sell Direct","SCM","Etimad","SF-2026-2606","0","11/08/2026"
"Rawan AlMusayid","Small and Medium Enterprises Bank","????? ????? ?????? ?????? ?????? ???? ????? ??????? ????????","6-Dropped","11/08/2026","11/08/2026","Sales & BD 1","RFP","Sell Direct","SCM","Etimad","SF-2026-2607","0","11/08/2026"
"Ali Bin Zeair","Saudi Telecommunications Company-STC Group-EBU","NEOM project OP-2026-164829","4-Submitted - Under Evaluation","29/10/2026","11/08/2026","STC & Sub","RFQ","Sell Through solutions","MPO","Non Etimad","SF-2026-2608","4422477","12/08/2026"
"Ali Bin Zeair","Solutions by stc","TROPICAL HELICOPTER UNDER WATER ESCAPE TRAINING","7-Handover Completed","13/08/2026","11/08/2026","STC & Sub","RFQ","Sell Direct","Facility Management","Non Etimad","SF-2026-2609","18130","12/08/2026"
"Bayan AlOlayan","Remat Al-Riyadh Development Company","Manpower Supply and Workforce Management WO1","7-Handover Completed","30/08/2026","11/08/2026","Sales & BD 2","RFP","Sell Direct","MPO","Non Etimad","SF-2026-2610","6552804","13/08/2026"
"Ali Bin Zeair","Solutions by stc","zoom - Customer Event","4-Submitted - Under Evaluation","31/12/2026","12/08/2026","STC & Sub","RFQ","Sell Direct","Event Management","Non Etimad","SF-2026-2611","25313","13/08/2026"
"Ali Bin Zeair","Solutions by stc","STCSQR-25040","4-Submitted - Under Evaluation","31/12/2026","12/08/2026","STC & Sub","RFQ","Sell Direct","Event Management","Non Etimad","SF-2026-2612","23250","13/08/2026"
"Meshari Aljurbua","TAWAL","STCSQR-25234","4-Submitted - Under Evaluation","17/11/2026","12/08/2026","STC & Sub","RFQ","Sell Through solutions","MPO","Non Etimad","SF-2026-2613","24007","27/08/2026"
"Fajer Alsalloum","Principal Buyer Oil and Gas","Business and Performance Planning Expert","1-Identified","30/09/2026","12/08/2026","Sales & BD 1","RFQ","Sell Direct","MPO","Non Etimad","SF-2026-2614","984000","16/08/2026"
"Abdullah Alfawaz","King Faisal University","????? ????? ?????? ????? ?????? ??????? ?????? ????? ????","6-Dropped","13/08/2026","13/08/2026","Sales & BD 2","RFP","Sell Direct","SCM","Etimad","SF-2026-2615","100000","28/04/2026"
"Abdullah Alfawaz","Islamic University In Medina","????? ?????? ?????? ??????? ?????????? ???????? ?????????","6-Dropped","13/08/2026","13/08/2026","Sales & BD 2","RFP","Sell Direct","MPO","Etimad","SF-2026-2616","200000","13/08/2026"
"Abdullah Alfawaz","Jeddah University","????? ????? ????? ??? ????? ????? ??????","6-Dropped","13/08/2026","13/08/2026","Sales & BD 2","RFP","Sell Direct","SCM","Etimad","SF-2026-2617","150000","24/07/2026"
"Abdullah Alfawaz","King Abdulaziz University","????? ?????? ?????? ???? ????? ????????? ???????? ????????? ??????? ?????? ????? ????? ???? (36) ??? ??????","6-Dropped","13/08/2026","13/08/2026","Sales & BD 2","RFP","Sell Direct","MPO","Etimad","SF-2026-2618","200000","24/07/2026"
"Fajer Alsalloum","National Water Company","Digital Platforms Portfolio","1-Identified","15/11/2026","13/08/2026","Sales & BD 1","RFP","Sell Through solutions","MPO","Non Etimad","SF-2026-2619","9000000","20/08/2026"
"Abdullah Alfawaz","MOI - Prisons","????? ????? ?????? ?????? ???? ?????? ?????? ?????? ( 48/26/71 )","6-Dropped","13/08/2026","13/08/2026","Sales & BD 2","RFP","Sell Direct","MPO","Etimad","SF-2026-2620","200000","06/08/2026"
"Abdullah Alfawaz","Ministry of Interior - Public Security","????? ?????? ????? ????? ????????? ?????? ?????","6-Dropped","13/08/2026","13/08/2026","Sales & BD 2","RFP","Sell Direct","MPO","Etimad","SF-2026-2621","150000","13/08/2026"
"Meshari Aljurbua","Devoteam Company Saudi Limited","Customer Services Center Operations - Devoteam -1320 (Renewal)","4-Submitted - Under Evaluation","30/09/2026","13/08/2026","STC & Sub","RFQ","Sell Direct","MPO","Non Etimad","SF-2026-2622","0","31/08/2026"
"Fajer Alsalloum","Ministry of Energy","OP-2026-165046 ? Technical Support for Digital Services and Operations in the Innovation District","4-Submitted - Under Evaluation","22/11/2026","13/08/2026","Sales & BD 1","RFQ","Sell Through solutions","MPO","Non Etimad","SF-2026-2623","2332248","17/08/2026"
"Abdullah Alfawaz","Prince Sattam bin Abdulaziz University","????? ?????? ??? ????? ????? ?????? ??????????","6-Dropped","13/08/2026","13/08/2026","Sales & BD 2","RFP","Sell Direct","SCM","Etimad","SF-2026-2624","150000","13/08/2026"
"Abdullah Alfawaz","MOI - Prisons","????? ?????? ?????? ?????? ???? ?????? ??????NOC","6-Dropped","13/08/2026","13/08/2026","Sales & BD 2","RFP","Sell Direct","SCM","Etimad","SF-2026-2625","160000","13/08/2026"
"Ali Bin Zeair","Solutions by stc","GP Proposal","2-To Be Qualified","31/12/2026","13/08/2026","STC & Sub","RFQ","Sell Direct","Facility Management","Non Etimad","SF-2026-2626","125560","17/08/2026"
"Abdullah Alfawaz","King Saud University","????? ????? ????? ???????? ?????? ???????","6-Dropped","13/08/2026","13/08/2026","Sales & BD 2","RFP","Sell Direct","MPO","Etimad","SF-2026-2627","160000","12/08/2026"
"Fajer Alsalloum","Saudi Aramco","DMM Warehouse 26","7-Handover Completed","16/08/2026","13/08/2026","Sales & BD 1","RFQ","Sell Through solutions","SCM","Non Etimad","SF-2026-2628","251381","16/08/2026"
"Abdullah Alfawaz","Umm Al-Qura University","????? ????? ????? ????? ??????? ???????? ???????? ERP ????? 2027 ?","6-Dropped","23/08/2026","13/08/2026","Sales & BD 2","RFP","Sell Direct","MPO","Etimad","SF-2026-2629","200000","18/08/2026"
"Mohammad Alajlan","Solutions by stc","Mohammed Ameen (Renwall)","4-Submitted - Under Evaluation","19/11/2026","13/08/2026","STC & Sub","RFQ","Sell Direct","MPO","Non Etimad","SF-2026-2630","981965","19/08/2026"
"Abdullah Alfawaz","Princess Nora bint Abdul Rahman University","????? ????? ??????? ?????????? ??????? ???? ??????? ?????? ??????? ???? ??? ??? ?????? ???? 2026 ?","6-Dropped","13/08/2026","13/08/2026","Sales & BD 2","RFP","Sell Direct","MPO","Etimad","SF-2026-2631","160000","11/08/2026"
"Ali Bin Zeair","Pulse by solutions","Pulse by Solutions (Summer Event)","7-Handover Completed","25/08/2026","13/08/2026","STC & Sub","RFQ","Sell Direct","Event Management","Non Etimad","SF-2026-2632","60632","17/08/2026"
"Fajer Alsalloum","National Energy services company","????? ????? ?????? ???? ????? ?????? ????????","6-Dropped","13/08/2026","13/08/2026","Sales & BD 1","RFP","Sell Direct","MPO","Non Etimad","SF-2026-2633","100000","12/08/2026"
"Abdullah Awleyaa","The National Program for Community Development in the Regions","????? ?????? ???? ???? ??????? ?? ???? ???? ?????? ????? ?????","6-Dropped","09/09/2026","13/08/2026","Sales & BD 1","RFP","Sell Direct","SCM","Etimad","SF-2026-2634","0","12/08/2026"
"Abdullah Alfawaz","Ministry of Culture","????? ????? ?????? ???????? ???????? ?????? ??????? ??????","4-Submitted - Under Evaluation","30/12/2026","13/08/2026","Sales & BD 2","RFP","Sell Direct","MPO","Non Etimad","SF-2026-2635","73888696","16/08/2026"
"Abdullah Awleyaa","Golden Events Entertainment Company one person company","????? ????? ????? ????? ????????? ????????","6-Dropped","16/08/2026","13/08/2026","Sales & BD 1","RFP","Sell Direct","SCM","Etimad","SF-2026-2636","0","29/07/2026"
"Abdullah Awleyaa","Golden Events Entertainment Company one person company","????? ????? ????? ????? ????? ????????","6-Dropped","09/09/2026","13/08/2026","Sales & BD 1","RFP","Sell Direct","SCM","Etimad","SF-2026-2637","1000000","17/08/2026"
"Abdullah Alfawaz","Ministry of Culture","????? ????? ????? ??????? ?????? ????? ????? ??????","6-Dropped","31/08/2026","13/08/2026","Sales & BD 2","RFP","Sell Direct","Facility Management","Non Etimad","SF-2026-2638","500000","28/08/2026"
"Ali Bin Zeair","Solutions by stc","Staging Area PO","6-Dropped","18/08/2026","16/08/2026","STC & Sub","RFQ","Sell Direct","SCM","Non Etimad","SF-2026-2639","96000","18/08/2026"
"Meshari Aljurbua","Center3","Procurement manager calculation","4-Submitted - Under Evaluation","05/11/2026","16/08/2026","STC & Sub","RFQ","Sell Through solutions","SCM","Non Etimad","SF-2026-2640","293541","30/08/2026"
"Bayan AlOlayan","Remat Al-Riyadh Development Company","Manpower Supply and Workforce Management WO 2","4-Submitted - Under Evaluation","30/09/2026","16/08/2026","Sales & BD 2","RFP","Sell Direct","MPO","Non Etimad","SF-2026-2641","2923624","18/08/2026"
"Osayed Shadid","Saudi Railway Company","RFI# 790758 - Customer Contact Center","4-Submitted - Under Evaluation","22/12/2026","16/08/2026","Sales & BD 1","RFI","Sell Direct","CLM","Non Etimad","SF-2026-2642","2765367","23/08/2026"
"Osayed Shadid","Sultan Bin Abdulaziz Humanitarian City","????? ???? ?????? ????? ???????? ??????????? ???????? ?????? ????????? ?????","6-Dropped","18/08/2026","16/08/2026","Sales & BD 1","RFP","Sell Direct","SCM","Etimad","SF-2026-2643","0","17/08/2026"
"Osayed Shadid","Health Holding Company","????? ????? ???? ????????(ACLS-PALS-NRP) ???? ???","6-Dropped","18/08/2026","16/08/2026","Sales & BD 1","RFP","Sell Direct","SCM","Etimad","SF-2026-2644","0","17/08/2026"
"Khalid AlEnezi","Ministry of National Guard","Supply, installation, and repair of fiber-optic cables","6-Dropped","26/08/2026","16/08/2026","Sales & BD 1","RFP","Sell Direct","SCM","Etimad","SF-2026-2645","0","09/04/2026"
"Osayed Shadid","Wareed Health Company","Ramp up the HC by 100 employees for Wareed","4-Submitted - Under Evaluation","30/10/2026","16/08/2026","Sales & BD 1","RFQ","Sell Direct","CLM","Non Etimad","SF-2026-2646","2682360","20/08/2026"
"Khalid AlEnezi","Ministry of National Guard","Activation of BIM platform license subscriptions","6-Dropped","26/08/2026","16/08/2026","Sales & BD 1","RFP","Sell Direct","SCM","Etimad","SF-2026-2647","0","20/08/2026"
"Khalid AlEnezi","Ministry of National Guard","Remote development and programming services, technical support, and subscriptions for the Patient Services application","6-Dropped","26/08/2026","16/08/2026","Sales & BD 1","RFP","Sell Direct","SCM","Etimad","SF-2026-2648","0","20/08/2026"
"Khalid AlEnezi","Ministry of National Guard","Development of the centralized RLDatix incident reporting system, including technical support services","6-Dropped","26/08/2026","16/08/2026","Sales & BD 1","RFP","Sell Direct","SCM","Etimad","SF-2026-2649","0","20/08/2026"
"Khalid AlEnezi","Ministry of National Guard","Licenses for the systems Fatoora (X4Fatoora), Tahseel (X4Tahseel), Sarf (X4Sarf), and Eltizam (X4Eltizam)","6-Dropped","26/08/2026","16/08/2026","Sales & BD 1","RFP","Sell Direct","SCM","Etimad","SF-2026-2650","0","20/08/2026"
"Khalid AlEnezi","Ministry of National Guard","Technical support and maintenance services for backup tape storage libraries at all data centers","6-Dropped","26/08/2026","16/08/2026","Sales & BD 1","RFP","Sell Direct","SCM","Etimad","SF-2026-2651","0","20/08/2026"
"Khalid AlEnezi","Ministry of National Guard","Server licenses, including technical support and maintenance for the Tableau data system","6-Dropped","26/08/2026","16/08/2026","Sales & BD 1","RFP","Sell Direct","SCM","Etimad","SF-2026-2652","0","20/08/2026"
"Khalid AlEnezi","Ministry of National Guard","Patient queue management system, including the supply and installation of self-service kiosks","6-Dropped","26/08/2026","16/08/2026","Sales & BD 1","RFP","Sell Direct","SCM","Etimad","SF-2026-2653","0","20/08/2026"
"Khalid AlEnezi","Ministry of National Guard","Technical support and maintenance services for the equipment of the Unified Health Information Monitoring and Control Ce","6-Dropped","26/08/2026","16/08/2026","Sales & BD 1","RFP","Sell Direct","SCM","Etimad","SF-2026-2654","0","20/08/2026"
"Khalid AlEnezi","Ministry of National Guard","Maintenance, technical support, and operation services for the Medical Imaging Archiving System (PACS)","6-Dropped","26/08/2026","16/08/2026","Sales & BD 1","RFP","Sell Direct","SCM","Etimad","SF-2026-2655","0","20/08/2026"
"Khalid AlEnezi","Ministry of National Guard","Development of the centralized RLDatix incident reporting system, including technical support services","6-Dropped","26/08/2026","16/08/2026","Sales & BD 1","RFP","Sell Direct","SCM","Etimad","SF-2026-2656","0","20/08/2026"
"Khalid AlEnezi","General Authority for Military Industries","English language skills training for 200 trainees from the organization?s personnel.","6-Dropped","19/08/2026","17/08/2026","Sales & BD 1","RFP","Sell Direct","HRO","Etimad","SF-2026-2657","0","17/08/2026"
"Khalid AlEnezi","General Authority for Military Industries","technical services for the IT environment and systems","6-Dropped","19/08/2026","17/08/2026","Sales & BD 1","RFP","Sell Direct","SCM","Etimad","SF-2026-2658","0","17/08/2026"
"Khalid AlEnezi","MOD - Royal Saudi Air Forces (RSAF)","Training of aircrews on flight simulators for VIP aircraft and military aircraft","6-Dropped","26/08/2026","17/08/2026","Sales & BD 1","RFP","Sell Direct","SCM","Etimad","SF-2026-2659","0","20/08/2026"
"Khalid AlEnezi","Royal Protocol","Cybersecurity Operations and Maintenance Project.","6-Dropped","26/08/2026","17/08/2026","Sales & BD 1","RFP","Sell Direct","MPO","Etimad","SF-2026-2660","0","20/08/2026"
"Khalid AlEnezi","Saudi Tourism Authority","Renewal of enterprise architecture tool licenses and technical support","2-To Be Qualified","31/12/2026","17/08/2026","Sales & BD 2","RFP","Sell Direct","SCM","Etimad","SF-2026-2661","0","20/08/2026"
"Khalid AlEnezi","MOD - Armed Forces","Supply of consumable training targets","6-Dropped","26/08/2026","17/08/2026","Sales & BD 1","RFP","Sell Direct","SCM","Etimad","SF-2026-2662","0","20/08/2026"
"Bayan AlOlayan","Ministry of Human Resources & Social Development HRSD","Digital Care Center Operations","2-To Be Qualified","31/12/2026","17/08/2026","Sales & BD 2","RFP","Sell Direct","CLM","Etimad","SF-2026-2663","1000000","28/08/2026"
"Bayan AlOlayan","Ministry of Human Resources & Social Development HRSD","operation and maintenance of e-services for the Community Development Agency.","6-Dropped","07/09/2026","17/08/2026","Sales & BD 2","RFP","Sell Direct","SCM","Etimad","SF-2026-2664","1000000","27/08/2026"
"Bayan AlOlayan","Ministry of Human Resources & Social Development HRSD","Unified Customer Relationship Management (CRM) System Operations Project.","6-Dropped","07/09/2026","17/08/2026","Sales & BD 2","RFP","Sell Direct","CLM","Etimad","SF-2026-2665","1000000","04/09/2026"
"Bayan AlOlayan","Ministry of Human Resources & Social Development HRSD","Platforms and Applications Systems Operations and Maintenance Project.","1-Identified","31/12/2026","17/08/2026","Sales & BD 2","RFP","Sell Direct","SCM","Etimad","SF-2026-2666","1000000","03/09/2026"
"Bayan AlOlayan","Ministry of Human Resources & Social Development HRSD","Digital Trust Operations Project","1-Identified","31/12/2026","17/08/2026","Sales & BD 2","RFP","Sell Direct","SCM","Etimad","SF-2026-2667","1000000","23/08/2026"
"Abdullah Awleyaa","The National Program for Community Development in the Regions","????? ????? ????? ???????? ????? ????????? ???????? ???????? ???????????","6-Dropped","09/09/2026","17/08/2026","Sales & BD 1","RFP","Sell Direct","SCM","Etimad","SF-2026-2668","0","25/04/2026"
"Abdullah Alfawaz","Ministry of Culture","MoC DTO Budgetary estimate","4-Submitted - Under Evaluation","31/10/2026","17/08/2026","Sales & BD 2","RFQ","Sell Through STC","MPO","Non Etimad","SF-2026-2669","370191","27/08/2026"
"Meshari Aljurbua","STC Bank","PO Clearance STC BANK MPO","4-Submitted - Under Evaluation","08/12/2026","17/08/2026","STC & Sub","RFQ","Sell Direct","MPO","Non Etimad","SF-2026-2670","18387777","23/08/2026"
"Bayan AlOlayan","Riyadh infostructure project center","Renewal of the RIPC Committees System licenses and technical support for one year, starting in 2026.","6-Dropped","17/08/2026","17/08/2026","Sales & BD 2","RFP","Sell Direct","CLM","Etimad","SF-2026-2671","0","24/03/2026"
"Bayan AlOlayan","Saudi Human Rights Commission","Renewal of the Cybersecurity Event Records Monitoring Center licenses.","6-Dropped","17/08/2026","17/08/2026","Sales & BD 2","RFP","Sell Direct","CLM","Etimad","SF-2026-2672","0","27/03/2026"
"Bayan AlOlayan","Jizan Municipality","Operation and Maintenance of Computer Systems and the Electronic Portal for Jazan Municipality (Replacement Contract)","6-Dropped","17/08/2026","17/08/2026","Sales & BD 2","RFP","Sell Direct","CLM","Etimad","SF-2026-2673","0","03/05/2026"
"Bayan AlOlayan","Jouf Municipality","Supply and Installation of an IT Service Management System for Al-Jouf Municipality","6-Dropped","17/08/2026","17/08/2026","Sales & BD 2","RFP","Sell Direct","CLM","Etimad","SF-2026-2674","0","01/05/2026"
"Bayan AlOlayan","Saudi Human Rights Commission","Operation and Support of Digital Platforms","6-Dropped","17/08/2026","17/08/2026","Sales & BD 2","RFP","Sell Direct","CLM","Etimad","SF-2026-2675","0","29/05/2026"
"Bayan AlOlayan","General Authority of Endowments","Technical Support Services for Specialized Systems (Transactions, Archiving, Waqfi Platform, and Najiz Platform)","6-Dropped","17/08/2026","17/08/2026","Sales & BD 2","RFP","Sell Direct","CLM","Etimad","SF-2026-2676","0","01/07/2026"
"Bayan AlOlayan","Ministry of Hajj","Development, Operation, and Support of the Strategy Management, Task Management, and Project Management Systems","6-Dropped","17/08/2026","17/08/2026","Sales & BD 2","RFP","Sell Direct","CLM","Etimad","SF-2026-2677","0","08/08/2026"
"Bayan AlOlayan","Qassim Municipality","Operation and Maintenance of the Operations Center at Qassim Municipality","6-Dropped","17/08/2026","17/08/2026","Sales & BD 2","RFP","Sell Direct","CLM","Etimad","SF-2026-2678","0","08/08/2026"
"Bayan AlOlayan","Real Estate Development Fund","Cloud Contact Center Enhancement and Development Project","6-Dropped","17/08/2026","17/08/2026","Sales & BD 2","RFP","Sell Direct","CLM","Etimad","SF-2026-2679","0","15/08/2026"
"Bayan AlOlayan","Real Estate Development Fund","Supply of Technical Support Licenses for Microsoft Systems","6-Dropped","17/08/2026","17/08/2026","Sales & BD 2","RFP","Sell Direct","CLM","Etimad","SF-2026-2680","0","11/08/2026"
"Ali Bin Zeair","Pulse by solutions","PKSA-RFQ-123 - OPP-009740","4-Submitted - Under Evaluation","31/12/2026","18/08/2026","STC & Sub","RFQ","Sell Direct","Facility Management","Non Etimad","SF-2026-2681","706890","25/08/2026"
"Osayed Shadid","Saudi Red Crescent Authority","Operation and maintenance of telecommunications and IT services in the central, eastern, and northern regions","4-Submitted - Under Evaluation","25/11/2026","18/08/2026","Sales & BD 1","RFQ","Sell Through solutions","MPO","Etimad","SF-2026-2682","20964178","17/09/2026"
"Rawan AlMusayid","Ministry of Commerce","MPO - STCSQR-25322","4-Submitted - Under Evaluation","30/11/2026","18/08/2026","Sales & BD 1","RFQ","Sell Through solutions","MPO","Non Etimad","SF-2026-2683","469486","23/08/2026"
"Khalid AlEnezi","General Authority for Military Industries","Local Content","7-Handover Completed","25/08/2026","18/08/2026","Sales & BD 1","RFQ","Sell Through solutions","SCM","Non Etimad","SF-2026-2684","48193","25/08/2026"
"Abdullah Alfawaz","Ministry of Culture","Providing business analysis and project management services","4-Submitted - Under Evaluation","29/11/2026","18/08/2026","Sales & BD 2","RFP","Sell Direct","MPO","Non Etimad","SF-2026-2685","6031049","23/08/2026"
"Khalid AlEnezi","AFC Asian Cup Saudi Arabia 2027 Local Organizing committee","Design And Delivery of Visitor & Fan Care Customer Experience WO2","4-Submitted - Under Evaluation","30/12/2026","18/08/2026","Sales & BD 2","RFQ","Sell Through solutions","CLM","Non Etimad","SF-2026-2686","858609","20/08/2026"
"Abdullah Alfawaz","Umm Al-Qura University","Technical support for Administrative and Financial Resource Management ERP system for year 2027-Umm AlQura University","1-Identified","29/11/2026","19/08/2026","Sales & BD 2","RFP","Sell Direct","MPO","","SF-2026-2687","13000000","03/09/2026"
"Abdulrhman Alshwaier","Saudi Telecommunications Company-STC Group-EBU","Renewal for CAM","7-Handover Completed","15/09/2026","19/08/2026","STC & Sub","RFQ","Sell Through solutions","MPO","Non Etimad","SF-2026-2688","353727","20/08/2026"
"Rawan AlMusayid","Ministry of Environment Water and Agriculture","Command Center -  phase 2","7-Handover Completed","15/09/2026","19/08/2026","Sales & BD 1","RFQ","Sell Through solutions","Facility Management","Non Etimad","SF-2026-2689","7210941","30/08/2026"
"Osayed Shadid","Al-Balaghah Group","D365 Digital Financial & Operations Managed Services","7-Handover Completed","24/08/2026","20/08/2026","Sales & BD 1","RFQ","Sell Direct","F&A","Non Etimad","SF-2026-2690","2640750","24/08/2026"
"Ali Bin Zeair","Solutions by stc","STCSQR-25295","4-Submitted - Under Evaluation","30/10/2026","20/08/2026","STC & Sub","RFQ","Sell Direct","MPO","Non Etimad","SF-2026-2691","790292","03/09/2026"
"Ali Bin Zeair","Pulse by solutions","Saudi National Day Pulse","4-Submitted - Under Evaluation","31/10/2026","20/08/2026","STC & Sub","RFQ","Sell Direct","Event Management","Non Etimad","SF-2026-2692","84000","25/08/2026"
"Abdullah Awleyaa","Rubrik","Facility Phase 1","4-Submitted - Under Evaluation","15/12/2026","20/08/2026","Sales & BD 1","RFP","Sell Direct","Facility Management","Non Etimad","SF-2026-2693","5550313","27/08/2026"
"Khalid AlEnezi","MOD - Armed Forces","Resources for Armed Forces","4-Submitted - Under Evaluation","31/12/2026","22/08/2026","Sales & BD 1","RFQ","Sell Through solutions","MPO","Non Etimad","SF-2026-2694","2514321","27/08/2026"
"Khalid AlEnezi","MOD - Armed Forces","Supply and Provision of Satellite Communication Systems","4-Submitted - Under Evaluation","31/12/2026","22/08/2026","Sales & BD 1","RFQ","Sell Through solutions","MPO","Non Etimad","SF-2026-2695","6000000","27/08/2026"
"Khalid AlEnezi","Presidency of State Security.","Technical Support Services for the contact Center","4-Submitted - Under Evaluation","31/12/2026","22/08/2026","Sales & BD 1","RFQ","Sell Through solutions","CLM","Non Etimad","SF-2026-2696","7188458","27/08/2026"
"Khalid AlEnezi","Decision support center","Managed Services Project","2-To Be Qualified","31/12/2026","22/08/2026","Sales & BD 1","RFQ","Sell Through solutions","MPO","Non Etimad","SF-2026-2697","30000000","27/08/2026"
"Ali Bin Zeair","Solutions by stc","STCSQR-25365","4-Submitted - Under Evaluation","28/10/2026","23/08/2026","STC & Sub","RFQ","Sell Direct","Facility Management","Non Etimad","SF-2026-2698","33082","24/08/2026"
"Mohammad Alajlan","Saudi Telecommunications Company-STC Group-EBU","CX stc 4 recourses","4-Submitted - Under Evaluation","28/10/2026","23/08/2026","STC & Sub","RFQ","Sell Through solutions","MPO","Non Etimad","SF-2026-2699","2541026","27/08/2026"
"Rawan AlMusayid","Ministry of Economy & Planning","MPO -Renewal of Licenses and Technical Support for the Systems and Applications of the Ministry of Economy and Planning.","4-Submitted - Under Evaluation","31/12/2026","23/08/2026","Sales & BD 1","RFQ","Sell Through solutions","MPO","Non Etimad","SF-2026-2700","37060460","27/08/2026"
"Ali Bin Zeair","Solutions by stc","12 Cars - Satellite Field Services","4-Submitted - Under Evaluation","15/10/2026","23/08/2026","STC & Sub","RFQ","Sell Direct","Facility Management","Non Etimad","SF-2026-2701","100000","24/08/2026"
"Meshari Aljurbua","Center3","Data Center - Passive work","1-Identified","23/11/2026","23/08/2026","STC & Sub","RFQ","Sell Through solutions","F&A","Non Etimad","SF-2026-2702","0","31/08/2026"
"Osayed Shadid","Ministry of Health","Innovation Lab Execution","4-Submitted - Under Evaluation","15/11/2026","23/08/2026","Sales & BD 1","RFQ","Sell Through solutions","Facility Management","Non Etimad","SF-2026-2703","3980000","26/08/2026"
"Osayed Shadid","Health Holding Company","R1 - Dental Clinics Call Center","6-Dropped","16/09/2026","23/08/2026","Sales & BD 1","RFI","Sell Direct","CLM","Non Etimad","SF-2026-2705","0","16/09/2026"
"Ali Bin Zeair","Solutions by stc","LEAP ? Shuttle Service Schedule","4-Submitted - Under Evaluation","14/10/2026","23/08/2026","STC & Sub","RFQ","Sell Direct","Facility Management","Etimad","SF-2026-2706","10000","24/08/2026"
"Ali Bin Zeair","Saudi Telecommunications Company-STC Group-EBU","Resources Template","4-Submitted - Under Evaluation","14/10/2026","23/08/2026","STC & Sub","RFQ","Sell Through solutions","MPO","Non Etimad","SF-2026-2707","1415623","25/08/2026"
"Bayan AlOlayan","THIQAH","NCGR Rental building","4-Submitted - Under Evaluation","30/11/2026","23/08/2026","Sales & BD 2","RFP","Sell Direct","Facility Management","Non Etimad","SF-2026-2708","34783528","26/08/2026"
"Abdullah Alfawaz","SELA Company","Crowd Management and Operation Management - STC","4-Submitted - Under Evaluation","22/12/2026","23/08/2026","Sales & BD 2","RFQ","Sell Direct","MPO","Non Etimad","SF-2026-2709","2000000","25/08/2026"
"Abdullah Alfawaz","Bahah Emirates","????? ?????? ????? ?????? ????? ????????? ??????? ?????? (??????? ???????) ?????? ??????? ?????????? ????????","1-Identified","30/11/2026","23/08/2026","Sales & BD 2","RFP","Sell Direct","MPO","Etimad","SF-2026-2710","300000","06/11/2026"
"Abdullah Alfawaz","Entrustment and Liquidation Center - Infath","????? ?????? ???? ???? ?????? ?????? ??????? ????????? ???????? GRC ????????? ???????? ????? ??????? ???????? ?????","1-Identified","30/11/2026","23/08/2026","Sales & BD 2","RFP","Sell Direct","MPO","Etimad","SF-2026-2711","300000","06/11/2026"
"Abdullah Alfawaz","Imam University","????? ????? ????? ?????? ??????? ?????? ??????????? ?????? ????????? ?????????? ??????? ????? ?????? ??? ?????? ?? ????","1-Identified","27/10/2026","23/08/2026","Sales & BD 2","RFP","Sell Direct","MPO","Etimad","SF-2026-2712","320000","04/09/2026"
"Abdullah Alfawaz","Hail Emirates","????? ?????? ???? ????? ?????????","1-Identified","28/11/2026","23/08/2026","Sales & BD 2","RFP","Sell Direct","MPO","Etimad","SF-2026-2713","310000","30/08/2026"
"Abdullah Alfawaz","Ministry of Interior - Special Forces For Environmental Security","????? ??? ??????? ?????? ????? ?????? ??????? ??????? ??????? ???????","1-Identified","29/11/2026","23/08/2026","Sales & BD 2","RFP","Sell Direct","MPO","Etimad","SF-2026-2714","310000","28/08/2026"
"Abdullah Alfawaz","General Directorate of Mujahideen (GDM)","????? ??? ????? ????? ??????? ?????? ??????? ?????? ????????? ???????? ?????? ?????????","1-Identified","23/11/2026","23/08/2026","Sales & BD 2","RFP","Sell Direct","MPO","Etimad","SF-2026-2715","400000","18/08/2026"
"Malak AlSuhaim","SELA Company","Legal Contract Management Platform (SELA)- STC","1-Identified","30/11/2026","23/08/2026","Sales & BD 2","RFP","Sell Direct","CLM","Non Etimad","SF-2026-2716","2000000","25/08/2026"
"Osayed Shadid","General Authority of Civil Aviation","GACA Innovation Lab","4-Submitted - Under Evaluation","23/11/2026","24/08/2026","Sales & BD 1","RFQ","Sell Through solutions","Facility Management","Non Etimad","SF-2026-2717","4180218","30/08/2026"
"Osayed Shadid","Ministry of Industry And Mineral Resources","Event Crowd Management Services","7-Handover Completed","09/09/2026","24/08/2026","Sales & BD 1","RFQ","Sell Through solutions","Event Management","Non Etimad","SF-2026-2718","498974","30/08/2026"
"Fajer Alsalloum","Principal Buyer Oil and Gas","Saudi Procurement & Contracts Specialist","4-Submitted - Under Evaluation","30/11/2026","24/08/2026","Sales & BD 1","RFQ","Sell Direct","MPO","Non Etimad","SF-2026-2719","242964","27/08/2026"
"Fajer Alsalloum","Riyadh Expo 2030 Company","Mini Bid - IT Outsource Managed Services","6-Lost","21/09/2026","24/08/2026","Giga","RFP","Sell Direct","MPO","Non Etimad","SF-2026-2720","4439178","25/08/2026"
"Fajer Alsalloum","SAUDI BASIC INDUSTRIES CO.(SABIC)","RFx  5500808329","4-Submitted - Under Evaluation","13/12/2026","25/08/2026","Sales & BD 1","RFP","Sell Direct","SCM","Non Etimad","SF-2026-2722","860712","27/08/2026"
"Ali Bin Zeair","Solutions by stc","UDC Event","4-Submitted - Under Evaluation","16/10/2026","26/08/2026","STC & Sub","RFQ","Sell Direct","Event Management","Non Etimad","SF-2026-2723","175000","27/08/2026"
"Meshari Aljurbua","iotsquered","iBMS Project Resources","4-Submitted - Under Evaluation","16/11/2026","26/08/2026","STC & Sub","RFQ","Sell Direct","MPO","Non Etimad","SF-2026-2724","3312183","30/08/2026"
"Ali Bin Zeair","Solutions by stc","Quality Assurance Services","7-Handover Completed","31/08/2026","26/08/2026","STC & Sub","RFQ","Sell Direct","F&A","Non Etimad","SF-2026-2725","440000","27/08/2026"
"Ali Bin Zeair","Solutions by stc","F&A Suppourt","7-Handover Completed","27/08/2026","26/08/2026","STC & Sub","RFQ","Sell Direct","F&A","Non Etimad","SF-2026-2726","209360","27/08/2026"
"Ali Bin Zeair","Solutions by stc","STCSQR-25005","4-Submitted - Under Evaluation","16/10/2026","26/08/2026","STC & Sub","RFQ","Sell Direct","Facility Management","Non Etimad","SF-2026-2727","1901250","06/09/2026"
"Ali Bin Zeair","Pulse by solutions","PKSA-RFQ-153","4-Submitted - Under Evaluation","19/11/2026","26/08/2026","STC & Sub","RFQ","Sell Direct","MPO","Non Etimad","SF-2026-2728","422118","02/09/2026"
"Ali Bin Zeair","Solutions by stc","STCSQR-25266 Programming Day 2026","4-Submitted - Under Evaluation","23/10/2026","26/08/2026","STC & Sub","RFQ","Sell Direct","Event Management","Non Etimad","SF-2026-2729","59775","02/09/2026"
"Ali Bin Zeair","Pulse by solutions","PKSA-RFQ-162 - FEP | KSA Onsite Resource | DevOps","4-Submitted - Under Evaluation","27/11/2026","26/08/2026","STC & Sub","RFQ","Sell Direct","MPO","Non Etimad","SF-2026-2730","471073","05/09/2026"
"Ali Bin Zeair","Saudi Telecommunications Company-STC Group-EBU","STC - Modernizing core infrastructure for efficiency and scale","4-Submitted - Under Evaluation","30/10/2026","26/08/2026","STC & Sub","RFQ","Sell Direct","F&A","Non Etimad","SF-2026-2731","1498173","02/09/2026"
"Fajer Alsalloum","Saudi Aramco","Aramco WH Services 26","6-Won","30/08/2026","27/08/2026","Sales & BD 1","RFQ","Sell Through solutions","SCM","Non Etimad","SF-2026-2732","127749","30/08/2026"
"Fajer Alsalloum","National Water Company","SAM","2-To Be Qualified","27/12/2026","30/08/2026","Sales & BD 1","RFP","Sell Direct","Facility Management","Non Etimad","SF-2026-2733","30000000","17/09/2026"
"Fajer Alsalloum","National Water Company","Social Media and Event Management","1-Identified","30/12/2026","30/08/2026","Sales & BD 1","RFP","Sell Direct","Event Management","Non Etimad","SF-2026-2734","4000000","29/11/2026"
"Fajer Alsalloum","Principal Buyer Oil and Gas","Cybersecurity Specialist 1","4-Submitted - Under Evaluation","31/10/2026","30/08/2026","Sales & BD 1","RFQ","Sell Direct","MPO","Non Etimad","SF-2026-2735","132000","02/09/2026"
"Fajer Alsalloum","Principal Buyer Oil and Gas","Cybersecurity Specialist 2","4-Submitted - Under Evaluation","29/10/2026","30/08/2026","Sales & BD 1","RFQ","Sell Direct","MPO","Non Etimad","SF-2026-2736","132000","03/09/2026"
"Meshari Aljurbua","Devoteam Company Saudi Limited","BPM Consultant Contracting (renewal)","4-Submitted - Under Evaluation","10/11/2026","30/08/2026","STC & Sub","RFQ","Sell Direct","MPO","Non Etimad","SF-2026-2737","513969","13/09/2026"
"Rawan AlMusayid","Saudi Credit Bank","????? ??????? ??????? ??????? ???????","6-Dropped","01/09/2026","30/08/2026","Sales & BD 1","RFP","Sell Direct","Event Management","Etimad","SF-2026-2741","0","30/08/2026"
"Rawan AlMusayid","Government Expenditure and Project Efficiency Authority","????? ?????? ???? ????? ???? ??? ???????? ???? ????","6-Dropped","01/09/2026","30/08/2026","Sales & BD 1","RFP","Sell Direct","Facility Management","Etimad","SF-2026-2742","0","30/08/2026"
"Abdulrhman Alshwaier","Saudi Telecommunications Company-STC Group-EBU","2026 Consultancy Budget - Infra","7-Handover Completed","01/09/2026","30/08/2026","STC & Sub","RFQ","Sell Direct","MPO","Non Etimad","SF-2026-2743","7000000","30/08/2026"
"Rawan AlMusayid","Digital Government Authority","CR Amer","2-To Be Qualified","30/12/2026","30/08/2026","Sales & BD 1","RFQ","Sell Through solutions","CLM","Non Etimad","SF-2026-2744","1400000","30/08/2026"
"Rawan AlMusayid","Digital Government Authority","CR (Design and Operation of the Government Digital Content Excellence Unit)","2-To Be Qualified","30/12/2026","30/08/2026","Sales & BD 1","RFQ","Sell Through solutions","Event Management","Non Etimad","SF-2026-2745","2065217","30/08/2026"
"Mohammad Alajlan","Solutions by stc","Senior SCM consultant","4-Submitted - Under Evaluation","01/11/2026","30/08/2026","STC & Sub","RFQ","Sell Direct","SCM","Non Etimad","SF-2026-2746","689661","31/08/2026"
"Fajer Alsalloum","Saudi Aramco","System Engineer","1-Identified","30/11/2026","30/08/2026","Sales & BD 1","RFQ","Sell Through solutions","MPO","Non Etimad","SF-2026-2747","250000","03/09/2026"
"Fajer Alsalloum","Mukamalah - Aloula Aviation","IT ASSETS LEASE_OP-2026-165383","4-Submitted - Under Evaluation","13/12/2026","30/08/2026","Sales & BD 1","RFQ","Sell Through solutions","MPO","Non Etimad","SF-2026-2748","3585498","09/09/2026"
"Fajer Alsalloum","Ministry of Energy","MoE Voice Agent","2-To Be Qualified","20/12/2026","30/08/2026","Sales & BD 1","RFI","Sell Direct","CLM","Non Etimad","SF-2026-2749","3500000","03/09/2026"
"Osayed Shadid","Saudi Post","Warehousing Managment","1-Identified","31/12/2026","30/08/2026","Sales & BD 1","RFI","Sell Direct","SCM","Non Etimad","SF-2026-2750","0","31/12/2026"
"Osayed Shadid","The National Unified Procurement Company","fulfillment and logistics managed-services","1-Identified","31/12/2026","30/08/2026","Sales & BD 1","RFI","Sell Direct","SCM","Non Etimad","SF-2026-2751","0","31/12/2026"
"Osayed Shadid","Jahez","CLM opportunities","1-Identified","31/12/2026","30/08/2026","Sales & BD 1","RFI","Sell Direct","CLM","Non Etimad","SF-2026-2752","0","31/12/2026"
"Osayed Shadid","Roads General Authority","inspection-as-a-service model","1-Identified","31/12/2026","30/08/2026","Sales & BD 1","RFI","Sell Direct","SCM","Non Etimad","SF-2026-2753","0","31/12/2026"
"Bayan AlOlayan","National Real Estate Registration Service Company","OUTSOURCING FRAMEWORK AGREEMENT","4-Submitted - Under Evaluation","30/11/2026","30/08/2026","Sales & BD 2","RFP","Sell Direct","MPO","Non Etimad","SF-2026-2754","0","03/09/2026"
"Bayan AlOlayan","Remat Al-Riyadh Development Company","Manpower Supply and Workforce Management WO2","4-Submitted - Under Evaluation","30/09/2026","31/08/2026","Sales & BD 2","RFQ","Sell Direct","MPO","Non Etimad","SF-2026-2755","3222450","31/08/2026"
"Bayan AlOlayan","Remat Al-Riyadh Development Company","Manpower Supply and Workforce Management WO3","4-Submitted - Under Evaluation","30/09/2026","31/08/2026","Sales & BD 2","RFQ","Sell Direct","MPO","Non Etimad","SF-2026-2756","84209","31/08/2026"
"Abdulrhman Alshwaier","Saudi Telecommunications Company-STC Group-EBU","Captive project ITP CAM","4-Submitted - Under Evaluation","10/12/2026","01/09/2026","STC & Sub","RFQ","Sell Through solutions","HRO","Non Etimad","SF-2026-2757","1887200","02/09/2026"
"Abdulrhman Alshwaier","Saudi Telecommunications Company-STC Group-EBU","Renewal for Corp","4-Submitted - Under Evaluation","10/12/2026","01/09/2026","STC & Sub","RFQ","Sell Through solutions","MPO","Non Etimad","SF-2026-2758","991335","02/09/2026"
"Abdulrhman Alshwaier","Saudi Telecommunications Company-STC Group-EBU","Renewal for Fus","4-Submitted - Under Evaluation","10/12/2026","01/09/2026","STC & Sub","RFQ","Sell Through solutions","MPO","Non Etimad","SF-2026-2759","1014590","02/09/2026"
"Ali Bin Zeair","Solutions by stc","STCSQR-25233","6-Dropped","01/09/2026","01/09/2026","STC & Sub","RFQ","Sell Direct","SCM","Non Etimad","SF-2026-2760","689661","31/08/2026"
"Bayan AlOlayan","Human Resources Development Funds","Managed Services for the Support and Operations of the General Department of Information Technology","4-Submitted - Under Evaluation","30/12/2026","01/09/2026","Sales & BD 2","RFQ","Sell Through solutions","MPO","Non Etimad","SF-2026-2761","61657671","02/09/2026"
"Bayan AlOlayan","Ministry of Human Resources & Social Development HRSD","Call Center Management and Operations Project","4-Submitted - Under Evaluation","30/12/2026","01/09/2026","Sales & BD 2","RFP","Sell Direct","CLM","Etimad","SF-2026-2762","28631284","13/09/2026"
"Ali Bin Zeair","Solutions by stc","Saudi National Day 96","4-Submitted - Under Evaluation","11/12/2026","02/09/2026","STC & Sub","RFQ","Sell Direct","Event Management","Non Etimad","SF-2026-2763","434292","08/09/2026"
"Osayed Shadid","Capital Metro Company - CAMCO","Capital Metro Company l RFP for Saudi national day event","4-Submitted - Under Evaluation","16/12/2026","02/09/2026","Sales & BD 1","RFP","Sell Direct","Event Management","Non Etimad","SF-2026-2764","954596","07/09/2026"
"Rawan AlMusayid","Ministry of Environment Water and Agriculture","Renewal 1 MPO","4-Submitted - Under Evaluation","30/11/2026","02/09/2026","Sales & BD 1","RFQ","Sell Through solutions","MPO","Non Etimad","SF-2026-2765","118129","06/09/2026"
"Ali Bin Zeair","Saudi Telecommunications Company-STC Group-EBU","F&A CONTROL Support","3-Qualified In Progress","29/09/2026","02/09/2026","STC & Sub","RFQ","Sell Direct","F&A","Non Etimad","SF-2026-2767","290000","10/10/2026"
"Ali Bin Zeair","Saudi Telecommunications Company-STC Group-EBU","Quality Assurance Services II","3-Qualified In Progress","30/09/2026","02/09/2026","STC & Sub","RFQ","Sell Direct","F&A","Non Etimad","SF-2026-2768","15230000","10/10/2026"
"Ali Bin Zeair","Saudi Telecommunications Company-STC Group-EBU","MCN network operations","3-Qualified In Progress","29/09/2026","02/09/2026","STC & Sub","RFQ","Sell Through solutions","F&A","Non Etimad","SF-2026-2769","2340000","10/10/2026"
"Ali Bin Zeair","Solutions by stc","STCSQR-24955","4-Submitted - Under Evaluation","29/09/2026","02/09/2026","STC & Sub","RFQ","Sell Direct","F&A","Non Etimad","SF-2026-2770","2843203","07/09/2026"
"Fajer Alsalloum","Saudi Aramco","STCSQR-25371","3-Qualified In Progress","27/12/2026","02/09/2026","Sales & BD 1","RFQ","Sell Through solutions","Facility Management","Non Etimad","SF-2026-2771","267000","20/09/2026"
"Ali Bin Zeair","Solutions by stc","Cloud MS","7-Handover Completed","03/09/2026","02/09/2026","STC & Sub","RFQ","Sell Direct","F&A","Non Etimad","SF-2026-2772","11115901","02/09/2026"
"Meshari Aljurbua","Center3","OP-2026-162789 - Dammam DC - Up-Source MPO","7-Handover Completed","03/09/2026","03/09/2026","STC & Sub","RFQ","Sell Through solutions","Facility Management","Non Etimad","SF-2026-2774","15000000","02/09/2026"
"Abdullah Alfawaz","SDAIA - National Information Center","Systems' Migration","4-Submitted - Under Evaluation","30/12/2026","03/09/2026","Sales & BD 2","RFP","Sell Through solutions","MPO","Non Etimad","SF-2026-2775","17994319","10/09/2026"
"Fajer Alsalloum","Saudi Aramco","Software Developer","4-Submitted - Under Evaluation","30/11/2026","06/09/2026","Sales & BD 1","RFQ","Sell Through solutions","MPO","Non Etimad","SF-2026-2776","309829","09/09/2026"
"Fajer Alsalloum","Principal Buyer Oil and Gas","Mahdi Baker Extension","4-Submitted - Under Evaluation","30/11/2026","06/09/2026","Sales & BD 1","RFQ","Sell Direct","MPO","Non Etimad","SF-2026-2777","51388","10/09/2026"
"Khalid AlEnezi","General Authority for Military Industries","Muneer Service License","7-Handover Completed","07/09/2026","06/09/2026","Sales & BD 1","RFQ","Sell Through solutions","SCM","Non Etimad","SF-2026-2778","46386","06/09/2026"
"Bayan AlOlayan","General Organization for Social Insurance","Provision of Debt Collection Resources","3-Qualified In Progress","30/11/2026","06/09/2026","Sales & BD 2","RFP","Sell Through solutions","F&A","Non Etimad","SF-2026-2779","2000000","07/09/2026"
"Fajer Alsalloum","National Water Company","NWC #1708 COC","4-Submitted - Under Evaluation","31/10/2026","06/09/2026","Sales & BD 1","RFQ","Sell Through solutions","MPO","Non Etimad","SF-2026-2780","26850947","13/09/2026"
"Meshari Aljurbua","SCCC","Outsourced Customer support Operations Management","4-Submitted - Under Evaluation","30/11/2026","07/09/2026","STC & Sub","RFP","Sell Direct","MPO","Non Etimad","SF-2026-2781","2020084","08/09/2026"
"Meshari Aljurbua","Center3","Procurement ms data center","7-Handover Completed","08/09/2026","07/09/2026","STC & Sub","RFQ","Sell Through solutions","SCM","Non Etimad","SF-2026-2782","293541","07/09/2026"
"Fajer Alsalloum","SAUDI BASIC INDUSTRIES CO.(SABIC)","6th Batch WOs","7-Handover Completed","07/09/2026","07/09/2026","Sales & BD 1","RFQ","Sell Direct","MPO","Non Etimad","SF-2026-2783","2373484","01/09/2026"
"Fajer Alsalloum","Saudi Aramco","System Engineer - Ishaq","4-Submitted - Under Evaluation","31/10/2026","07/09/2026","Sales & BD 1","RFQ","Sell Through solutions","MPO","Non Etimad","SF-2026-2784","261422","13/09/2026"
"Osayed Shadid","Ministry of Health","infra/cloud operations and support","4-Submitted - Under Evaluation","15/11/2026","07/09/2026","Sales & BD 1","RFQ","Sell Through solutions","MPO","Non Etimad","SF-2026-2785","2981186","10/09/2026"
"Abdulrhman Alshwaier","Saudi Telecommunications Company-STC Group-EBU","Renewal for 1602","4-Submitted - Under Evaluation","31/12/2026","07/09/2026","STC & Sub","RFQ","Sell Through solutions","MPO","Non Etimad","SF-2026-2786","1375071","09/09/2026"
"Abdullah Awleyaa","Intyx Systems Company","Workspace Rental","4-Submitted - Under Evaluation","15/12/2026","07/09/2026","Sales & BD 1","RFP","Sell Direct","Facility Management","Non Etimad","SF-2026-2787","110000","15/09/2026"
"Abdullah Awleyaa","Taqasi Company","Office Rent","4-Submitted - Under Evaluation","15/12/2026","07/09/2026","Sales & BD 1","RFP","Sell Direct","Facility Management","Non Etimad","SF-2026-2788","80000","15/09/2026"
"Khalid AlEnezi","Ministry of Defense ? Executive Affairs","Logistics Services MOD","7-Handover Completed","09/09/2026","07/09/2026","Sales & BD 1","RFQ","Sell Through solutions","SCM","Non Etimad","SF-2026-2789","1422487","10/09/2026"
"Ali Bin Zeair","Solutions by stc","Cisco Executive Round Table - Event","4-Submitted - Under Evaluation","11/12/2026","08/09/2026","STC & Sub","RFQ","Sell Direct","Event Management","Non Etimad","SF-2026-2790","21563","10/09/2026"
"Abdulrhman Alshwaier","Saudi Telecommunications Company-STC Group-EBU","Renewal for 1183","4-Submitted - Under Evaluation","30/11/2026","08/09/2026","STC & Sub","RFQ","Sell Through solutions","MPO","Non Etimad","SF-2026-2791","2829157","09/09/2026"
"Abdulrhman Alshwaier","Saudi Telecommunications Company-STC Group-EBU","Renewal for Tech","4-Submitted - Under Evaluation","29/10/2026","08/09/2026","STC & Sub","RFQ","Sell Through solutions","MPO","Non Etimad","SF-2026-2792","14463741","08/09/2026"
"Bayan AlOlayan","Real Estate General Authority","MPO","1-Identified","30/12/2026","08/09/2026","Sales & BD 2","RFI","Sell Direct","MPO","","SF-2026-2793","1000000","30/11/2026"
"Bayan AlOlayan","Bawani","MPO","1-Identified","30/12/2026","08/09/2026","Sales & BD 2","RFI","Sell Direct","MPO","Non Etimad","SF-2026-2794","1000000","30/11/2026"
"Rawan AlMusayid","Communications, Space and Technology Commission - CST","Contact Center","3-Qualified In Progress","31/12/2026","09/09/2026","Sales & BD 1","RFP","Sell Direct","MPO","Non Etimad","SF-2026-2795","50000000","26/09/2026"
"Meshari Aljurbua","Center3","Makkah DC WPS","6-Won","16/09/2026","09/09/2026","STC & Sub","RFQ","Sell Through solutions","Facility Management","Non Etimad","SF-2026-2796","700000","13/09/2026"
"Fajer Alsalloum","Diriyah Gate Development Authority","Implementing Digital Employee Hub - MPO - DGCL","4-Submitted - Under Evaluation","30/11/2026","09/09/2026","Giga","RFQ","Sell Through solutions","MPO","Non Etimad","SF-2026-2797","689728","20/09/2026"
"Mohammad Alajlan","Solutions by stc","Cloud Adoption Specialist - STCS-MPO-STCSQR-19542-Solutions 1526","4-Submitted - Under Evaluation","29/12/2026","09/09/2026","STC & Sub","RFQ","Sell Direct","MPO","Non Etimad","SF-2026-2798","737953","13/09/2026"
"Mohammad Alajlan","Solutions by stc","F&A Services","6-Dropped","14/09/2026","10/09/2026","STC & Sub","RFQ","Sell Direct","F&A","Non Etimad","SF-2026-2799","4000000","13/09/2026"
"Khalid AlEnezi","Ministry of Defense - Medical Services","Resources Public Administration of Health Services Project","4-Submitted - Under Evaluation","31/10/2026","10/09/2026","Sales & BD 1","RFQ","Sell Through solutions","MPO","Non Etimad","SF-2026-2800","1279274","10/09/2026"
"Abdulrhman Alshwaier","Saudi Telecommunications Company-STC Group-EBU","Renewal for 1165","4-Submitted - Under Evaluation","30/10/2026","10/09/2026","STC & Sub","RFQ","Sell Through solutions","MPO","Non Etimad","SF-2026-2801","461160","13/09/2026"
"Khalid AlEnezi","General Authority for Military Industries","Unified AI System","4-Submitted - Under Evaluation","31/12/2026","10/09/2026","Sales & BD 1","RFI","Sell Through solutions","MPO","Non Etimad","SF-2026-2802","1950993","10/09/2026"
"Osayed Shadid","Saudi Red Crescent Authority","??????? ???????? ????????? ??????? ?????????? ?????? ????? ????????? ?????? ??????? ?????????","6-Dropped","13/09/2026","10/09/2026","Sales & BD 1","RFP","Sell Direct","SCM","Etimad","SF-2026-2803","0","10/09/2026"
"Osayed Shadid","Insurance Authority","????? ????? ????? ????? ????? ???? ??? (CRM) ????? ???????","6-Dropped","13/09/2026","10/09/2026","Sales & BD 1","RFP","Sell Direct","SCM","Etimad","SF-2026-2804","0","10/09/2026"
"Osayed Shadid","Health Holding Company","????? ???? ????? ????????? ?????? ?? ?????? K2 ??????? ??? ????? ???? ??????? Perinatal Training Program","6-Dropped","13/09/2026","10/09/2026","Sales & BD 1","RFP","Sell Direct","SCM","Etimad","SF-2026-2805","0","10/09/2026"
"Abdulrhman Alshwaier","Saudi Telecommunications Company-STC Group-EBU","AI&DS - EBU BAU Q1 2025","4-Submitted - Under Evaluation","25/11/2026","13/09/2026","STC & Sub","RFQ","Sell Through solutions","MPO","Non Etimad","SF-2026-2806","167579","14/09/2026"
"Abdulrhman Alshwaier","Saudi Telecommunications Company-STC Group-EBU","EBU BAU H1","4-Submitted - Under Evaluation","25/11/2026","13/09/2026","STC & Sub","RFQ","Sell Through solutions","MPO","Non Etimad","SF-2026-2807","1274148","14/09/2026"
"Abdulrhman Alshwaier","Saudi Telecommunications Company-STC Group-EBU","Single sign on - Mystc Analytics MPA","4-Submitted - Under Evaluation","25/11/2026","13/09/2026","STC & Sub","RFQ","Sell Through solutions","MPO","Non Etimad","SF-2026-2808","233959","14/09/2026"
"Abdulrhman Alshwaier","Saudi Telecommunications Company-STC Group-EBU","Renewal for 1183","4-Submitted - Under Evaluation","25/11/2026","13/09/2026","STC & Sub","RFQ","Sell Through solutions","MPO","Non Etimad","SF-2026-2809","74136","14/09/2026"
"Abdulrhman Alshwaier","Saudi Telecommunications Company-STC Group-EBU","Renewal for 1183","4-Submitted - Under Evaluation","25/11/2026","13/09/2026","STC & Sub","RFQ","Sell Through solutions","MPO","Non Etimad","SF-2026-2810","28988","14/09/2026"
"Abdulrhman Alshwaier","Saudi Telecommunications Company-STC Group-EBU","Supporting amount for 1183","4-Submitted - Under Evaluation","25/11/2026","13/09/2026","STC & Sub","RFQ","Sell Through solutions","MPO","Non Etimad","SF-2026-2811","236431","14/09/2026"
"Abdulrhman Alshwaier","Saudi Telecommunications Company-STC Group-EBU","Supporting amount for 1183 Part 2","4-Submitted - Under Evaluation","25/11/2026","13/09/2026","STC & Sub","RFQ","Sell Through solutions","MPO","Non Etimad","SF-2026-2812","395608","14/09/2026"
"Rawan AlMusayid","Ministry of Investment","MPO - Maintenance of the CCTV System, Access Control System, and Audio System","1-Identified","31/12/2026","13/09/2026","Sales & BD 1","RFQ","Sell Through solutions","MPO","Non Etimad","SF-2026-2813","0","17/09/2026"
"Meshari Aljurbua","iotsquered","(DT Powered by iBMS and Sustainability) Is Open for Responding","4-Submitted - Under Evaluation","13/12/2026","13/09/2026","STC & Sub","RFP","Sell Direct","MPO","Non Etimad","SF-2026-2814","1540462","15/09/2026"
"Khalid AlEnezi","Ministry of Defense ? Executive Affairs","C4I Framework Agreement","3-Qualified In Progress","31/12/2026","13/09/2026","Sales & BD 1","RFQ","Sell Through solutions","MPO","Non Etimad","SF-2026-2815","5000000","17/09/2026"
"Mohammad Alajlan","Solutions by stc","1 recourse stcs manpower","4-Submitted - Under Evaluation","30/11/2026","14/09/2026","STC & Sub","RFQ","Sell Direct","MPO","Non Etimad","SF-2026-2816","348392","16/09/2026"
"Ali Bin Zeair","Saudi Telecommunications Company-STC Group-EBU","OP-2026-165085","6-Won","21/09/2026","14/09/2026","STC & Sub","RFQ","Sell Through solutions","MPO","Non Etimad","SF-2026-2817","1143678","21/09/2026"
"Osayed Shadid","Misk Charity Foundation","MISK Smart City - IT SUPPORT ENGINEER","4-Submitted - Under Evaluation","11/10/2026","14/09/2026","Sales & BD 1","RFQ","Sell Through solutions","MPO","Non Etimad","SF-2026-2818","184483","17/09/2026"
"Rawan AlMusayid","Shared Services Program","Renewal - Applications and Systems Technology Consultant","4-Submitted - Under Evaluation","13/12/2026","14/09/2026","Sales & BD 1","RFQ","Sell Through solutions","MPO","Non Etimad","SF-2026-2819","1857011","17/09/2026"
"Malak AlSuhaim","Ministry of Culture","????? ????? ????? ????????? ???? ????????? (ITSM and AppSupport) ?????? ???????","3-Qualified In Progress","27/09/2026","14/09/2026","Sales & BD 2","RFP","Sell Direct","MPO","Non Etimad","SF-2026-2820","13000000","16/09/2026"
"Ali Bin Zeair","Saudi Telecommunications Company-STC Group-EBU","OP-2026-162537 - CSDM Excellence BAU 2026 Services","4-Submitted - Under Evaluation","31/10/2026","15/09/2026","STC & Sub","RFQ","Sell Through solutions","MPO","Non Etimad","SF-2026-2821","38586957","16/09/2026"
"Ali Bin Zeair","Pulse by solutions","RFQ - Office supplies","3-Qualified In Progress","09/12/2026","15/09/2026","STC & Sub","RFQ","Sell Direct","SCM","","SF-2026-2822","11660","21/09/2026"
"Mohammad Alajlan","Solutions by stc","Wholesale project","4-Submitted - Under Evaluation","30/11/2026","15/09/2026","STC & Sub","RFQ","Sell Direct","MPO","Non Etimad","SF-2026-2823","3941000","16/09/2026"
"Fajer Alsalloum","Ministry of Energy","MOE | MPO for Technical Support","2-To Be Qualified","20/12/2026","15/09/2026","Sales & BD 1","RFP","Sell Through solutions","MPO","Etimad","SF-2026-2824","250000","27/09/2026"
"Ali Bin Zeair","Pulse by solutions","HSE Manpower Service Providers","4-Submitted - Under Evaluation","16/12/2026","15/09/2026","STC & Sub","RFQ","Sell Direct","MPO","Non Etimad","SF-2026-2825","93750","21/09/2026"
"Osayed Shadid","Public Health Authority - Weqaya","Infrastructure Operation and Maintenance Project - ????? ????? ?????? ?????? ???????","3-Qualified In Progress","28/12/2026","15/09/2026","Sales & BD 1","RFQ","Sell Through solutions","MPO","Etimad","SF-2026-2826","8000000","15/10/2026"
"Ali Bin Zeair","Solutions by stc","VSAT Freight Shipping Services","3-Qualified In Progress","10/12/2026","15/09/2026","STC & Sub","RFQ","Sell Direct","SCM","","SF-2026-2827","411444","17/09/2026"
"Meshari Aljurbua","iotsquered","Digital Twin & iBMS","4-Submitted - Under Evaluation","14/12/2026","15/09/2026","STC & Sub","RFP","Sell Direct","MPO","Non Etimad","SF-2026-2828","249987","17/09/2026"
"Rawan AlMusayid","Ministry of Economy & Planning","????? ????? ?????? ???????? ????????","6-Dropped","15/09/2026","15/09/2026","Sales & BD 1","RFP","Sell Direct","SCM","Etimad","SF-2026-2829","0","15/09/2026"
"Fajer Alsalloum","National Water Company","NWC | Facility | Rental of a double-cabin pickup vehicles","4-Submitted - Under Evaluation","30/11/2026","15/09/2026","Sales & BD 1","RFQ","Sell Through Pulse","Facility Management","Non Etimad","SF-2026-2834","122070","20/09/2026"
"Khalid AlEnezi","Presidency of State Security.","Network Monitoring Operation and Technical Support Project under PSS","3-Qualified In Progress","31/12/2026","15/09/2026","Sales & BD 1","RFP","Sell Direct","MPO","Etimad","SF-2026-2835","1000000","11/10/2026"
"Khalid AlEnezi","Ministry of Defense ? Executive Affairs","New RFQ ? Resource Business Trips","3-Qualified In Progress","31/12/2026","15/09/2026","Sales & BD 1","RFQ","Sell Through solutions","SCM","Non Etimad","SF-2026-2836","712800","17/09/2026"
"Khalid AlEnezi","Ministry of National Guard","National Day Event","6-Dropped","20/09/2026","15/09/2026","Sales & BD 1","RFQ","Sell Through solutions","Event Management","Non Etimad","SF-2026-2837","700000","20/09/2026"
"Malak AlSuhaim","Ministry of Culture","MoC Websites Support and Enhancement Services 2026","1-Identified","28/09/2026","15/09/2026","Sales & BD 2","RFP","Sell Direct","MPO","","SF-2026-2838","9000000","28/09/2026"
"Abdulrhman Alshwaier","Saudi Telecommunications Company-STC Group-EBU","Group Clarity Program (SSOT) ITP Wallet","1-Identified","14/10/2026","16/09/2026","STC & Sub","RFQ","Sell Direct","MPO","Non Etimad","SF-2026-2840","3118500","17/09/2026"
"Osayed Shadid","Ministry of Industry And Mineral Resources","Event Crowd Management Services - 2","4-Submitted - Under Evaluation","07/10/2026","16/09/2026","Sales & BD 1","RFQ","Sell Through solutions","Event Management","Non Etimad","SF-2026-2841","498974","20/09/2026"
"Rawan AlMusayid","National Center For Privatization","Network Incident Management","3-Qualified In Progress","31/12/2026","16/09/2026","Sales & BD 1","RFQ","Sell Through solutions","MPO","","SF-2026-2842","1800000","30/09/2026"
"Osayed Shadid","Ministry of Health","STCSQR-24433 - Vmware Architecture","4-Submitted - Under Evaluation","18/10/2026","16/09/2026","Sales & BD 1","RFQ","Sell Through solutions","MPO","Non Etimad","SF-2026-2843","1219989","20/09/2026"
"Fajer Alsalloum","Principal Buyer Oil and Gas","Business and Performance Planning Sr. Specialist","4-Submitted - Under Evaluation","30/11/2026","16/09/2026","Sales & BD 1","RFQ","Sell Direct","MPO","Non Etimad","SF-2026-2844","528000","30/09/2026"
"Abdullah Awleyaa","GreySkies","GreySkies - Manpower","1-Identified","15/12/2026","16/09/2026","Sales & BD 1","RFP","Sell Direct","MPO","","SF-2026-2845","400000","17/09/2026"
"Khalid AlEnezi","Ministry of Defense - Medical Services","Maintenance and Operation for MODHS Eastern Province","2-To Be Qualified","31/12/2026","16/09/2026","Sales & BD 1","RFI","Sell Direct","SCM","Non Etimad","SF-2026-2847","1000000","15/11/2026"
"Malak AlSuhaim","Ministry of Culture","Managed Services of Technical Operations","1-Identified","30/09/2026","16/09/2026","Sales & BD 2","RFP","Sell Direct","MPO","Non Etimad","SF-2026-2848","20000000","17/09/2026"
"Malak AlSuhaim","Ministry of Culture","Operation of the Royal Arts Complex and Its Affiliated Cultural Assets","1-Identified","20/10/2026","16/09/2026","Sales & BD 2","RFP","Sell Through solutions","MPO","","SF-2026-2849","400000000","20/10/2026"
"Abdullah Alfawaz","National Center For Government Resources System","MS renewal WO 20","1-Identified","30/09/2026","17/09/2026","Sales & BD 2","RFP","Sell Through solutions","Facility Management","","SF-2026-2850","874620","10/09/2026"
"Abdullah Alfawaz","National Center For Government Resources System","MS renewal WO 19","1-Identified","30/09/2026","17/09/2026","Sales & BD 2","RFP","Sell Through solutions","Facility Management","","SF-2026-2851","2167136","10/09/2026"
"Malak AlSuhaim","Ministry of Sport","Organization and Operation of the Saudi Cup 2027 Evening","3-Qualified In Progress","27/09/2026","19/09/2026","Sales & BD 2","RFP","Sell Direct","Event Management","Non Etimad","SF-2026-2852","10000000","27/09/2026"
"Malak AlSuhaim","Ministry of Sport","Security Gaps Managed Services","1-Identified","30/11/2026","19/09/2026","Sales & BD 2","RFQ","Sell Direct","MPO","Non Etimad","SF-2026-2853","16000000","20/09/2026"
"Mohammad Alajlan","Solutions by stc","MPO IT Support","3-Qualified In Progress","29/10/2026","20/09/2026","STC & Sub","RFQ","Sell Direct","MPO","Non Etimad","SF-2026-2854","7000000","22/09/2026"
"Fajer Alsalloum","Principal Buyer Oil and Gas","MPO | ALI ALBEHAIRY | PB","4-Submitted - Under Evaluation","20/12/2026","20/09/2026","Sales & BD 1","RFQ","Sell Direct","MPO","Non Etimad","SF-2026-2855","0","27/09/2026"
"Rawan AlMusayid","ARAB NATIONAL BANK","Application Support","2-To Be Qualified","30/11/2026","20/09/2026","Sales & BD 1","RFQ","Sell Direct","MPO","Non Etimad","SF-2026-2856","800000","30/09/2026"
"Fajer Alsalloum","Saudi Aramco","WH REV JUN& AUG","3-Qualified In Progress","30/09/2026","20/09/2026","Sales & BD 1","RFQ","Sell Through solutions","SCM","Non Etimad","SF-2026-2857","0","24/09/2026"
"Khalid AlEnezi","Ministry of National Guard","Managed Services for the Data Center and Its Components","3-Qualified In Progress","31/12/2026","20/09/2026","Sales & BD 1","RFQ","Sell Through solutions","MPO","Non Etimad","SF-2026-2858","3000000","27/09/2026"
"Meshari Aljurbua","sirar by stc","Partner Relationship Management System - OP-2026-165557","1-Identified","29/12/2026","21/09/2026","STC & Sub","RFQ","Sell Through solutions","SCM","Non Etimad","SF-2026-2859","1020000","30/09/2026"
"Rawan AlMusayid","Shared Services Program","Microsoft 365 E5","3-Qualified In Progress","31/12/2026","21/09/2026","Sales & BD 1","RFQ","Sell Through solutions","MPO","","SF-2026-2860","500000","27/09/2026"
"Saad Algadhi","Ministry of Justice","Providing core licenses and managed services for the unified call center","3-Qualified In Progress","30/11/2026","21/09/2026","Sales & BD 2","RFP","Sell Direct","CLM","Etimad","SF-2026-2861","1000000","01/10/2026"
"Osayed Shadid","Saudi Motorsport","Annual Call Center for SMC, JCC,SAMF","2-To Be Qualified","22/11/2026","21/09/2026","Sales & BD 1","RFP","Sell Direct","CLM","Non Etimad","SF-2026-2864","0","30/09/2026"
